ISO-10303-21;
HEADER;
FILE_DESCRIPTION((''),'2;1');
FILE_NAME('case_model_newbase', '2026-04-26T16:59:23', (''), (''), 'ImageToStl.com STEP Converter','', '');
FILE_SCHEMA(('AUTOMOTIVE_DESIGN_CC2'));
ENDSEC;
DATA;
#1=PRODUCT_DEFINITION_CONTEXT('',#4,'design');
#2=APPLICATION_PROTOCOL_DEFINITION('INTERNATIONAL STANDARD','automotive_design',1994,#4);
#3=(GEOMETRIC_REPRESENTATION_CONTEXT(3)GLOBAL_UNCERTAINTY_ASSIGNED_CONTEXT((#5))GLOBAL_UNIT_ASSIGNED_CONTEXT((#6,#7,#8))REPRESENTATION_CONTEXT('NONE','WORKSPACE'));
#4=APPLICATION_CONTEXT(' ');
#5=UNCERTAINTY_MEASURE_WITH_UNIT(LENGTH_MEASURE(1.0E-006),#6,'','');
#6=(CONVERSION_BASED_UNIT('METRE',#10)LENGTH_UNIT()NAMED_UNIT(#11));
#7=(NAMED_UNIT(#12)PLANE_ANGLE_UNIT()SI_UNIT($,.RADIAN.));
#8=(NAMED_UNIT(#12)SOLID_ANGLE_UNIT()SI_UNIT($,.STERADIAN.));
#9=AXIS2_PLACEMENT_3D('',#14,#15,#16);
#10=LENGTH_MEASURE_WITH_UNIT(LENGTH_MEASURE(1.0),#17);
#11=DIMENSIONAL_EXPONENTS(1.0,0.0,0.0,0.0,0.0,0.0,0.0);
#12=DIMENSIONAL_EXPONENTS(0.0,0.0,0.0,0.0,0.0,0.0,0.0);
#13=PRODUCT_CONTEXT('',#4,'mechanical');
#14=CARTESIAN_POINT('',(0.0,0.0,0.0));
#15=DIRECTION('',(0.0,0.0,1.0));
#16=DIRECTION('',(1.0,0.0,0.0));
#17=(NAMED_UNIT(#11)LENGTH_UNIT()SI_UNIT(.MILLI.,.METRE.));
#18=PRESENTATION_STYLE_ASSIGNMENT((#19));
#19=SURFACE_STYLE_USAGE(.BOTH.,#20);
#20=SURFACE_SIDE_STYLE('',(#21));
#21=SURFACE_STYLE_FILL_AREA(#22);
#22=FILL_AREA_STYLE('',(#23));
#23=FILL_AREA_STYLE_COLOUR('',#24);
#24=COLOUR_RGB('',0.85,0.85,0.85);
#25=SHAPE_DEFINITION_REPRESENTATION(#26,#27);
#26=PRODUCT_DEFINITION_SHAPE('productshape0','',#30);
#27=MANIFOLD_SURFACE_SHAPE_REPRESENTATION('',(#28,#9),#3);
#28=SHELL_BASED_SURFACE_MODEL('shell0',(#33));
#29=PRODUCT('product0','','',(#13));
#30=PRODUCT_DEFINITION('mesh0','',#31,#2);
#31=PRODUCT_DEFINITION_FORMATION_WITH_SPECIFIED_SOURCE('prodsource0','',#29,.NOT_KNOWN.);
#32=STYLED_ITEM('',(#18),#33);
#33=CLOSED_SHELL('',(#614,#636,#658,#680,#702,#724,#746,#768,#790,#812,#834,#856,#878,#900,#922,#944,#966,#988,#1010,#1032,#1054,#1076,#1098,#1120,#1142,#1164,#1186,#1208,#1230,#1252,#1274,#1296,#1318,#1340,#1362,#1384,#1406,#1428,#1450,#1472,#1494,#1516,#1538,#1560,#1582,#1604,#1626,#1648,#1670,#1692,#1714,#1736,#1758,#1780,#1802,#1824,#1846,#1868,#1890,#1912,#1934,#1956,#1978,#2000,#2022,#2044,#2066,#2088,#2110,#2132,#2154,#2176,#2198,#2220,#2242,#2264,#2286,#2308,#2330,#2352,#2374,#2396,#2418,#2440,#2462,#2484,#2506,#2528,#2550,#2572,#2594,#2616,#2638,#2660,#2682,#2704,#2726,#2748,#2770,#2792,#2814,#2836,#2858,#2880,#2902,#2924,#2946,#2968,#2990,#3012,#3034,#3056,#3078,#3100,#3122,#3144,#3166,#3188,#3210,#3232,#3254,#3276,#3298,#3320,#3342,#3364,#3386,#3408,#3430,#3452,#3474,#3496,#3518,#3540,#3562,#3584,#3606,#3628,#3650,#3672,#3694,#3716,#3738,#3760,#3782,#3804,#3826,#3848,#3870,#3892,#3914,#3936,#3958,#3980,#4002,#4024,#4046,#4068,#4090,#4112,#4134,#4156,#4178,#4200,#4222,#4244,#4266,#4288,#4310,#4332,#4354,#4376,#4398,#4420,#4442,#4464,#4486,#4508,#4530,#4552,#4574,#4596,#4618,#4640,#4662,#4684,#4706,#4728,#4750,#4772,#4794,#4816,#4838,#4860,#4882,#4904,#4926,#4948,#4970,#4992,#5014,#5036,#5058,#5080,#5102,#5124,#5146,#5168,#5190,#5212,#5234,#5256,#5278,#5300,#5322,#5344,#5366,#5388,#5410,#5432,#5454,#5476,#5498,#5520,#5542,#5564,#5586,#5608,#5630,#5652,#5674,#5696,#5718,#5740,#5762,#5784,#5806,#5828,#5850,#5872,#5894,#5916,#5938,#5960,#5982,#6004,#6026,#6048,#6070,#6092,#6114,#6136,#6158,#6180,#6202,#6224,#6246,#6268,#6290,#6312,#6334,#6356,#6378,#6400,#6422,#6444,#6466,#6488,#6510,#6532,#6554,#6576,#6598,#6620,#6642,#6664,#6686,#6708,#6730,#6752,#6774,#6796,#6818,#6840,#6862,#6884,#6906,#6928,#6950,#6972,#6994,#7016,#7038,#7060,#7082,#7104,#7126,#7148,#7170,#7192,#7214,#7236,#7258,#7280,#7302,#7324,#7346,#7368,#7390,#7412,#7434,#7456,#7478,#7500,#7522,#7544,#7566,#7588,#7610,#7632,#7654,#7676,#7698,#7720,#7742,#7764,#7786,#7808,#7830,#7852,#7874,#7896,#7918,#7940,#7962,#7984,#8006,#8028,#8050,#8072,#8094,#8116,#8138,#8160,#8182,#8204,#8226,#8248,#8270,#8292,#8314,#8336,#8358,#8380,#8402,#8424,#8446,#8468,#8490,#8512,#8534,#8556,#8578,#8600,#8622,#8644,#8666,#8688,#8710,#8732,#8754,#8776,#8798,#8820,#8842,#8864,#8886,#8908,#8930,#8952,#8974,#8996,#9018,#9040,#9062,#9084,#9106,#9128,#9150,#9172,#9194,#9216,#9238,#9260,#9282,#9304,#9326,#9348,#9370,#9392,#9414,#9436,#9458,#9480,#9502,#9524,#9546,#9568,#9590,#9612,#9634,#9656,#9678,#9700,#9722,#9744,#9766,#9788,#9810,#9832,#9854,#9876,#9898,#9920,#9942,#9964,#9986,#10008,#10030,#10052,#10074,#10096,#10118,#10140,#10162,#10184,#10206,#10228,#10250,#10272,#10294,#10316,#10338,#10360,#10382,#10404,#10426,#10448,#10470,#10492,#10514,#10536,#10558,#10580,#10602,#10624,#10646,#10668,#10690,#10712,#10734,#10756,#10778,#10800,#10822,#10844,#10866,#10888,#10910,#10932,#10954,#10976,#10998,#11020,#11042,#11064,#11086,#11108,#11130,#11152,#11174,#11196,#11218,#11240,#11262,#11284,#11306,#11328,#11350,#11372,#11394,#11416,#11438,#11460,#11482,#11504,#11526,#11548,#11570,#11592,#11614,#11636,#11658,#11680,#11702,#11724,#11746,#11768,#11790,#11812,#11834,#11856,#11878,#11900,#11922,#11944,#11966,#11988,#12010,#12032,#12054,#12076,#12098,#12120,#12142,#12164,#12186,#12208,#12230,#12252,#12274,#12296,#12318,#12340,#12362,#12384,#12406,#12428,#12450,#12472,#12494,#12516,#12538,#12560,#12582,#12604,#12626,#12648,#12670,#12692,#12714,#12736,#12758,#12780,#12802,#12824,#12846,#12868,#12890,#12912,#12934,#12956,#12978,#13000,#13022,#13044,#13066,#13088,#13110,#13132,#13154,#13176,#13198,#13220,#13242,#13264,#13286,#13308,#13330,#13352));
#34=CARTESIAN_POINT('',(-41.5885009765625,-55.66250228881836,-2.8818695545196533));
#35=VERTEX_POINT('',#34);
#36=CARTESIAN_POINT('',(-41.5885009765625,-55.66250228881836,7.497129917144775));
#37=VERTEX_POINT('',#36);
#38=CARTESIAN_POINT('',(-41.5885009765625,55.66250228881836,7.497129917144775));
#39=VERTEX_POINT('',#38);
#40=CARTESIAN_POINT('',(-41.5885009765625,55.66250228881836,-2.8818695545196533));
#41=VERTEX_POINT('',#40);
#42=CARTESIAN_POINT('',(-19.513010025024414,55.66250228881836,1.6907585859298706));
#43=VERTEX_POINT('',#42);
#44=CARTESIAN_POINT('',(-29.85393714904785,55.66250228881836,1.6907585859298706));
#45=VERTEX_POINT('',#44);
#46=CARTESIAN_POINT('',(41.5885009765625,55.66250228881836,7.497129917144775));
#47=VERTEX_POINT('',#46);
#48=CARTESIAN_POINT('',(41.5885009765625,55.66250228881836,-2.8818695545196533));
#49=VERTEX_POINT('',#48);
#50=CARTESIAN_POINT('',(-29.85393714904785,55.66250228881836,-2.574631690979004));
#51=VERTEX_POINT('',#50);
#52=CARTESIAN_POINT('',(-19.513010025024414,55.66250228881836,-2.574631690979004));
#53=VERTEX_POINT('',#52);
#54=CARTESIAN_POINT('',(41.5885009765625,-55.66250228881836,7.497129917144775));
#55=VERTEX_POINT('',#54);
#56=CARTESIAN_POINT('',(41.5885009765625,-55.66250228881836,-2.8818695545196533));
#57=VERTEX_POINT('',#56);
#58=CARTESIAN_POINT('',(35.90367126464844,-49.67655944824219,7.497129917144775));
#59=VERTEX_POINT('',#58);
#60=CARTESIAN_POINT('',(35.981136322021484,-49.61298370361328,7.497129917144775));
#61=VERTEX_POINT('',#60);
#62=CARTESIAN_POINT('',(35.070003509521484,-48.630001068115234,7.497129917144775));
#63=VERTEX_POINT('',#62);
#64=CARTESIAN_POINT('',(-35.070003509521484,-48.630001068115234,7.497129917144775));
#65=VERTEX_POINT('',#64);
#66=CARTESIAN_POINT('',(-35.82731246948242,-49.447025299072266,7.497129917144775));
#67=VERTEX_POINT('',#66);
#68=CARTESIAN_POINT('',(-35.54762649536133,-49.67655944824219,7.497129917144775));
#69=VERTEX_POINT('',#68);
#70=CARTESIAN_POINT('',(35.54032516479492,-50.119300842285156,7.497129917144775));
#71=VERTEX_POINT('',#70);
#72=CARTESIAN_POINT('',(35.270328521728516,-50.62442398071289,7.497129917144775));
#73=VERTEX_POINT('',#72);
#74=CARTESIAN_POINT('',(-35.18427658081055,-50.119300842285156,7.497129917144775));
#75=VERTEX_POINT('',#74);
#76=CARTESIAN_POINT('',(-34.914283752441406,-50.62442398071289,7.497129917144775));
#77=VERTEX_POINT('',#76);
#78=CARTESIAN_POINT('',(35.10407257080078,-51.17251205444336,7.497129917144775));
#79=VERTEX_POINT('',#78);
#80=CARTESIAN_POINT('',(35.04793167114258,-51.74250030517578,7.497129917144775));
#81=VERTEX_POINT('',#80);
#82=CARTESIAN_POINT('',(-34.748023986816406,-51.17251205444336,7.497129917144775));
#83=VERTEX_POINT('',#82);
#84=CARTESIAN_POINT('',(-34.69188690185547,-51.74250030517578,7.497129917144775));
#85=VERTEX_POINT('',#84);
#86=CARTESIAN_POINT('',(-34.748023986816406,-52.3124885559082,7.497129917144775));
#87=VERTEX_POINT('',#86);
#88=CARTESIAN_POINT('',(35.10407257080078,-52.3124885559082,7.497129917144775));
#89=VERTEX_POINT('',#88);
#90=CARTESIAN_POINT('',(-34.914283752441406,-52.86058044433594,7.497129917144775));
#91=VERTEX_POINT('',#90);
#92=CARTESIAN_POINT('',(35.270328521728516,-52.86058044433594,7.497129917144775));
#93=VERTEX_POINT('',#92);
#94=CARTESIAN_POINT('',(-35.18427658081055,-53.365699768066406,7.497129917144775));
#95=VERTEX_POINT('',#94);
#96=CARTESIAN_POINT('',(35.54032516479492,-53.365699768066406,7.497129917144775));
#97=VERTEX_POINT('',#96);
#98=CARTESIAN_POINT('',(-35.54762649536133,-53.80843734741211,7.497129917144775));
#99=VERTEX_POINT('',#98);
#100=CARTESIAN_POINT('',(35.90367126464844,-53.80843734741211,7.497129917144775));
#101=VERTEX_POINT('',#100);
#102=CARTESIAN_POINT('',(-35.99036407470703,-54.171791076660156,7.497129917144775));
#103=VERTEX_POINT('',#102);
#104=CARTESIAN_POINT('',(36.346412658691406,-54.171791076660156,7.497129917144775));
#105=VERTEX_POINT('',#104);
#106=CARTESIAN_POINT('',(-36.4954833984375,-54.44178009033203,7.497129917144775));
#107=VERTEX_POINT('',#106);
#108=CARTESIAN_POINT('',(36.851531982421875,-54.44178009033203,7.497129917144775));
#109=VERTEX_POINT('',#108);
#110=CARTESIAN_POINT('',(-37.04357147216797,-54.608036041259766,7.497129917144775));
#111=VERTEX_POINT('',#110);
#112=CARTESIAN_POINT('',(37.399620056152344,-54.608036041259766,7.497129917144775));
#113=VERTEX_POINT('',#112);
#114=CARTESIAN_POINT('',(-37.61356735229492,-54.664180755615234,7.497129917144775));
#115=VERTEX_POINT('',#114);
#116=CARTESIAN_POINT('',(37.9696159362793,-54.664180755615234,7.497129917144775));
#117=VERTEX_POINT('',#116);
#118=CARTESIAN_POINT('',(39.94149398803711,-53.8856201171875,7.497129917144775));
#119=VERTEX_POINT('',#118);
#120=CARTESIAN_POINT('',(39.592803955078125,-54.171791076660156,7.497129917144775));
#121=VERTEX_POINT('',#120);
#122=CARTESIAN_POINT('',(-39.67950439453125,-53.80843734741211,7.497129917144775));
#123=VERTEX_POINT('',#122);
#124=CARTESIAN_POINT('',(-39.76893615722656,-53.699466705322266,7.497129917144775));
#125=VERTEX_POINT('',#124);
#126=CARTESIAN_POINT('',(-39.23676681518555,-54.171791076660156,7.497129917144775));
#127=VERTEX_POINT('',#126);
#128=CARTESIAN_POINT('',(39.08768844604492,-54.44178009033203,7.497129917144775));
#129=VERTEX_POINT('',#128);
#130=CARTESIAN_POINT('',(38.53960418701172,-54.608036041259766,7.497129917144775));
#131=VERTEX_POINT('',#130);
#132=CARTESIAN_POINT('',(-38.73164749145508,-54.44178009033203,7.497129917144775));
#133=VERTEX_POINT('',#132);
#134=CARTESIAN_POINT('',(-38.18355941772461,-54.608036041259766,7.497129917144775));
#135=VERTEX_POINT('',#134);
#136=CARTESIAN_POINT('',(-35.99036407470703,-49.31321334838867,7.497129917144775));
#137=VERTEX_POINT('',#136);
#138=CARTESIAN_POINT('',(-35.070003509521484,48.630001068115234,7.497129917144775));
#139=VERTEX_POINT('',#138);
#140=CARTESIAN_POINT('',(-35.54762649536133,49.391666412353516,7.497129917144775));
#141=VERTEX_POINT('',#140);
#142=CARTESIAN_POINT('',(-35.99036407470703,49.028316497802734,7.497129917144775));
#143=VERTEX_POINT('',#142);
#144=CARTESIAN_POINT('',(-36.4954833984375,-49.043216705322266,7.497129917144775));
#145=VERTEX_POINT('',#144);
#146=CARTESIAN_POINT('',(-37.04357147216797,-48.87696075439453,7.497129917144775));
#147=VERTEX_POINT('',#146);
#148=CARTESIAN_POINT('',(-36.4954833984375,48.758323669433594,7.497129917144775));
#149=VERTEX_POINT('',#148);
#150=CARTESIAN_POINT('',(-37.04357147216797,48.592063903808594,7.497129917144775));
#151=VERTEX_POINT('',#150);
#152=CARTESIAN_POINT('',(-37.61356735229492,-48.820823669433594,7.497129917144775));
#153=VERTEX_POINT('',#152);
#154=CARTESIAN_POINT('',(-37.61356735229492,48.53592300415039,7.497129917144775));
#155=VERTEX_POINT('',#154);
#156=CARTESIAN_POINT('',(-38.18355941772461,-48.87696075439453,7.497129917144775));
#157=VERTEX_POINT('',#156);
#158=CARTESIAN_POINT('',(-38.18355941772461,48.592063903808594,7.497129917144775));
#159=VERTEX_POINT('',#158);
#160=CARTESIAN_POINT('',(-38.73164749145508,-49.043216705322266,7.497129917144775));
#161=VERTEX_POINT('',#160);
#162=CARTESIAN_POINT('',(-38.73164749145508,48.758323669433594,7.497129917144775));
#163=VERTEX_POINT('',#162);
#164=CARTESIAN_POINT('',(-39.23676681518555,-49.31321334838867,7.497129917144775));
#165=VERTEX_POINT('',#164);
#166=CARTESIAN_POINT('',(-39.23676681518555,49.028316497802734,7.497129917144775));
#167=VERTEX_POINT('',#166);
#168=CARTESIAN_POINT('',(-39.67950439453125,-49.67655944824219,7.497129917144775));
#169=VERTEX_POINT('',#168);
#170=CARTESIAN_POINT('',(-39.67950439453125,49.391666412353516,7.497129917144775));
#171=VERTEX_POINT('',#170);
#172=CARTESIAN_POINT('',(-40.04285430908203,-50.119300842285156,7.497129917144775));
#173=VERTEX_POINT('',#172);
#174=CARTESIAN_POINT('',(-40.04285430908203,49.83440399169922,7.497129917144775));
#175=VERTEX_POINT('',#174);
#176=CARTESIAN_POINT('',(-40.31284713745117,-50.62442398071289,7.497129917144775));
#177=VERTEX_POINT('',#176);
#178=CARTESIAN_POINT('',(-40.31284713745117,50.33952331542969,7.497129917144775));
#179=VERTEX_POINT('',#178);
#180=CARTESIAN_POINT('',(-40.47910690307617,-51.17251205444336,7.497129917144775));
#181=VERTEX_POINT('',#180);
#182=CARTESIAN_POINT('',(-40.47910690307617,50.88761520385742,7.497129917144775));
#183=VERTEX_POINT('',#182);
#184=CARTESIAN_POINT('',(-40.53524398803711,-51.74250030517578,7.497129917144775));
#185=VERTEX_POINT('',#184);
#186=CARTESIAN_POINT('',(-40.53524398803711,51.45760726928711,7.497129917144775));
#187=VERTEX_POINT('',#186);
#188=CARTESIAN_POINT('',(-40.04285430908203,53.08080291748047,7.497129917144775));
#189=VERTEX_POINT('',#188);
#190=CARTESIAN_POINT('',(-39.836700439453125,53.332000732421875,7.497129917144775));
#191=VERTEX_POINT('',#190);
#192=CARTESIAN_POINT('',(-40.04285430908203,-53.365699768066406,7.497129917144775));
#193=VERTEX_POINT('',#192);
#194=CARTESIAN_POINT('',(-40.31284713745117,-52.86058044433594,7.497129917144775));
#195=VERTEX_POINT('',#194);
#196=CARTESIAN_POINT('',(-40.31284713745117,52.57568359375,7.497129917144775));
#197=VERTEX_POINT('',#196);
#198=CARTESIAN_POINT('',(-40.47910690307617,52.0275993347168,7.497129917144775));
#199=VERTEX_POINT('',#198);
#200=CARTESIAN_POINT('',(-40.47910690307617,-52.3124885559082,7.497129917144775));
#201=VERTEX_POINT('',#200);
#202=CARTESIAN_POINT('',(-35.18427658081055,49.83440399169922,7.497129917144775));
#203=VERTEX_POINT('',#202);
#204=CARTESIAN_POINT('',(35.070003509521484,48.630001068115234,7.497129917144775));
#205=VERTEX_POINT('',#204);
#206=CARTESIAN_POINT('',(35.6975212097168,49.642860412597656,7.497129917144775));
#207=VERTEX_POINT('',#206);
#208=CARTESIAN_POINT('',(35.54032516479492,49.83440399169922,7.497129917144775));
#209=VERTEX_POINT('',#208);
#210=CARTESIAN_POINT('',(-34.914283752441406,50.33952331542969,7.497129917144775));
#211=VERTEX_POINT('',#210);
#212=CARTESIAN_POINT('',(-34.748023986816406,50.88761520385742,7.497129917144775));
#213=VERTEX_POINT('',#212);
#214=CARTESIAN_POINT('',(35.270328521728516,50.33952331542969,7.497129917144775));
#215=VERTEX_POINT('',#214);
#216=CARTESIAN_POINT('',(35.10407257080078,50.88761520385742,7.497129917144775));
#217=VERTEX_POINT('',#216);
#218=CARTESIAN_POINT('',(35.04793167114258,51.45760726928711,7.497129917144775));
#219=VERTEX_POINT('',#218);
#220=CARTESIAN_POINT('',(-34.69188690185547,51.45760726928711,7.497129917144775));
#221=VERTEX_POINT('',#220);
#222=CARTESIAN_POINT('',(35.10407257080078,52.0275993347168,7.497129917144775));
#223=VERTEX_POINT('',#222);
#224=CARTESIAN_POINT('',(-34.748023986816406,52.0275993347168,7.497129917144775));
#225=VERTEX_POINT('',#224);
#226=CARTESIAN_POINT('',(35.270328521728516,52.57568359375,7.497129917144775));
#227=VERTEX_POINT('',#226);
#228=CARTESIAN_POINT('',(-34.914283752441406,52.57568359375,7.497129917144775));
#229=VERTEX_POINT('',#228);
#230=CARTESIAN_POINT('',(35.54032516479492,53.08080291748047,7.497129917144775));
#231=VERTEX_POINT('',#230);
#232=CARTESIAN_POINT('',(-35.18427658081055,53.08080291748047,7.497129917144775));
#233=VERTEX_POINT('',#232);
#234=CARTESIAN_POINT('',(35.90367126464844,53.52354431152344,7.497129917144775));
#235=VERTEX_POINT('',#234);
#236=CARTESIAN_POINT('',(-35.54762649536133,53.52354431152344,7.497129917144775));
#237=VERTEX_POINT('',#236);
#238=CARTESIAN_POINT('',(36.346412658691406,53.88689422607422,7.497129917144775));
#239=VERTEX_POINT('',#238);
#240=CARTESIAN_POINT('',(-35.99036407470703,53.88689422607422,7.497129917144775));
#241=VERTEX_POINT('',#240);
#242=CARTESIAN_POINT('',(36.851531982421875,54.156883239746094,7.497129917144775));
#243=VERTEX_POINT('',#242);
#244=CARTESIAN_POINT('',(-36.4954833984375,54.156883239746094,7.497129917144775));
#245=VERTEX_POINT('',#244);
#246=CARTESIAN_POINT('',(37.399620056152344,54.323143005371094,7.497129917144775));
#247=VERTEX_POINT('',#246);
#248=CARTESIAN_POINT('',(-37.04357147216797,54.323143005371094,7.497129917144775));
#249=VERTEX_POINT('',#248);
#250=CARTESIAN_POINT('',(37.9696159362793,54.3792839050293,7.497129917144775));
#251=VERTEX_POINT('',#250);
#252=CARTESIAN_POINT('',(-37.61356735229492,54.3792839050293,7.497129917144775));
#253=VERTEX_POINT('',#252);
#254=CARTESIAN_POINT('',(-39.67950439453125,53.52354431152344,7.497129917144775));
#255=VERTEX_POINT('',#254);
#256=CARTESIAN_POINT('',(39.592803955078125,53.88689422607422,7.497129917144775));
#257=VERTEX_POINT('',#256);
#258=CARTESIAN_POINT('',(40.03554916381836,53.52354431152344,7.497129917144775));
#259=VERTEX_POINT('',#258);
#260=CARTESIAN_POINT('',(39.08768844604492,54.156883239746094,7.497129917144775));
#261=VERTEX_POINT('',#260);
#262=CARTESIAN_POINT('',(-39.23676681518555,53.88689422607422,7.497129917144775));
#263=VERTEX_POINT('',#262);
#264=CARTESIAN_POINT('',(-38.73164749145508,54.156883239746094,7.497129917144775));
#265=VERTEX_POINT('',#264);
#266=CARTESIAN_POINT('',(38.53960418701172,54.323143005371094,7.497129917144775));
#267=VERTEX_POINT('',#266);
#268=CARTESIAN_POINT('',(-38.18355941772461,54.323143005371094,7.497129917144775));
#269=VERTEX_POINT('',#268);
#270=CARTESIAN_POINT('',(35.90367126464844,49.391666412353516,7.497129917144775));
#271=VERTEX_POINT('',#270);
#272=CARTESIAN_POINT('',(36.346412658691406,-49.31321334838867,7.497129917144775));
#273=VERTEX_POINT('',#272);
#274=CARTESIAN_POINT('',(36.346412658691406,49.028316497802734,7.497129917144775));
#275=VERTEX_POINT('',#274);
#276=CARTESIAN_POINT('',(36.851531982421875,48.758323669433594,7.497129917144775));
#277=VERTEX_POINT('',#276);
#278=CARTESIAN_POINT('',(36.851531982421875,-49.043216705322266,7.497129917144775));
#279=VERTEX_POINT('',#278);
#280=CARTESIAN_POINT('',(37.399620056152344,-48.87696075439453,7.497129917144775));
#281=VERTEX_POINT('',#280);
#282=CARTESIAN_POINT('',(37.399620056152344,48.592063903808594,7.497129917144775));
#283=VERTEX_POINT('',#282);
#284=CARTESIAN_POINT('',(37.9696159362793,48.53592300415039,7.497129917144775));
#285=VERTEX_POINT('',#284);
#286=CARTESIAN_POINT('',(37.9696159362793,-48.820823669433594,7.497129917144775));
#287=VERTEX_POINT('',#286);
#288=CARTESIAN_POINT('',(38.53960418701172,-48.87696075439453,7.497129917144775));
#289=VERTEX_POINT('',#288);
#290=CARTESIAN_POINT('',(39.08768844604492,-49.043216705322266,7.497129917144775));
#291=VERTEX_POINT('',#290);
#292=CARTESIAN_POINT('',(38.53960418701172,48.592063903808594,7.497129917144775));
#293=VERTEX_POINT('',#292);
#294=CARTESIAN_POINT('',(39.592803955078125,-49.31321334838867,7.497129917144775));
#295=VERTEX_POINT('',#294);
#296=CARTESIAN_POINT('',(39.08768844604492,48.758323669433594,7.497129917144775));
#297=VERTEX_POINT('',#296);
#298=CARTESIAN_POINT('',(40.03554916381836,-49.67655944824219,7.497129917144775));
#299=VERTEX_POINT('',#298);
#300=CARTESIAN_POINT('',(39.592803955078125,49.028316497802734,7.497129917144775));
#301=VERTEX_POINT('',#300);
#302=CARTESIAN_POINT('',(40.398902893066406,-50.119300842285156,7.497129917144775));
#303=VERTEX_POINT('',#302);
#304=CARTESIAN_POINT('',(40.03554916381836,49.391666412353516,7.497129917144775));
#305=VERTEX_POINT('',#304);
#306=CARTESIAN_POINT('',(40.668888092041016,-50.62442398071289,7.497129917144775));
#307=VERTEX_POINT('',#306);
#308=CARTESIAN_POINT('',(40.398902893066406,49.83440399169922,7.497129917144775));
#309=VERTEX_POINT('',#308);
#310=CARTESIAN_POINT('',(40.835147857666016,-51.17251205444336,7.497129917144775));
#311=VERTEX_POINT('',#310);
#312=CARTESIAN_POINT('',(40.668888092041016,50.33952331542969,7.497129917144775));
#313=VERTEX_POINT('',#312);
#314=CARTESIAN_POINT('',(40.89128875732422,-51.74250030517578,7.497129917144775));
#315=VERTEX_POINT('',#314);
#316=CARTESIAN_POINT('',(40.835147857666016,50.88761520385742,7.497129917144775));
#317=VERTEX_POINT('',#316);
#318=CARTESIAN_POINT('',(40.89128875732422,51.45760726928711,7.497129917144775));
#319=VERTEX_POINT('',#318);
#320=CARTESIAN_POINT('',(40.03554916381836,-53.80843734741211,7.497129917144775));
#321=VERTEX_POINT('',#320);
#322=CARTESIAN_POINT('',(40.398902893066406,53.08080291748047,7.497129917144775));
#323=VERTEX_POINT('',#322);
#324=CARTESIAN_POINT('',(40.668888092041016,52.57568359375,7.497129917144775));
#325=VERTEX_POINT('',#324);
#326=CARTESIAN_POINT('',(40.398902893066406,-53.365699768066406,7.497129917144775));
#327=VERTEX_POINT('',#326);
#328=CARTESIAN_POINT('',(40.668888092041016,-52.86058044433594,7.497129917144775));
#329=VERTEX_POINT('',#328);
#330=CARTESIAN_POINT('',(40.835147857666016,52.0275993347168,7.497129917144775));
#331=VERTEX_POINT('',#330);
#332=CARTESIAN_POINT('',(40.835147857666016,-52.3124885559082,7.497129917144775));
#333=VERTEX_POINT('',#332);
#334=CARTESIAN_POINT('',(-35.070003509521484,-48.630001068115234,-1.6923693418502808));
#335=VERTEX_POINT('',#334);
#336=CARTESIAN_POINT('',(-35.070003509521484,48.630001068115234,-1.6923693418502808));
#337=VERTEX_POINT('',#336);
#338=CARTESIAN_POINT('',(-19.513010025024414,48.630001068115234,-1.6923693418502808));
#339=VERTEX_POINT('',#338);
#340=CARTESIAN_POINT('',(35.070003509521484,48.630001068115234,-1.6923693418502808));
#341=VERTEX_POINT('',#340);
#342=CARTESIAN_POINT('',(-29.85393714904785,48.630001068115234,-1.6923693418502808));
#343=VERTEX_POINT('',#342);
#344=CARTESIAN_POINT('',(-29.85393714904785,48.630001068115234,1.6907585859298706));
#345=VERTEX_POINT('',#344);
#346=CARTESIAN_POINT('',(-19.513010025024414,48.630001068115234,1.6907585859298706));
#347=VERTEX_POINT('',#346);
#348=CARTESIAN_POINT('',(35.070003509521484,-48.630001068115234,-1.6923693418502808));
#349=VERTEX_POINT('',#348);
#350=CARTESIAN_POINT('',(-29.85393714904785,39.59984588623047,-1.6923693418502808));
#351=VERTEX_POINT('',#350);
#352=CARTESIAN_POINT('',(-19.513010025024414,39.59984588623047,-1.6923693418502808));
#353=VERTEX_POINT('',#352);
#354=CARTESIAN_POINT('',(-37.61356735229492,54.3792839050293,-1.3382173776626587));
#355=VERTEX_POINT('',#354);
#356=CARTESIAN_POINT('',(-37.04357147216797,54.323143005371094,-1.3382173776626587));
#357=VERTEX_POINT('',#356);
#358=CARTESIAN_POINT('',(-36.4954833984375,54.156883239746094,-1.3382173776626587));
#359=VERTEX_POINT('',#358);
#360=CARTESIAN_POINT('',(-35.99036407470703,53.88689422607422,-1.3382173776626587));
#361=VERTEX_POINT('',#360);
#362=CARTESIAN_POINT('',(-35.54762649536133,53.52354431152344,-1.3382173776626587));
#363=VERTEX_POINT('',#362);
#364=CARTESIAN_POINT('',(-35.18427658081055,53.08080291748047,-1.3382173776626587));
#365=VERTEX_POINT('',#364);
#366=CARTESIAN_POINT('',(-34.914283752441406,52.57568359375,-1.3382173776626587));
#367=VERTEX_POINT('',#366);
#368=CARTESIAN_POINT('',(-34.748023986816406,52.0275993347168,-1.3382173776626587));
#369=VERTEX_POINT('',#368);
#370=CARTESIAN_POINT('',(-34.69188690185547,51.45760726928711,-1.3382173776626587));
#371=VERTEX_POINT('',#370);
#372=CARTESIAN_POINT('',(-34.748023986816406,50.88761520385742,-1.3382173776626587));
#373=VERTEX_POINT('',#372);
#374=CARTESIAN_POINT('',(-34.914283752441406,50.33952331542969,-1.3382173776626587));
#375=VERTEX_POINT('',#374);
#376=CARTESIAN_POINT('',(-35.18427658081055,49.83440399169922,-1.3382173776626587));
#377=VERTEX_POINT('',#376);
#378=CARTESIAN_POINT('',(-35.54762649536133,49.391666412353516,-1.3382173776626587));
#379=VERTEX_POINT('',#378);
#380=CARTESIAN_POINT('',(-35.99036407470703,49.028316497802734,-1.3382173776626587));
#381=VERTEX_POINT('',#380);
#382=CARTESIAN_POINT('',(-36.4954833984375,48.758323669433594,-1.3382173776626587));
#383=VERTEX_POINT('',#382);
#384=CARTESIAN_POINT('',(-37.04357147216797,48.592063903808594,-1.3382173776626587));
#385=VERTEX_POINT('',#384);
#386=CARTESIAN_POINT('',(-37.61356735229492,48.53592300415039,-1.3382173776626587));
#387=VERTEX_POINT('',#386);
#388=CARTESIAN_POINT('',(-38.18355941772461,48.592063903808594,-1.3382173776626587));
#389=VERTEX_POINT('',#388);
#390=CARTESIAN_POINT('',(-38.73164749145508,48.758323669433594,-1.3382173776626587));
#391=VERTEX_POINT('',#390);
#392=CARTESIAN_POINT('',(-39.23676681518555,49.028316497802734,-1.3382173776626587));
#393=VERTEX_POINT('',#392);
#394=CARTESIAN_POINT('',(-39.67950439453125,49.391666412353516,-1.3382173776626587));
#395=VERTEX_POINT('',#394);
#396=CARTESIAN_POINT('',(-40.04285430908203,49.83440399169922,-1.3382173776626587));
#397=VERTEX_POINT('',#396);
#398=CARTESIAN_POINT('',(-40.31284713745117,50.33952331542969,-1.3382173776626587));
#399=VERTEX_POINT('',#398);
#400=CARTESIAN_POINT('',(-40.47910690307617,50.88761520385742,-1.3382173776626587));
#401=VERTEX_POINT('',#400);
#402=CARTESIAN_POINT('',(-40.53524398803711,51.45760726928711,-1.3382173776626587));
#403=VERTEX_POINT('',#402);
#404=CARTESIAN_POINT('',(-40.47910690307617,52.0275993347168,-1.3382173776626587));
#405=VERTEX_POINT('',#404);
#406=CARTESIAN_POINT('',(-40.31284713745117,52.57568359375,-1.3382173776626587));
#407=VERTEX_POINT('',#406);
#408=CARTESIAN_POINT('',(-40.04285430908203,53.08080291748047,-1.3382173776626587));
#409=VERTEX_POINT('',#408);
#410=CARTESIAN_POINT('',(-39.67950439453125,53.52354431152344,-1.3382173776626587));
#411=VERTEX_POINT('',#410);
#412=CARTESIAN_POINT('',(-39.23676681518555,53.88689422607422,-1.3382173776626587));
#413=VERTEX_POINT('',#412);
#414=CARTESIAN_POINT('',(-38.73164749145508,54.156883239746094,-1.3382173776626587));
#415=VERTEX_POINT('',#414);
#416=CARTESIAN_POINT('',(-38.18355941772461,54.323143005371094,-1.3382173776626587));
#417=VERTEX_POINT('',#416);
#418=CARTESIAN_POINT('',(37.9696159362793,54.3792839050293,-1.3382173776626587));
#419=VERTEX_POINT('',#418);
#420=CARTESIAN_POINT('',(38.53960418701172,54.323143005371094,-1.3382173776626587));
#421=VERTEX_POINT('',#420);
#422=CARTESIAN_POINT('',(39.08768844604492,54.156883239746094,-1.3382173776626587));
#423=VERTEX_POINT('',#422);
#424=CARTESIAN_POINT('',(39.592803955078125,53.88689422607422,-1.3382173776626587));
#425=VERTEX_POINT('',#424);
#426=CARTESIAN_POINT('',(40.03554916381836,53.52354431152344,-1.3382173776626587));
#427=VERTEX_POINT('',#426);
#428=CARTESIAN_POINT('',(40.398902893066406,53.08080291748047,-1.3382173776626587));
#429=VERTEX_POINT('',#428);
#430=CARTESIAN_POINT('',(40.668888092041016,52.57568359375,-1.3382173776626587));
#431=VERTEX_POINT('',#430);
#432=CARTESIAN_POINT('',(40.835147857666016,52.0275993347168,-1.3382173776626587));
#433=VERTEX_POINT('',#432);
#434=CARTESIAN_POINT('',(40.89128875732422,51.45760726928711,-1.3382173776626587));
#435=VERTEX_POINT('',#434);
#436=CARTESIAN_POINT('',(40.835147857666016,50.88761520385742,-1.3382173776626587));
#437=VERTEX_POINT('',#436);
#438=CARTESIAN_POINT('',(40.668888092041016,50.33952331542969,-1.3382173776626587));
#439=VERTEX_POINT('',#438);
#440=CARTESIAN_POINT('',(40.398902893066406,49.83440399169922,-1.3382173776626587));
#441=VERTEX_POINT('',#440);
#442=CARTESIAN_POINT('',(40.03554916381836,49.391666412353516,-1.3382173776626587));
#443=VERTEX_POINT('',#442);
#444=CARTESIAN_POINT('',(39.592803955078125,49.028316497802734,-1.3382173776626587));
#445=VERTEX_POINT('',#444);
#446=CARTESIAN_POINT('',(39.08768844604492,48.758323669433594,-1.3382173776626587));
#447=VERTEX_POINT('',#446);
#448=CARTESIAN_POINT('',(38.53960418701172,48.592063903808594,-1.3382173776626587));
#449=VERTEX_POINT('',#448);
#450=CARTESIAN_POINT('',(37.9696159362793,48.53592300415039,-1.3382173776626587));
#451=VERTEX_POINT('',#450);
#452=CARTESIAN_POINT('',(37.399620056152344,48.592063903808594,-1.3382173776626587));
#453=VERTEX_POINT('',#452);
#454=CARTESIAN_POINT('',(36.851531982421875,48.758323669433594,-1.3382173776626587));
#455=VERTEX_POINT('',#454);
#456=CARTESIAN_POINT('',(36.346412658691406,49.028316497802734,-1.3382173776626587));
#457=VERTEX_POINT('',#456);
#458=CARTESIAN_POINT('',(35.90367126464844,49.391666412353516,-1.3382173776626587));
#459=VERTEX_POINT('',#458);
#460=CARTESIAN_POINT('',(35.54032516479492,49.83440399169922,-1.3382173776626587));
#461=VERTEX_POINT('',#460);
#462=CARTESIAN_POINT('',(35.270328521728516,50.33952331542969,-1.3382173776626587));
#463=VERTEX_POINT('',#462);
#464=CARTESIAN_POINT('',(35.10407257080078,50.88761520385742,-1.3382173776626587));
#465=VERTEX_POINT('',#464);
#466=CARTESIAN_POINT('',(35.04793167114258,51.45760726928711,-1.3382173776626587));
#467=VERTEX_POINT('',#466);
#468=CARTESIAN_POINT('',(35.10407257080078,52.0275993347168,-1.3382173776626587));
#469=VERTEX_POINT('',#468);
#470=CARTESIAN_POINT('',(35.270328521728516,52.57568359375,-1.3382173776626587));
#471=VERTEX_POINT('',#470);
#472=CARTESIAN_POINT('',(35.54032516479492,53.08080291748047,-1.3382173776626587));
#473=VERTEX_POINT('',#472);
#474=CARTESIAN_POINT('',(35.90367126464844,53.52354431152344,-1.3382173776626587));
#475=VERTEX_POINT('',#474);
#476=CARTESIAN_POINT('',(36.346412658691406,53.88689422607422,-1.3382173776626587));
#477=VERTEX_POINT('',#476);
#478=CARTESIAN_POINT('',(36.851531982421875,54.156883239746094,-1.3382173776626587));
#479=VERTEX_POINT('',#478);
#480=CARTESIAN_POINT('',(37.399620056152344,54.323143005371094,-1.3382173776626587));
#481=VERTEX_POINT('',#480);
#482=CARTESIAN_POINT('',(-37.61356735229492,-48.820823669433594,-1.3382173776626587));
#483=VERTEX_POINT('',#482);
#484=CARTESIAN_POINT('',(-37.04357147216797,-48.87696075439453,-1.3382173776626587));
#485=VERTEX_POINT('',#484);
#486=CARTESIAN_POINT('',(-36.4954833984375,-49.043216705322266,-1.3382173776626587));
#487=VERTEX_POINT('',#486);
#488=CARTESIAN_POINT('',(-35.99036407470703,-49.31321334838867,-1.3382173776626587));
#489=VERTEX_POINT('',#488);
#490=CARTESIAN_POINT('',(-35.54762649536133,-49.67655944824219,-1.3382173776626587));
#491=VERTEX_POINT('',#490);
#492=CARTESIAN_POINT('',(-35.18427658081055,-50.119300842285156,-1.3382173776626587));
#493=VERTEX_POINT('',#492);
#494=CARTESIAN_POINT('',(-34.914283752441406,-50.62442398071289,-1.3382173776626587));
#495=VERTEX_POINT('',#494);
#496=CARTESIAN_POINT('',(-34.748023986816406,-51.17251205444336,-1.3382173776626587));
#497=VERTEX_POINT('',#496);
#498=CARTESIAN_POINT('',(-34.69188690185547,-51.74250030517578,-1.3382173776626587));
#499=VERTEX_POINT('',#498);
#500=CARTESIAN_POINT('',(-34.748023986816406,-52.3124885559082,-1.3382173776626587));
#501=VERTEX_POINT('',#500);
#502=CARTESIAN_POINT('',(-34.914283752441406,-52.86058044433594,-1.3382173776626587));
#503=VERTEX_POINT('',#502);
#504=CARTESIAN_POINT('',(-35.18427658081055,-53.365699768066406,-1.3382173776626587));
#505=VERTEX_POINT('',#504);
#506=CARTESIAN_POINT('',(-35.54762649536133,-53.80843734741211,-1.3382173776626587));
#507=VERTEX_POINT('',#506);
#508=CARTESIAN_POINT('',(-35.99036407470703,-54.171791076660156,-1.3382173776626587));
#509=VERTEX_POINT('',#508);
#510=CARTESIAN_POINT('',(-36.4954833984375,-54.44178009033203,-1.3382173776626587));
#511=VERTEX_POINT('',#510);
#512=CARTESIAN_POINT('',(-37.04357147216797,-54.608036041259766,-1.3382173776626587));
#513=VERTEX_POINT('',#512);
#514=CARTESIAN_POINT('',(-37.61356735229492,-54.664180755615234,-1.3382173776626587));
#515=VERTEX_POINT('',#514);
#516=CARTESIAN_POINT('',(-38.18355941772461,-54.608036041259766,-1.3382173776626587));
#517=VERTEX_POINT('',#516);
#518=CARTESIAN_POINT('',(-38.73164749145508,-54.44178009033203,-1.3382173776626587));
#519=VERTEX_POINT('',#518);
#520=CARTESIAN_POINT('',(-39.23676681518555,-54.171791076660156,-1.3382173776626587));
#521=VERTEX_POINT('',#520);
#522=CARTESIAN_POINT('',(-39.67950439453125,-53.80843734741211,-1.3382173776626587));
#523=VERTEX_POINT('',#522);
#524=CARTESIAN_POINT('',(-40.04285430908203,-53.365699768066406,-1.3382173776626587));
#525=VERTEX_POINT('',#524);
#526=CARTESIAN_POINT('',(-40.31284713745117,-52.86058044433594,-1.3382173776626587));
#527=VERTEX_POINT('',#526);
#528=CARTESIAN_POINT('',(-40.47910690307617,-52.3124885559082,-1.3382173776626587));
#529=VERTEX_POINT('',#528);
#530=CARTESIAN_POINT('',(-40.53524398803711,-51.74250030517578,-1.3382173776626587));
#531=VERTEX_POINT('',#530);
#532=CARTESIAN_POINT('',(-40.47910690307617,-51.17251205444336,-1.3382173776626587));
#533=VERTEX_POINT('',#532);
#534=CARTESIAN_POINT('',(-40.31284713745117,-50.62442398071289,-1.3382173776626587));
#535=VERTEX_POINT('',#534);
#536=CARTESIAN_POINT('',(-40.04285430908203,-50.119300842285156,-1.3382173776626587));
#537=VERTEX_POINT('',#536);
#538=CARTESIAN_POINT('',(-39.67950439453125,-49.67655944824219,-1.3382173776626587));
#539=VERTEX_POINT('',#538);
#540=CARTESIAN_POINT('',(-39.23676681518555,-49.31321334838867,-1.3382173776626587));
#541=VERTEX_POINT('',#540);
#542=CARTESIAN_POINT('',(-38.73164749145508,-49.043216705322266,-1.3382173776626587));
#543=VERTEX_POINT('',#542);
#544=CARTESIAN_POINT('',(-38.18355941772461,-48.87696075439453,-1.3382173776626587));
#545=VERTEX_POINT('',#544);
#546=CARTESIAN_POINT('',(37.9696159362793,-48.820823669433594,-1.3382173776626587));
#547=VERTEX_POINT('',#546);
#548=CARTESIAN_POINT('',(38.53960418701172,-48.87696075439453,-1.3382173776626587));
#549=VERTEX_POINT('',#548);
#550=CARTESIAN_POINT('',(39.08768844604492,-49.043216705322266,-1.3382173776626587));
#551=VERTEX_POINT('',#550);
#552=CARTESIAN_POINT('',(39.592803955078125,-49.31321334838867,-1.3382173776626587));
#553=VERTEX_POINT('',#552);
#554=CARTESIAN_POINT('',(40.03554916381836,-49.67655944824219,-1.3382173776626587));
#555=VERTEX_POINT('',#554);
#556=CARTESIAN_POINT('',(40.398902893066406,-50.119300842285156,-1.3382173776626587));
#557=VERTEX_POINT('',#556);
#558=CARTESIAN_POINT('',(40.668888092041016,-50.62442398071289,-1.3382173776626587));
#559=VERTEX_POINT('',#558);
#560=CARTESIAN_POINT('',(40.835147857666016,-51.17251205444336,-1.3382173776626587));
#561=VERTEX_POINT('',#560);
#562=CARTESIAN_POINT('',(40.89128875732422,-51.74250030517578,-1.3382173776626587));
#563=VERTEX_POINT('',#562);
#564=CARTESIAN_POINT('',(40.835147857666016,-52.3124885559082,-1.3382173776626587));
#565=VERTEX_POINT('',#564);
#566=CARTESIAN_POINT('',(40.668888092041016,-52.86058044433594,-1.3382173776626587));
#567=VERTEX_POINT('',#566);
#568=CARTESIAN_POINT('',(40.398902893066406,-53.365699768066406,-1.3382173776626587));
#569=VERTEX_POINT('',#568);
#570=CARTESIAN_POINT('',(40.03554916381836,-53.80843734741211,-1.3382173776626587));
#571=VERTEX_POINT('',#570);
#572=CARTESIAN_POINT('',(39.592803955078125,-54.171791076660156,-1.3382173776626587));
#573=VERTEX_POINT('',#572);
#574=CARTESIAN_POINT('',(39.08768844604492,-54.44178009033203,-1.3382173776626587));
#575=VERTEX_POINT('',#574);
#576=CARTESIAN_POINT('',(38.53960418701172,-54.608036041259766,-1.3382173776626587));
#577=VERTEX_POINT('',#576);
#578=CARTESIAN_POINT('',(37.9696159362793,-54.664180755615234,-1.3382173776626587));
#579=VERTEX_POINT('',#578);
#580=CARTESIAN_POINT('',(37.399620056152344,-54.608036041259766,-1.3382173776626587));
#581=VERTEX_POINT('',#580);
#582=CARTESIAN_POINT('',(36.851531982421875,-54.44178009033203,-1.3382173776626587));
#583=VERTEX_POINT('',#582);
#584=CARTESIAN_POINT('',(36.346412658691406,-54.171791076660156,-1.3382173776626587));
#585=VERTEX_POINT('',#584);
#586=CARTESIAN_POINT('',(35.90367126464844,-53.80843734741211,-1.3382173776626587));
#587=VERTEX_POINT('',#586);
#588=CARTESIAN_POINT('',(35.54032516479492,-53.365699768066406,-1.3382173776626587));
#589=VERTEX_POINT('',#588);
#590=CARTESIAN_POINT('',(35.270328521728516,-52.86058044433594,-1.3382173776626587));
#591=VERTEX_POINT('',#590);
#592=CARTESIAN_POINT('',(35.10407257080078,-52.3124885559082,-1.3382173776626587));
#593=VERTEX_POINT('',#592);
#594=CARTESIAN_POINT('',(35.04793167114258,-51.74250030517578,-1.3382173776626587));
#595=VERTEX_POINT('',#594);
#596=CARTESIAN_POINT('',(35.10407257080078,-51.17251205444336,-1.3382173776626587));
#597=VERTEX_POINT('',#596);
#598=CARTESIAN_POINT('',(35.270328521728516,-50.62442398071289,-1.3382173776626587));
#599=VERTEX_POINT('',#598);
#600=CARTESIAN_POINT('',(35.54032516479492,-50.119300842285156,-1.3382173776626587));
#601=VERTEX_POINT('',#600);
#602=CARTESIAN_POINT('',(35.90367126464844,-49.67655944824219,-1.3382173776626587));
#603=VERTEX_POINT('',#602);
#604=CARTESIAN_POINT('',(36.346412658691406,-49.31321334838867,-1.3382173776626587));
#605=VERTEX_POINT('',#604);
#606=CARTESIAN_POINT('',(36.851531982421875,-49.043216705322266,-1.3382173776626587));
#607=VERTEX_POINT('',#606);
#608=CARTESIAN_POINT('',(37.399620056152344,-48.87696075439453,-1.3382173776626587));
#609=VERTEX_POINT('',#608);
#610=CARTESIAN_POINT('',(-29.85393714904785,39.59984588623047,-2.574631690979004));
#611=VERTEX_POINT('',#610);
#612=CARTESIAN_POINT('',(-19.513010025024414,39.59984588623047,-2.574631690979004));
#613=VERTEX_POINT('',#612);
#614=FACE_SURFACE('',(#619),#615,.T.);
#615=PLANE('',#616);
#616=AXIS2_PLACEMENT_3D('',#34,#617,#618);
#617=DIRECTION('',(-1,0,0));
#618=DIRECTION('',(0,0,1));
#619=FACE_BOUND('',#620,.T.);
#620=EDGE_LOOP('',(#621,#622,#623));
#621=ORIENTED_EDGE('',*,*,#624,.T.);
#622=ORIENTED_EDGE('',*,*,#625,.T.);
#623=ORIENTED_EDGE('',*,*,#626,.T.);
#624=EDGE_CURVE('',#35,#37,#627,.F.);
#625=EDGE_CURVE('',#37,#39,#628,.T.);
#626=EDGE_CURVE('',#39,#35,#629,.T.);
#627=LINE('',#34,#630);
#628=LINE('',#36,#631);
#629=LINE('',#38,#632);
#630=VECTOR('',#633,1.0);
#631=VECTOR('',#634,1.0);
#632=VECTOR('',#635,1.0);
#633=DIRECTION('',(0,0,1));
#634=DIRECTION('',(0,1,0));
#635=DIRECTION('',(0,-0.9956820704301443,-0.09282895358637311));
#636=FACE_SURFACE('',(#641),#637,.T.);
#637=PLANE('',#638);
#638=AXIS2_PLACEMENT_3D('',#34,#639,#640);
#639=DIRECTION('',(-1,0,0));
#640=DIRECTION('',(0,0.9956820704301443,0.09282895358637311));
#641=FACE_BOUND('',#642,.T.);
#642=EDGE_LOOP('',(#643,#644,#645));
#643=ORIENTED_EDGE('',*,*,#646,.T.);
#644=ORIENTED_EDGE('',*,*,#647,.T.);
#645=ORIENTED_EDGE('',*,*,#648,.T.);
#646=EDGE_CURVE('',#35,#39,#649,.F.);
#647=EDGE_CURVE('',#39,#41,#650,.T.);
#648=EDGE_CURVE('',#41,#35,#651,.T.);
#649=LINE('',#34,#652);
#650=LINE('',#38,#653);
#651=LINE('',#40,#654);
#652=VECTOR('',#655,1.0);
#653=VECTOR('',#656,1.0);
#654=VECTOR('',#657,1.0);
#655=DIRECTION('',(0,0.9956820704301443,0.09282895358637311));
#656=DIRECTION('',(0,0,-1));
#657=DIRECTION('',(0,-1,0));
#658=FACE_SURFACE('',(#663),#659,.T.);
#659=PLANE('',#660);
#660=AXIS2_PLACEMENT_3D('',#42,#661,#662);
#661=DIRECTION('',(0,1,0));
#662=DIRECTION('',(-1,0,0));
#663=FACE_BOUND('',#664,.T.);
#664=EDGE_LOOP('',(#665,#666,#667));
#665=ORIENTED_EDGE('',*,*,#668,.T.);
#666=ORIENTED_EDGE('',*,*,#669,.T.);
#667=ORIENTED_EDGE('',*,*,#670,.T.);
#668=EDGE_CURVE('',#43,#45,#671,.F.);
#669=EDGE_CURVE('',#45,#39,#672,.T.);
#670=EDGE_CURVE('',#39,#43,#673,.T.);
#671=LINE('',#42,#674);
#672=LINE('',#44,#675);
#673=LINE('',#38,#676);
#674=VECTOR('',#677,1.0);
#675=VECTOR('',#678,1.0);
#676=VECTOR('',#679,1.0);
#677=DIRECTION('',(-1,0,0));
#678=DIRECTION('',(-0.8962803758117995,0,0.44348786672767));
#679=DIRECTION('',(0.9671065348949033,0,-0.2543716772039948));
#680=FACE_SURFACE('',(#685),#681,.T.);
#681=PLANE('',#682);
#682=AXIS2_PLACEMENT_3D('',#38,#683,#684);
#683=DIRECTION('',(-0,1,0));
#684=DIRECTION('',(1,0,0));
#685=FACE_BOUND('',#686,.T.);
#686=EDGE_LOOP('',(#687,#688,#689));
#687=ORIENTED_EDGE('',*,*,#690,.T.);
#688=ORIENTED_EDGE('',*,*,#691,.T.);
#689=ORIENTED_EDGE('',*,*,#692,.T.);
#690=EDGE_CURVE('',#39,#47,#693,.F.);
#691=EDGE_CURVE('',#47,#49,#694,.T.);
#692=EDGE_CURVE('',#49,#39,#695,.T.);
#693=LINE('',#38,#696);
#694=LINE('',#46,#697);
#695=LINE('',#48,#698);
#696=VECTOR('',#699,1.0);
#697=VECTOR('',#700,1.0);
#698=VECTOR('',#701,1.0);
#699=DIRECTION('',(1,0,0));
#700=DIRECTION('',(0,0,-1));
#701=DIRECTION('',(-0.9923044681582133,0,0.12382181743636894));
#702=FACE_SURFACE('',(#707),#703,.T.);
#703=PLANE('',#704);
#704=AXIS2_PLACEMENT_3D('',#48,#705,#706);
#705=DIRECTION('',(0,1,0));
#706=DIRECTION('',(-1,0,0));
#707=FACE_BOUND('',#708,.T.);
#708=EDGE_LOOP('',(#709,#710,#711));
#709=ORIENTED_EDGE('',*,*,#712,.T.);
#710=ORIENTED_EDGE('',*,*,#713,.T.);
#711=ORIENTED_EDGE('',*,*,#714,.T.);
#712=EDGE_CURVE('',#49,#41,#715,.F.);
#713=EDGE_CURVE('',#41,#51,#716,.T.);
#714=EDGE_CURVE('',#51,#49,#717,.T.);
#715=LINE('',#48,#718);
#716=LINE('',#40,#719);
#717=LINE('',#50,#720);
#718=VECTOR('',#721,1.0);
#719=VECTOR('',#722,1.0);
#720=VECTOR('',#723,1.0);
#721=DIRECTION('',(-1,0,0));
#722=DIRECTION('',(0.9996574197212021,0,0.026173329867408487));
#723=DIRECTION('',(0.999990752998701,0,-0.004300455451583895));
#724=FACE_SURFACE('',(#729),#725,.T.);
#725=PLANE('',#726);
#726=AXIS2_PLACEMENT_3D('',#48,#727,#728);
#727=DIRECTION('',(0,1,0));
#728=DIRECTION('',(-0.999990752998701,0,0.004300455451583895));
#729=FACE_BOUND('',#730,.T.);
#730=EDGE_LOOP('',(#731,#732,#733));
#731=ORIENTED_EDGE('',*,*,#734,.T.);
#732=ORIENTED_EDGE('',*,*,#735,.T.);
#733=ORIENTED_EDGE('',*,*,#736,.T.);
#734=EDGE_CURVE('',#49,#51,#737,.F.);
#735=EDGE_CURVE('',#51,#53,#738,.T.);
#736=EDGE_CURVE('',#53,#49,#739,.T.);
#737=LINE('',#48,#740);
#738=LINE('',#50,#741);
#739=LINE('',#52,#742);
#740=VECTOR('',#743,1.0);
#741=VECTOR('',#744,1.0);
#742=VECTOR('',#745,1.0);
#743=DIRECTION('',(-0.999990752998701,0,0.004300455451583895));
#744=DIRECTION('',(1,0,0));
#745=DIRECTION('',(0.9999873582458124,0,-0.005028255021502202));
#746=FACE_SURFACE('',(#751),#747,.T.);
#747=PLANE('',#748);
#748=AXIS2_PLACEMENT_3D('',#42,#749,#750);
#749=DIRECTION('',(-0,1,-0));
#750=DIRECTION('',(-0.9671065348949033,0,0.2543716772039948));
#751=FACE_BOUND('',#752,.T.);
#752=EDGE_LOOP('',(#753,#754,#755));
#753=ORIENTED_EDGE('',*,*,#756,.T.);
#754=ORIENTED_EDGE('',*,*,#757,.T.);
#755=ORIENTED_EDGE('',*,*,#758,.T.);
#756=EDGE_CURVE('',#43,#39,#759,.F.);
#757=EDGE_CURVE('',#39,#49,#760,.T.);
#758=EDGE_CURVE('',#49,#43,#761,.T.);
#759=LINE('',#42,#762);
#760=LINE('',#38,#763);
#761=LINE('',#48,#764);
#762=VECTOR('',#765,1.0);
#763=VECTOR('',#766,1.0);
#764=VECTOR('',#767,1.0);
#765=DIRECTION('',(-0.9671065348949033,0,0.2543716772039948));
#766=DIRECTION('',(0.9923044681582133,0,-0.12382181743636894));
#767=DIRECTION('',(-0.9972114506477101,0,0.07462789489922406));
#768=FACE_SURFACE('',(#773),#769,.T.);
#769=PLANE('',#770);
#770=AXIS2_PLACEMENT_3D('',#48,#771,#772);
#771=DIRECTION('',(0,1,0));
#772=DIRECTION('',(-0.9999873582458124,0,0.005028255021502202));
#773=FACE_BOUND('',#774,.T.);
#774=EDGE_LOOP('',(#775,#776,#777));
#775=ORIENTED_EDGE('',*,*,#778,.T.);
#776=ORIENTED_EDGE('',*,*,#779,.T.);
#777=ORIENTED_EDGE('',*,*,#780,.T.);
#778=EDGE_CURVE('',#49,#53,#781,.F.);
#779=EDGE_CURVE('',#53,#43,#782,.T.);
#780=EDGE_CURVE('',#43,#49,#783,.T.);
#781=LINE('',#48,#784);
#782=LINE('',#52,#785);
#783=LINE('',#42,#786);
#784=VECTOR('',#787,1.0);
#785=VECTOR('',#788,1.0);
#786=VECTOR('',#789,1.0);
#787=DIRECTION('',(-0.9999873582458124,0,0.005028255021502202));
#788=DIRECTION('',(0,0,1));
#789=DIRECTION('',(0.9972114506477101,0,-0.07462789489922406));
#790=FACE_SURFACE('',(#795),#791,.T.);
#791=PLANE('',#792);
#792=AXIS2_PLACEMENT_3D('',#40,#793,#794);
#793=DIRECTION('',(0,1,0));
#794=DIRECTION('',(0,0,1));
#795=FACE_BOUND('',#796,.T.);
#796=EDGE_LOOP('',(#797,#798,#799));
#797=ORIENTED_EDGE('',*,*,#800,.T.);
#798=ORIENTED_EDGE('',*,*,#801,.T.);
#799=ORIENTED_EDGE('',*,*,#802,.T.);
#800=EDGE_CURVE('',#41,#39,#803,.F.);
#801=EDGE_CURVE('',#39,#45,#804,.T.);
#802=EDGE_CURVE('',#45,#41,#805,.T.);
#803=LINE('',#40,#806);
#804=LINE('',#38,#807);
#805=LINE('',#44,#808);
#806=VECTOR('',#809,1.0);
#807=VECTOR('',#810,1.0);
#808=VECTOR('',#811,1.0);
#809=DIRECTION('',(0,0,1));
#810=DIRECTION('',(0.8962803758117995,0,-0.44348786672767));
#811=DIRECTION('',(-0.9317580479459309,0,-0.3630797985126526));
#812=FACE_SURFACE('',(#817),#813,.T.);
#813=PLANE('',#814);
#814=AXIS2_PLACEMENT_3D('',#40,#815,#816);
#815=DIRECTION('',(0,1,0));
#816=DIRECTION('',(0.9317580479459309,0,0.3630797985126526));
#817=FACE_BOUND('',#818,.T.);
#818=EDGE_LOOP('',(#819,#820,#821));
#819=ORIENTED_EDGE('',*,*,#822,.T.);
#820=ORIENTED_EDGE('',*,*,#823,.T.);
#821=ORIENTED_EDGE('',*,*,#824,.T.);
#822=EDGE_CURVE('',#41,#45,#825,.F.);
#823=EDGE_CURVE('',#45,#51,#826,.T.);
#824=EDGE_CURVE('',#51,#41,#827,.T.);
#825=LINE('',#40,#828);
#826=LINE('',#44,#829);
#827=LINE('',#50,#830);
#828=VECTOR('',#831,1.0);
#829=VECTOR('',#832,1.0);
#830=VECTOR('',#833,1.0);
#831=DIRECTION('',(0.9317580479459309,0,0.3630797985126526));
#832=DIRECTION('',(0,0,-1));
#833=DIRECTION('',(-0.9996574197212021,0,-0.026173329867408487));
#834=FACE_SURFACE('',(#839),#835,.T.);
#835=PLANE('',#836);
#836=AXIS2_PLACEMENT_3D('',#48,#837,#838);
#837=DIRECTION('',(1,0,-0));
#838=DIRECTION('',(0,0,1));
#839=FACE_BOUND('',#840,.T.);
#840=EDGE_LOOP('',(#841,#842,#843));
#841=ORIENTED_EDGE('',*,*,#844,.T.);
#842=ORIENTED_EDGE('',*,*,#845,.T.);
#843=ORIENTED_EDGE('',*,*,#846,.T.);
#844=EDGE_CURVE('',#49,#47,#847,.F.);
#845=EDGE_CURVE('',#47,#55,#848,.T.);
#846=EDGE_CURVE('',#55,#49,#849,.T.);
#847=LINE('',#48,#850);
#848=LINE('',#46,#851);
#849=LINE('',#54,#852);
#850=VECTOR('',#853,1.0);
#851=VECTOR('',#854,1.0);
#852=VECTOR('',#855,1.0);
#853=DIRECTION('',(0,0,1));
#854=DIRECTION('',(0,-1,0));
#855=DIRECTION('',(0,0.9956820704301443,-0.09282895358637311));
#856=FACE_SURFACE('',(#861),#857,.T.);
#857=PLANE('',#858);
#858=AXIS2_PLACEMENT_3D('',#48,#859,#860);
#859=DIRECTION('',(1,0,0));
#860=DIRECTION('',(0,-0.9956820704301443,0.09282895358637311));
#861=FACE_BOUND('',#862,.T.);
#862=EDGE_LOOP('',(#863,#864,#865));
#863=ORIENTED_EDGE('',*,*,#866,.T.);
#864=ORIENTED_EDGE('',*,*,#867,.T.);
#865=ORIENTED_EDGE('',*,*,#868,.T.);
#866=EDGE_CURVE('',#49,#55,#869,.F.);
#867=EDGE_CURVE('',#55,#57,#870,.T.);
#868=EDGE_CURVE('',#57,#49,#871,.T.);
#869=LINE('',#48,#872);
#870=LINE('',#54,#873);
#871=LINE('',#56,#874);
#872=VECTOR('',#875,1.0);
#873=VECTOR('',#876,1.0);
#874=VECTOR('',#877,1.0);
#875=DIRECTION('',(0,-0.9956820704301443,0.09282895358637311));
#876=DIRECTION('',(0,0,-1));
#877=DIRECTION('',(0,1,0));
#878=FACE_SURFACE('',(#883),#879,.T.);
#879=PLANE('',#880);
#880=AXIS2_PLACEMENT_3D('',#56,#881,#882);
#881=DIRECTION('',(0,-1,0));
#882=DIRECTION('',(0,0,1));
#883=FACE_BOUND('',#884,.T.);
#884=EDGE_LOOP('',(#885,#886,#887));
#885=ORIENTED_EDGE('',*,*,#888,.T.);
#886=ORIENTED_EDGE('',*,*,#889,.T.);
#887=ORIENTED_EDGE('',*,*,#890,.T.);
#888=EDGE_CURVE('',#57,#55,#891,.F.);
#889=EDGE_CURVE('',#55,#37,#892,.T.);
#890=EDGE_CURVE('',#37,#57,#893,.T.);
#891=LINE('',#56,#894);
#892=LINE('',#54,#895);
#893=LINE('',#36,#896);
#894=VECTOR('',#897,1.0);
#895=VECTOR('',#898,1.0);
#896=VECTOR('',#899,1.0);
#897=DIRECTION('',(0,0,1));
#898=DIRECTION('',(-1,0,0));
#899=DIRECTION('',(0.9923044681582133,0,-0.12382181743636894));
#900=FACE_SURFACE('',(#905),#901,.T.);
#901=PLANE('',#902);
#902=AXIS2_PLACEMENT_3D('',#56,#903,#904);
#903=DIRECTION('',(0,-1,0));
#904=DIRECTION('',(-0.9923044681582133,0,0.12382181743636894));
#905=FACE_BOUND('',#906,.T.);
#906=EDGE_LOOP('',(#907,#908,#909));
#907=ORIENTED_EDGE('',*,*,#910,.T.);
#908=ORIENTED_EDGE('',*,*,#911,.T.);
#909=ORIENTED_EDGE('',*,*,#912,.T.);
#910=EDGE_CURVE('',#57,#37,#913,.F.);
#911=EDGE_CURVE('',#37,#35,#914,.T.);
#912=EDGE_CURVE('',#35,#57,#915,.T.);
#913=LINE('',#56,#916);
#914=LINE('',#36,#917);
#915=LINE('',#34,#918);
#916=VECTOR('',#919,1.0);
#917=VECTOR('',#920,1.0);
#918=VECTOR('',#921,1.0);
#919=DIRECTION('',(-0.9923044681582133,0,0.12382181743636894));
#920=DIRECTION('',(0,0,-1));
#921=DIRECTION('',(1,0,0));
#922=FACE_SURFACE('',(#927),#923,.T.);
#923=PLANE('',#924);
#924=AXIS2_PLACEMENT_3D('',#40,#925,#926);
#925=DIRECTION('',(0,0,-1));
#926=DIRECTION('',(1,0,0));
#927=FACE_BOUND('',#928,.T.);
#928=EDGE_LOOP('',(#929,#930,#931));
#929=ORIENTED_EDGE('',*,*,#932,.T.);
#930=ORIENTED_EDGE('',*,*,#933,.T.);
#931=ORIENTED_EDGE('',*,*,#934,.T.);
#932=EDGE_CURVE('',#41,#49,#935,.F.);
#933=EDGE_CURVE('',#49,#57,#936,.T.);
#934=EDGE_CURVE('',#57,#41,#937,.T.);
#935=LINE('',#40,#938);
#936=LINE('',#48,#939);
#937=LINE('',#56,#940);
#938=VECTOR('',#941,1.0);
#939=VECTOR('',#942,1.0);
#940=VECTOR('',#943,1.0);
#941=DIRECTION('',(1,0,0));
#942=DIRECTION('',(0,-1,0));
#943=DIRECTION('',(-0.5985402261561877,0.8010927522284169,0));
#944=FACE_SURFACE('',(#949),#945,.T.);
#945=PLANE('',#946);
#946=AXIS2_PLACEMENT_3D('',#40,#947,#948);
#947=DIRECTION('',(0,0,-1));
#948=DIRECTION('',(0.5985402261561877,-0.8010927522284169,0));
#949=FACE_BOUND('',#950,.T.);
#950=EDGE_LOOP('',(#951,#952,#953));
#951=ORIENTED_EDGE('',*,*,#954,.T.);
#952=ORIENTED_EDGE('',*,*,#955,.T.);
#953=ORIENTED_EDGE('',*,*,#956,.T.);
#954=EDGE_CURVE('',#41,#57,#957,.F.);
#955=EDGE_CURVE('',#57,#35,#958,.T.);
#956=EDGE_CURVE('',#35,#41,#959,.T.);
#957=LINE('',#40,#960);
#958=LINE('',#56,#961);
#959=LINE('',#34,#962);
#960=VECTOR('',#963,1.0);
#961=VECTOR('',#964,1.0);
#962=VECTOR('',#965,1.0);
#963=DIRECTION('',(0.5985402261561877,-0.8010927522284169,0));
#964=DIRECTION('',(-1,0,0));
#965=DIRECTION('',(0,1,0));
#966=FACE_SURFACE('',(#971),#967,.T.);
#967=PLANE('',#968);
#968=AXIS2_PLACEMENT_3D('',#58,#969,#970);
#969=DIRECTION('',(0,-0,1));
#970=DIRECTION('',(0.7730015715460891,0.6344041065340582,0));
#971=FACE_BOUND('',#972,.T.);
#972=EDGE_LOOP('',(#973,#974,#975));
#973=ORIENTED_EDGE('',*,*,#976,.T.);
#974=ORIENTED_EDGE('',*,*,#977,.T.);
#975=ORIENTED_EDGE('',*,*,#978,.T.);
#976=EDGE_CURVE('',#59,#61,#979,.F.);
#977=EDGE_CURVE('',#61,#63,#980,.T.);
#978=EDGE_CURVE('',#63,#59,#981,.T.);
#979=LINE('',#58,#982);
#980=LINE('',#60,#983);
#981=LINE('',#62,#984);
#982=VECTOR('',#985,1.0);
#983=VECTOR('',#986,1.0);
#984=VECTOR('',#987,1.0);
#985=DIRECTION('',(0.7730015715460891,0.6344041065340582,0));
#986=DIRECTION('',(-0.6797950604501599,0.7334021242044253,0));
#987=DIRECTION('',(0.6230626982584865,-0.7821718954544801,0));
#988=FACE_SURFACE('',(#993),#989,.T.);
#989=PLANE('',#990);
#990=AXIS2_PLACEMENT_3D('',#62,#991,#992);
#991=DIRECTION('',(0,0,1));
#992=DIRECTION('',(-1,0,0));
#993=FACE_BOUND('',#994,.T.);
#994=EDGE_LOOP('',(#995,#996,#997));
#995=ORIENTED_EDGE('',*,*,#998,.T.);
#996=ORIENTED_EDGE('',*,*,#999,.T.);
#997=ORIENTED_EDGE('',*,*,#1000,.T.);
#998=EDGE_CURVE('',#63,#65,#1001,.F.);
#999=EDGE_CURVE('',#65,#67,#1002,.T.);
#1000=EDGE_CURVE('',#67,#63,#1003,.T.);
#1001=LINE('',#62,#1004);
#1002=LINE('',#64,#1005);
#1003=LINE('',#66,#1006);
#1004=VECTOR('',#1007,1.0);
#1005=VECTOR('',#1008,1.0);
#1006=VECTOR('',#1009,1.0);
#1007=DIRECTION('',(-1,0,0));
#1008=DIRECTION('',(-0.6797970113913312,-0.7334003158599088,0));
#1009=DIRECTION('',(0.9999336047461562,0.01152328509400503,0));
#1010=FACE_SURFACE('',(#1015),#1011,.T.);
#1011=PLANE('',#1012);
#1012=AXIS2_PLACEMENT_3D('',#62,#1013,#1014);
#1013=DIRECTION('',(0,0,1));
#1014=DIRECTION('',(-0.9999336047461562,-0.01152328509400503,0));
#1015=FACE_BOUND('',#1016,.T.);
#1016=EDGE_LOOP('',(#1017,#1018,#1019));
#1017=ORIENTED_EDGE('',*,*,#1020,.T.);
#1018=ORIENTED_EDGE('',*,*,#1021,.T.);
#1019=ORIENTED_EDGE('',*,*,#1022,.T.);
#1020=EDGE_CURVE('',#63,#67,#1023,.F.);
#1021=EDGE_CURVE('',#67,#69,#1024,.T.);
#1022=EDGE_CURVE('',#69,#63,#1025,.T.);
#1023=LINE('',#62,#1026);
#1024=LINE('',#66,#1027);
#1025=LINE('',#68,#1028);
#1026=VECTOR('',#1029,1.0);
#1027=VECTOR('',#1030,1.0);
#1028=VECTOR('',#1031,1.0);
#1029=DIRECTION('',(-0.9999336047461562,-0.01152328509400503,0));
#1030=DIRECTION('',(0.7730080108258606,-0.6343962603917572,0));
#1031=DIRECTION('',(0.9998902008154124,0.014818445036994815,0));
#1032=FACE_SURFACE('',(#1037),#1033,.T.);
#1033=PLANE('',#1034);
#1034=AXIS2_PLACEMENT_3D('',#70,#1035,#1036);
#1035=DIRECTION('',(0,-0,1));
#1036=DIRECTION('',(0.6343908094026878,0.7730124843399379,0));
#1037=FACE_BOUND('',#1038,.T.);
#1038=EDGE_LOOP('',(#1039,#1040,#1041));
#1039=ORIENTED_EDGE('',*,*,#1042,.T.);
#1040=ORIENTED_EDGE('',*,*,#1043,.T.);
#1041=ORIENTED_EDGE('',*,*,#1044,.T.);
#1042=EDGE_CURVE('',#71,#59,#1045,.F.);
#1043=EDGE_CURVE('',#59,#63,#1046,.T.);
#1044=EDGE_CURVE('',#63,#71,#1047,.T.);
#1045=LINE('',#70,#1048);
#1046=LINE('',#58,#1049);
#1047=LINE('',#62,#1050);
#1048=VECTOR('',#1051,1.0);
#1049=VECTOR('',#1052,1.0);
#1050=VECTOR('',#1053,1.0);
#1051=DIRECTION('',(0.6343908094026878,0.7730124843399379,0));
#1052=DIRECTION('',(-0.6230626982584865,0.7821718954544801,0));
#1053=DIRECTION('',(0.30114095335784147,-0.953579638106189,0));
#1054=FACE_SURFACE('',(#1059),#1055,.T.);
#1055=PLANE('',#1056);
#1056=AXIS2_PLACEMENT_3D('',#72,#1057,#1058);
#1057=DIRECTION('',(0,-0,1));
#1058=DIRECTION('',(0.471400404097077,0.8819193041413215,0));
#1059=FACE_BOUND('',#1060,.T.);
#1060=EDGE_LOOP('',(#1061,#1062,#1063));
#1061=ORIENTED_EDGE('',*,*,#1064,.T.);
#1062=ORIENTED_EDGE('',*,*,#1065,.T.);
#1063=ORIENTED_EDGE('',*,*,#1066,.T.);
#1064=EDGE_CURVE('',#73,#71,#1067,.F.);
#1065=EDGE_CURVE('',#71,#63,#1068,.T.);
#1066=EDGE_CURVE('',#63,#73,#1069,.T.);
#1067=LINE('',#72,#1070);
#1068=LINE('',#70,#1071);
#1069=LINE('',#62,#1072);
#1070=VECTOR('',#1073,1.0);
#1071=VECTOR('',#1074,1.0);
#1072=VECTOR('',#1075,1.0);
#1073=DIRECTION('',(0.471400404097077,0.8819193041413215,0));
#1074=DIRECTION('',(-0.30114095335784147,0.953579638106189,0));
#1075=DIRECTION('',(0.09993972809651248,-0.9949934928169104,0));
#1076=FACE_SURFACE('',(#1081),#1077,.T.);
#1077=PLANE('',#1078);
#1078=AXIS2_PLACEMENT_3D('',#62,#1079,#1080);
#1079=DIRECTION('',(0,0,1));
#1080=DIRECTION('',(-0.9998902008154124,-0.014818445036994815,0));
#1081=FACE_BOUND('',#1082,.T.);
#1082=EDGE_LOOP('',(#1083,#1084,#1085));
#1083=ORIENTED_EDGE('',*,*,#1086,.T.);
#1084=ORIENTED_EDGE('',*,*,#1087,.T.);
#1085=ORIENTED_EDGE('',*,*,#1088,.T.);
#1086=EDGE_CURVE('',#63,#69,#1089,.F.);
#1087=EDGE_CURVE('',#69,#75,#1090,.T.);
#1088=EDGE_CURVE('',#75,#63,#1091,.T.);
#1089=LINE('',#62,#1092);
#1090=LINE('',#68,#1093);
#1091=LINE('',#74,#1094);
#1092=VECTOR('',#1095,1.0);
#1093=VECTOR('',#1096,1.0);
#1094=VECTOR('',#1097,1.0);
#1095=DIRECTION('',(-0.9998902008154124,-0.014818445036994815,0));
#1096=DIRECTION('',(0.6343947892528462,-0.7730092181654996,0));
#1097=DIRECTION('',(0.9997753831502353,0.021193943634918763,0));
#1098=FACE_SURFACE('',(#1103),#1099,.T.);
#1099=PLANE('',#1100);
#1100=AXIS2_PLACEMENT_3D('',#62,#1101,#1102);
#1101=DIRECTION('',(0,0,1));
#1102=DIRECTION('',(-0.9997753831502353,-0.021193943634918763,0));
#1103=FACE_BOUND('',#1104,.T.);
#1104=EDGE_LOOP('',(#1105,#1106,#1107));
#1105=ORIENTED_EDGE('',*,*,#1108,.T.);
#1106=ORIENTED_EDGE('',*,*,#1109,.T.);
#1107=ORIENTED_EDGE('',*,*,#1110,.T.);
#1108=EDGE_CURVE('',#63,#75,#1111,.F.);
#1109=EDGE_CURVE('',#75,#77,#1112,.T.);
#1110=EDGE_CURVE('',#77,#63,#1113,.T.);
#1111=LINE('',#62,#1114);
#1112=LINE('',#74,#1115);
#1113=LINE('',#76,#1116);
#1114=VECTOR('',#1117,1.0);
#1115=VECTOR('',#1118,1.0);
#1116=VECTOR('',#1119,1.0);
#1117=DIRECTION('',(-0.9997753831502353,-0.021193943634918763,0));
#1118=DIRECTION('',(0.4713952238388742,-0.8819220730551525,0));
#1119=DIRECTION('',(0.999594174818106,0.028486587540628213,0));
#1120=FACE_SURFACE('',(#1125),#1121,.T.);
#1121=PLANE('',#1122);
#1122=AXIS2_PLACEMENT_3D('',#78,#1123,#1124);
#1123=DIRECTION('',(0,-0,1));
#1124=DIRECTION('',(0.29027708504790517,0.9569426387700003,0));
#1125=FACE_BOUND('',#1126,.T.);
#1126=EDGE_LOOP('',(#1127,#1128,#1129));
#1127=ORIENTED_EDGE('',*,*,#1130,.T.);
#1128=ORIENTED_EDGE('',*,*,#1131,.T.);
#1129=ORIENTED_EDGE('',*,*,#1132,.T.);
#1130=EDGE_CURVE('',#79,#73,#1133,.F.);
#1131=EDGE_CURVE('',#73,#63,#1134,.T.);
#1132=EDGE_CURVE('',#63,#79,#1135,.T.);
#1133=LINE('',#78,#1136);
#1134=LINE('',#72,#1137);
#1135=LINE('',#62,#1138);
#1136=VECTOR('',#1139,1.0);
#1137=VECTOR('',#1140,1.0);
#1138=VECTOR('',#1141,1.0);
#1139=DIRECTION('',(0.29027708504790517,0.9569426387700003,0));
#1140=DIRECTION('',(-0.09993972809651248,0.9949934928169104,0));
#1141=DIRECTION('',(0.01339856671581554,-0.9999102351761192,0));
#1142=FACE_SURFACE('',(#1147),#1143,.T.);
#1143=PLANE('',#1144);
#1144=AXIS2_PLACEMENT_3D('',#80,#1145,#1146);
#1145=DIRECTION('',(0,0,1));
#1146=DIRECTION('',(0.0980205242795133,0.9951843933764081,0));
#1147=FACE_BOUND('',#1148,.T.);
#1148=EDGE_LOOP('',(#1149,#1150,#1151));
#1149=ORIENTED_EDGE('',*,*,#1152,.T.);
#1150=ORIENTED_EDGE('',*,*,#1153,.T.);
#1151=ORIENTED_EDGE('',*,*,#1154,.T.);
#1152=EDGE_CURVE('',#81,#79,#1155,.F.);
#1153=EDGE_CURVE('',#79,#63,#1156,.T.);
#1154=EDGE_CURVE('',#63,#81,#1157,.T.);
#1155=LINE('',#80,#1158);
#1156=LINE('',#78,#1159);
#1157=LINE('',#62,#1160);
#1158=VECTOR('',#1161,1.0);
#1159=VECTOR('',#1162,1.0);
#1160=VECTOR('',#1163,1.0);
#1161=DIRECTION('',(0.0980205242795133,0.9951843933764081,0));
#1162=DIRECTION('',(-0.01339856671581554,0.9999102351761192,0));
#1163=DIRECTION('',(-0.007091177138362839,-0.9999748572873182,0));
#1164=FACE_SURFACE('',(#1169),#1165,.T.);
#1165=PLANE('',#1166);
#1166=AXIS2_PLACEMENT_3D('',#62,#1167,#1168);
#1167=DIRECTION('',(0,0,1));
#1168=DIRECTION('',(-0.999594174818106,-0.028486587540628213,0));
#1169=FACE_BOUND('',#1170,.T.);
#1170=EDGE_LOOP('',(#1171,#1172,#1173));
#1171=ORIENTED_EDGE('',*,*,#1174,.T.);
#1172=ORIENTED_EDGE('',*,*,#1175,.T.);
#1173=ORIENTED_EDGE('',*,*,#1176,.T.);
#1174=EDGE_CURVE('',#63,#77,#1177,.F.);
#1175=EDGE_CURVE('',#77,#83,#1178,.T.);
#1176=EDGE_CURVE('',#83,#63,#1179,.T.);
#1177=LINE('',#62,#1180);
#1178=LINE('',#76,#1181);
#1179=LINE('',#82,#1182);
#1180=VECTOR('',#1183,1.0);
#1181=VECTOR('',#1184,1.0);
#1182=VECTOR('',#1185,1.0);
#1183=DIRECTION('',(-0.999594174818106,-0.028486587540628213,0));
#1184=DIRECTION('',(0.29028318415395105,-0.9569407886580253,0));
#1185=DIRECTION('',(0.999337587009734,0.036392130874166546,0));
#1186=FACE_SURFACE('',(#1191),#1187,.T.);
#1187=PLANE('',#1188);
#1188=AXIS2_PLACEMENT_3D('',#62,#1189,#1190);
#1189=DIRECTION('',(0,0,1));
#1190=DIRECTION('',(-0.999337587009734,-0.036392130874166546,0));
#1191=FACE_BOUND('',#1192,.T.);
#1192=EDGE_LOOP('',(#1193,#1194,#1195));
#1193=ORIENTED_EDGE('',*,*,#1196,.T.);
#1194=ORIENTED_EDGE('',*,*,#1197,.T.);
#1195=ORIENTED_EDGE('',*,*,#1198,.T.);
#1196=EDGE_CURVE('',#63,#83,#1199,.F.);
#1197=EDGE_CURVE('',#83,#85,#1200,.T.);
#1198=EDGE_CURVE('',#85,#63,#1201,.T.);
#1199=LINE('',#62,#1202);
#1200=LINE('',#82,#1203);
#1201=LINE('',#84,#1204);
#1202=VECTOR('',#1205,1.0);
#1203=VECTOR('',#1206,1.0);
#1204=VECTOR('',#1207,1.0);
#1205=DIRECTION('',(-0.999337587009734,-0.036392130874166546,0));
#1206=DIRECTION('',(0.09801392790553251,-0.9951850430631124,0));
#1207=DIRECTION('',(0.9990061879822126,0.044571699241199345,0));
#1208=FACE_SURFACE('',(#1213),#1209,.T.);
#1209=PLANE('',#1210);
#1210=AXIS2_PLACEMENT_3D('',#80,#1211,#1212);
#1211=DIRECTION('',(0,-0,1));
#1212=DIRECTION('',(0.007091177138362839,0.9999748572873182,0));
#1213=FACE_BOUND('',#1214,.T.);
#1214=EDGE_LOOP('',(#1215,#1216,#1217));
#1215=ORIENTED_EDGE('',*,*,#1218,.T.);
#1216=ORIENTED_EDGE('',*,*,#1219,.T.);
#1217=ORIENTED_EDGE('',*,*,#1220,.T.);
#1218=EDGE_CURVE('',#81,#63,#1221,.F.);
#1219=EDGE_CURVE('',#63,#85,#1222,.T.);
#1220=EDGE_CURVE('',#85,#81,#1223,.T.);
#1221=LINE('',#80,#1224);
#1222=LINE('',#62,#1225);
#1223=LINE('',#84,#1226);
#1224=VECTOR('',#1227,1.0);
#1225=VECTOR('',#1228,1.0);
#1226=VECTOR('',#1229,1.0);
#1227=DIRECTION('',(0.007091177138362839,0.9999748572873182,0));
#1228=DIRECTION('',(-0.9990061879822126,-0.044571699241199345,0));
#1229=DIRECTION('',(1,0,0));
#1230=FACE_SURFACE('',(#1235),#1231,.T.);
#1231=PLANE('',#1232);
#1232=AXIS2_PLACEMENT_3D('',#80,#1233,#1234);
#1233=DIRECTION('',(0,0,1));
#1234=DIRECTION('',(-1,0,0));
#1235=FACE_BOUND('',#1236,.T.);
#1236=EDGE_LOOP('',(#1237,#1238,#1239));
#1237=ORIENTED_EDGE('',*,*,#1240,.T.);
#1238=ORIENTED_EDGE('',*,*,#1241,.T.);
#1239=ORIENTED_EDGE('',*,*,#1242,.T.);
#1240=EDGE_CURVE('',#81,#85,#1243,.F.);
#1241=EDGE_CURVE('',#85,#87,#1244,.T.);
#1242=EDGE_CURVE('',#87,#81,#1245,.T.);
#1243=LINE('',#80,#1246);
#1244=LINE('',#84,#1247);
#1245=LINE('',#86,#1248);
#1246=VECTOR('',#1249,1.0);
#1247=VECTOR('',#1250,1.0);
#1248=VECTOR('',#1251,1.0);
#1249=DIRECTION('',(-1,0,0));
#1250=DIRECTION('',(-0.09801392790553251,-0.9951850430631124,0));
#1251=DIRECTION('',(0.9999666558559737,0.008166221661256117,0));
#1252=FACE_SURFACE('',(#1257),#1253,.T.);
#1253=PLANE('',#1254);
#1254=AXIS2_PLACEMENT_3D('',#88,#1255,#1256);
#1255=DIRECTION('',(0,0,1));
#1256=DIRECTION('',(-0.0980205242795133,0.9951843933764081,0));
#1257=FACE_BOUND('',#1258,.T.);
#1258=EDGE_LOOP('',(#1259,#1260,#1261));
#1259=ORIENTED_EDGE('',*,*,#1262,.T.);
#1260=ORIENTED_EDGE('',*,*,#1263,.T.);
#1261=ORIENTED_EDGE('',*,*,#1264,.T.);
#1262=EDGE_CURVE('',#89,#81,#1265,.F.);
#1263=EDGE_CURVE('',#81,#87,#1266,.T.);
#1264=EDGE_CURVE('',#87,#89,#1267,.T.);
#1265=LINE('',#88,#1268);
#1266=LINE('',#80,#1269);
#1267=LINE('',#86,#1270);
#1268=VECTOR('',#1271,1.0);
#1269=VECTOR('',#1272,1.0);
#1270=VECTOR('',#1273,1.0);
#1271=DIRECTION('',(-0.0980205242795133,0.9951843933764081,0));
#1272=DIRECTION('',(-0.9999666558559737,-0.008166221661256117,0));
#1273=DIRECTION('',(1,0,0));
#1274=FACE_SURFACE('',(#1279),#1275,.T.);
#1275=PLANE('',#1276);
#1276=AXIS2_PLACEMENT_3D('',#88,#1277,#1278);
#1277=DIRECTION('',(0,0,1));
#1278=DIRECTION('',(-1,0,0));
#1279=FACE_BOUND('',#1280,.T.);
#1280=EDGE_LOOP('',(#1281,#1282,#1283));
#1281=ORIENTED_EDGE('',*,*,#1284,.T.);
#1282=ORIENTED_EDGE('',*,*,#1285,.T.);
#1283=ORIENTED_EDGE('',*,*,#1286,.T.);
#1284=EDGE_CURVE('',#89,#87,#1287,.F.);
#1285=EDGE_CURVE('',#87,#91,#1288,.T.);
#1286=EDGE_CURVE('',#91,#89,#1289,.T.);
#1287=LINE('',#88,#1290);
#1288=LINE('',#86,#1291);
#1289=LINE('',#90,#1292);
#1290=VECTOR('',#1293,1.0);
#1291=VECTOR('',#1294,1.0);
#1292=VECTOR('',#1295,1.0);
#1293=DIRECTION('',(-1,0,0));
#1294=DIRECTION('',(-0.2902813340373658,-0.9569413498796503,0));
#1295=DIRECTION('',(0.9999693639356717,0.007827591589256605,0));
#1296=FACE_SURFACE('',(#1301),#1297,.T.);
#1297=PLANE('',#1298);
#1298=AXIS2_PLACEMENT_3D('',#92,#1299,#1300);
#1299=DIRECTION('',(0,0,1));
#1300=DIRECTION('',(-0.29027523496303886,0.9569431999691269,0));
#1301=FACE_BOUND('',#1302,.T.);
#1302=EDGE_LOOP('',(#1303,#1304,#1305));
#1303=ORIENTED_EDGE('',*,*,#1306,.T.);
#1304=ORIENTED_EDGE('',*,*,#1307,.T.);
#1305=ORIENTED_EDGE('',*,*,#1308,.T.);
#1306=EDGE_CURVE('',#93,#89,#1309,.F.);
#1307=EDGE_CURVE('',#89,#91,#1310,.T.);
#1308=EDGE_CURVE('',#91,#93,#1311,.T.);
#1309=LINE('',#92,#1312);
#1310=LINE('',#88,#1313);
#1311=LINE('',#90,#1314);
#1312=VECTOR('',#1315,1.0);
#1313=VECTOR('',#1316,1.0);
#1314=VECTOR('',#1317,1.0);
#1315=DIRECTION('',(-0.29027523496303886,0.9569431999691269,0));
#1316=DIRECTION('',(-0.9999693639356717,-0.007827591589256605,0));
#1317=DIRECTION('',(1,0,0));
#1318=FACE_SURFACE('',(#1323),#1319,.T.);
#1319=PLANE('',#1320);
#1320=AXIS2_PLACEMENT_3D('',#92,#1321,#1322);
#1321=DIRECTION('',(0,0,1));
#1322=DIRECTION('',(-1,0,0));
#1323=FACE_BOUND('',#1324,.T.);
#1324=EDGE_LOOP('',(#1325,#1326,#1327));
#1325=ORIENTED_EDGE('',*,*,#1328,.T.);
#1326=ORIENTED_EDGE('',*,*,#1329,.T.);
#1327=ORIENTED_EDGE('',*,*,#1330,.T.);
#1328=EDGE_CURVE('',#93,#91,#1331,.F.);
#1329=EDGE_CURVE('',#91,#95,#1332,.T.);
#1330=EDGE_CURVE('',#95,#93,#1333,.T.);
#1331=LINE('',#92,#1334);
#1332=LINE('',#90,#1335);
#1333=LINE('',#94,#1336);
#1334=VECTOR('',#1337,1.0);
#1335=VECTOR('',#1338,1.0);
#1336=VECTOR('',#1339,1.0);
#1337=DIRECTION('',(-1,0,0));
#1338=DIRECTION('',(-0.47139799276012556,-0.881920593036428,0));
#1339=DIRECTION('',(0.9999743006310937,0.0071692452430540034,0));
#1340=FACE_SURFACE('',(#1345),#1341,.T.);
#1341=PLANE('',#1342);
#1342=AXIS2_PLACEMENT_3D('',#96,#1343,#1344);
#1343=DIRECTION('',(0,0,1));
#1344=DIRECTION('',(-0.4714031730313694,0.8819178240947152,0));
#1345=FACE_BOUND('',#1346,.T.);
#1346=EDGE_LOOP('',(#1347,#1348,#1349));
#1347=ORIENTED_EDGE('',*,*,#1350,.T.);
#1348=ORIENTED_EDGE('',*,*,#1351,.T.);
#1349=ORIENTED_EDGE('',*,*,#1352,.T.);
#1350=EDGE_CURVE('',#97,#93,#1353,.F.);
#1351=EDGE_CURVE('',#93,#95,#1354,.T.);
#1352=EDGE_CURVE('',#95,#97,#1355,.T.);
#1353=LINE('',#96,#1356);
#1354=LINE('',#92,#1357);
#1355=LINE('',#94,#1358);
#1356=VECTOR('',#1359,1.0);
#1357=VECTOR('',#1360,1.0);
#1358=VECTOR('',#1361,1.0);
#1359=DIRECTION('',(-0.4714031730313694,0.8819178240947152,0));
#1360=DIRECTION('',(-0.9999743006310937,-0.0071692452430540034,0));
#1361=DIRECTION('',(1,0,0));
#1362=FACE_SURFACE('',(#1367),#1363,.T.);
#1363=PLANE('',#1364);
#1364=AXIS2_PLACEMENT_3D('',#96,#1365,#1366);
#1365=DIRECTION('',(0,0,1));
#1366=DIRECTION('',(-1,0,0));
#1367=FACE_BOUND('',#1368,.T.);
#1368=EDGE_LOOP('',(#1369,#1370,#1371));
#1369=ORIENTED_EDGE('',*,*,#1372,.T.);
#1370=ORIENTED_EDGE('',*,*,#1373,.T.);
#1371=ORIENTED_EDGE('',*,*,#1374,.T.);
#1372=EDGE_CURVE('',#97,#95,#1375,.F.);
#1373=EDGE_CURVE('',#95,#99,#1376,.T.);
#1374=EDGE_CURVE('',#99,#97,#1377,.T.);
#1375=LINE('',#96,#1378);
#1376=LINE('',#94,#1379);
#1377=LINE('',#98,#1380);
#1378=VECTOR('',#1381,1.0);
#1379=VECTOR('',#1382,1.0);
#1380=VECTOR('',#1383,1.0);
#1381=DIRECTION('',(-1,0,0));
#1382=DIRECTION('',(-0.634398055434882,-0.7730065376569853,0));
#1383=DIRECTION('',(0.9999806064130462,0.0062279047677794245,0));
#1384=FACE_SURFACE('',(#1389),#1385,.T.);
#1385=PLANE('',#1386);
#1386=AXIS2_PLACEMENT_3D('',#100,#1387,#1388);
#1387=DIRECTION('',(0,0,1));
#1388=DIRECTION('',(-0.6343940755918345,0.7730098038537297,0));
#1389=FACE_BOUND('',#1390,.T.);
#1390=EDGE_LOOP('',(#1391,#1392,#1393));
#1391=ORIENTED_EDGE('',*,*,#1394,.T.);
#1392=ORIENTED_EDGE('',*,*,#1395,.T.);
#1393=ORIENTED_EDGE('',*,*,#1396,.T.);
#1394=EDGE_CURVE('',#101,#97,#1397,.F.);
#1395=EDGE_CURVE('',#97,#99,#1398,.T.);
#1396=EDGE_CURVE('',#99,#101,#1399,.T.);
#1397=LINE('',#100,#1400);
#1398=LINE('',#96,#1401);
#1399=LINE('',#98,#1402);
#1400=VECTOR('',#1403,1.0);
#1401=VECTOR('',#1404,1.0);
#1402=VECTOR('',#1405,1.0);
#1403=DIRECTION('',(-0.6343940755918345,0.7730098038537297,0));
#1404=DIRECTION('',(-0.9999806064130462,-0.0062279047677794245,0));
#1405=DIRECTION('',(1,0,0));
#1406=FACE_SURFACE('',(#1411),#1407,.T.);
#1407=PLANE('',#1408);
#1408=AXIS2_PLACEMENT_3D('',#100,#1409,#1410);
#1409=DIRECTION('',(0,0,1));
#1410=DIRECTION('',(-1,0,0));
#1411=FACE_BOUND('',#1412,.T.);
#1412=EDGE_LOOP('',(#1413,#1414,#1415));
#1413=ORIENTED_EDGE('',*,*,#1416,.T.);
#1414=ORIENTED_EDGE('',*,*,#1417,.T.);
#1415=ORIENTED_EDGE('',*,*,#1418,.T.);
#1416=EDGE_CURVE('',#101,#99,#1419,.F.);
#1417=EDGE_CURVE('',#99,#103,#1420,.T.);
#1418=EDGE_CURVE('',#103,#101,#1421,.T.);
#1419=LINE('',#100,#1422);
#1420=LINE('',#98,#1423);
#1421=LINE('',#102,#1424);
#1422=VECTOR('',#1425,1.0);
#1423=VECTOR('',#1426,1.0);
#1424=VECTOR('',#1427,1.0);
#1425=DIRECTION('',(-1,0,0));
#1426=DIRECTION('',(-0.7730032714673523,-0.6344020352274818,0));
#1427=DIRECTION('',(0.9999872286970586,0.005053953183075746,0));
#1428=FACE_SURFACE('',(#1433),#1429,.T.);
#1429=PLANE('',#1430);
#1430=AXIS2_PLACEMENT_3D('',#104,#1431,#1432);
#1431=DIRECTION('',(0,0,1));
#1432=DIRECTION('',(-0.773005951998172,0.6343987690525571,0));
#1433=FACE_BOUND('',#1434,.T.);
#1434=EDGE_LOOP('',(#1435,#1436,#1437));
#1435=ORIENTED_EDGE('',*,*,#1438,.T.);
#1436=ORIENTED_EDGE('',*,*,#1439,.T.);
#1437=ORIENTED_EDGE('',*,*,#1440,.T.);
#1438=EDGE_CURVE('',#105,#101,#1441,.F.);
#1439=EDGE_CURVE('',#101,#103,#1442,.T.);
#1440=EDGE_CURVE('',#103,#105,#1443,.T.);
#1441=LINE('',#104,#1444);
#1442=LINE('',#100,#1445);
#1443=LINE('',#102,#1446);
#1444=VECTOR('',#1447,1.0);
#1445=VECTOR('',#1448,1.0);
#1446=VECTOR('',#1449,1.0);
#1447=DIRECTION('',(-0.773005951998172,0.6343987690525571,0));
#1448=DIRECTION('',(-0.9999872286970586,-0.005053953183075746,0));
#1449=DIRECTION('',(1,0,0));
#1450=FACE_SURFACE('',(#1455),#1451,.T.);
#1451=PLANE('',#1452);
#1452=AXIS2_PLACEMENT_3D('',#104,#1453,#1454);
#1453=DIRECTION('',(0,0,1));
#1454=DIRECTION('',(-1,0,0));
#1455=FACE_BOUND('',#1456,.T.);
#1456=EDGE_LOOP('',(#1457,#1458,#1459));
#1457=ORIENTED_EDGE('',*,*,#1460,.T.);
#1458=ORIENTED_EDGE('',*,*,#1461,.T.);
#1459=ORIENTED_EDGE('',*,*,#1462,.T.);
#1460=EDGE_CURVE('',#105,#103,#1463,.F.);
#1461=EDGE_CURVE('',#103,#107,#1464,.T.);
#1462=EDGE_CURVE('',#107,#105,#1465,.T.);
#1463=LINE('',#104,#1466);
#1464=LINE('',#102,#1467);
#1465=LINE('',#106,#1468);
#1466=VECTOR('',#1469,1.0);
#1467=VECTOR('',#1470,1.0);
#1468=VECTOR('',#1471,1.0);
#1469=DIRECTION('',(-1,0,0));
#1470=DIRECTION('',(-0.8819233619650994,-0.47139281244008846,0));
#1471=DIRECTION('',(0.9999931309728891,0.003706481760143547,0));
#1472=FACE_SURFACE('',(#1477),#1473,.T.);
#1473=PLANE('',#1474);
#1474=AXIS2_PLACEMENT_3D('',#108,#1475,#1476);
#1475=DIRECTION('',(0,0,1));
#1476=DIRECTION('',(-0.8819233619650994,0.47139281244008846,0));
#1477=FACE_BOUND('',#1478,.T.);
#1478=EDGE_LOOP('',(#1479,#1480,#1481));
#1479=ORIENTED_EDGE('',*,*,#1482,.T.);
#1480=ORIENTED_EDGE('',*,*,#1483,.T.);
#1481=ORIENTED_EDGE('',*,*,#1484,.T.);
#1482=EDGE_CURVE('',#109,#105,#1485,.F.);
#1483=EDGE_CURVE('',#105,#107,#1486,.T.);
#1484=EDGE_CURVE('',#107,#109,#1487,.T.);
#1485=LINE('',#108,#1488);
#1486=LINE('',#104,#1489);
#1487=LINE('',#106,#1490);
#1488=VECTOR('',#1491,1.0);
#1489=VECTOR('',#1492,1.0);
#1490=VECTOR('',#1493,1.0);
#1491=DIRECTION('',(-0.8819233619650994,0.47139281244008846,0));
#1492=DIRECTION('',(-0.9999931309728891,-0.003706481760143547,0));
#1493=DIRECTION('',(1,0,0));
#1494=FACE_SURFACE('',(#1499),#1495,.T.);
#1495=PLANE('',#1496);
#1496=AXIS2_PLACEMENT_3D('',#108,#1497,#1498);
#1497=DIRECTION('',(0,0,1));
#1498=DIRECTION('',(-1,0,0));
#1499=FACE_BOUND('',#1500,.T.);
#1500=EDGE_LOOP('',(#1501,#1502,#1503));
#1501=ORIENTED_EDGE('',*,*,#1504,.T.);
#1502=ORIENTED_EDGE('',*,*,#1505,.T.);
#1503=ORIENTED_EDGE('',*,*,#1506,.T.);
#1504=EDGE_CURVE('',#109,#107,#1507,.F.);
#1505=EDGE_CURVE('',#107,#111,#1508,.T.);
#1506=EDGE_CURVE('',#111,#109,#1509,.T.);
#1507=LINE('',#108,#1510);
#1508=LINE('',#106,#1511);
#1509=LINE('',#110,#1512);
#1510=VECTOR('',#1513,1.0);
#1511=VECTOR('',#1514,1.0);
#1512=VECTOR('',#1515,1.0);
#1513=DIRECTION('',(-1,0,0));
#1514=DIRECTION('',(-0.9569426387700003,-0.29027708504790517,0));
#1515=DIRECTION('',(0.9999974690041613,0.002249885613013345,0));
#1516=FACE_SURFACE('',(#1521),#1517,.T.);
#1517=PLANE('',#1518);
#1518=AXIS2_PLACEMENT_3D('',#112,#1519,#1520);
#1519=DIRECTION('',(0,0,1));
#1520=DIRECTION('',(-0.9569426387700003,0.29027708504790517,0));
#1521=FACE_BOUND('',#1522,.T.);
#1522=EDGE_LOOP('',(#1523,#1524,#1525));
#1523=ORIENTED_EDGE('',*,*,#1526,.T.);
#1524=ORIENTED_EDGE('',*,*,#1527,.T.);
#1525=ORIENTED_EDGE('',*,*,#1528,.T.);
#1526=EDGE_CURVE('',#113,#109,#1529,.F.);
#1527=EDGE_CURVE('',#109,#111,#1530,.T.);
#1528=EDGE_CURVE('',#111,#113,#1531,.T.);
#1529=LINE('',#112,#1532);
#1530=LINE('',#108,#1533);
#1531=LINE('',#110,#1534);
#1532=VECTOR('',#1535,1.0);
#1533=VECTOR('',#1536,1.0);
#1534=VECTOR('',#1537,1.0);
#1535=DIRECTION('',(-0.9569426387700003,0.29027708504790517,0));
#1536=DIRECTION('',(-0.9999974690041613,-0.002249885613013345,0));
#1537=DIRECTION('',(1,0,0));
#1538=FACE_SURFACE('',(#1543),#1539,.T.);
#1539=PLANE('',#1540);
#1540=AXIS2_PLACEMENT_3D('',#112,#1541,#1542);
#1541=DIRECTION('',(0,0,1));
#1542=DIRECTION('',(-1,0,0));
#1543=FACE_BOUND('',#1544,.T.);
#1544=EDGE_LOOP('',(#1545,#1546,#1547));
#1545=ORIENTED_EDGE('',*,*,#1548,.T.);
#1546=ORIENTED_EDGE('',*,*,#1549,.T.);
#1547=ORIENTED_EDGE('',*,*,#1550,.T.);
#1548=EDGE_CURVE('',#113,#111,#1551,.F.);
#1549=EDGE_CURVE('',#111,#115,#1552,.T.);
#1550=EDGE_CURVE('',#115,#113,#1553,.T.);
#1551=LINE('',#112,#1554);
#1552=LINE('',#110,#1555);
#1553=LINE('',#114,#1556);
#1554=VECTOR('',#1557,1.0);
#1555=VECTOR('',#1558,1.0);
#1556=VECTOR('',#1559,1.0);
#1557=DIRECTION('',(-1,0,0));
#1558=DIRECTION('',(-0.9951838716472214,-0.09802582115568632,0));
#1559=DIRECTION('',(0.9999997199004984,0.0007484643776520789,0));
#1560=FACE_SURFACE('',(#1565),#1561,.T.);
#1561=PLANE('',#1562);
#1562=AXIS2_PLACEMENT_3D('',#116,#1563,#1564);
#1563=DIRECTION('',(0,0,1));
#1564=DIRECTION('',(-0.9951838716472214,0.09802582115568632,0));
#1565=FACE_BOUND('',#1566,.T.);
#1566=EDGE_LOOP('',(#1567,#1568,#1569));
#1567=ORIENTED_EDGE('',*,*,#1570,.T.);
#1568=ORIENTED_EDGE('',*,*,#1571,.T.);
#1569=ORIENTED_EDGE('',*,*,#1572,.T.);
#1570=EDGE_CURVE('',#117,#113,#1573,.F.);
#1571=EDGE_CURVE('',#113,#115,#1574,.T.);
#1572=EDGE_CURVE('',#115,#117,#1575,.T.);
#1573=LINE('',#116,#1576);
#1574=LINE('',#112,#1577);
#1575=LINE('',#114,#1578);
#1576=VECTOR('',#1579,1.0);
#1577=VECTOR('',#1580,1.0);
#1578=VECTOR('',#1581,1.0);
#1579=DIRECTION('',(-0.9951838716472214,0.09802582115568632,0));
#1580=DIRECTION('',(-0.9999997199004984,-0.0007484643776520789,0));
#1581=DIRECTION('',(1,0,0));
#1582=FACE_SURFACE('',(#1587),#1583,.T.);
#1583=PLANE('',#1584);
#1584=AXIS2_PLACEMENT_3D('',#54,#1585,#1586);
#1585=DIRECTION('',(0,0,1));
#1586=DIRECTION('',(-0.6797958779719729,0.733401366437447,0));
#1587=FACE_BOUND('',#1588,.T.);
#1588=EDGE_LOOP('',(#1589,#1590,#1591));
#1589=ORIENTED_EDGE('',*,*,#1592,.T.);
#1590=ORIENTED_EDGE('',*,*,#1593,.T.);
#1591=ORIENTED_EDGE('',*,*,#1594,.T.);
#1592=EDGE_CURVE('',#55,#119,#1595,.F.);
#1593=EDGE_CURVE('',#119,#121,#1596,.T.);
#1594=EDGE_CURVE('',#121,#55,#1597,.T.);
#1595=LINE('',#54,#1598);
#1596=LINE('',#118,#1599);
#1597=LINE('',#120,#1600);
#1598=VECTOR('',#1601,1.0);
#1599=VECTOR('',#1602,1.0);
#1600=VECTOR('',#1603,1.0);
#1601=DIRECTION('',(-0.6797958779719729,0.733401366437447,0));
#1602=DIRECTION('',(-0.7730012725658062,-0.6344044708320112,0));
#1603=DIRECTION('',(0.8011665124911652,-0.5984414919294481,0));
#1604=FACE_SURFACE('',(#1609),#1605,.T.);
#1605=PLANE('',#1606);
#1606=AXIS2_PLACEMENT_3D('',#122,#1607,#1608);
#1607=DIRECTION('',(0,0,1));
#1608=DIRECTION('',(-0.6344012018241337,0.7730039554388416,0));
#1609=FACE_BOUND('',#1610,.T.);
#1610=EDGE_LOOP('',(#1611,#1612,#1613));
#1611=ORIENTED_EDGE('',*,*,#1614,.T.);
#1612=ORIENTED_EDGE('',*,*,#1615,.T.);
#1613=ORIENTED_EDGE('',*,*,#1616,.T.);
#1614=EDGE_CURVE('',#123,#125,#1617,.F.);
#1615=EDGE_CURVE('',#125,#37,#1618,.T.);
#1616=EDGE_CURVE('',#37,#123,#1619,.T.);
#1617=LINE('',#122,#1620);
#1618=LINE('',#124,#1621);
#1619=LINE('',#36,#1622);
#1620=VECTOR('',#1623,1.0);
#1621=VECTOR('',#1624,1.0);
#1622=VECTOR('',#1625,1.0);
#1623=DIRECTION('',(-0.6344012018241337,0.7730039554388416,0));
#1624=DIRECTION('',(-0.6797980225432083,-0.7333993786105519,0));
#1625=DIRECTION('',(0.7173524120575354,0.6967104972047112,0));
#1626=FACE_SURFACE('',(#1631),#1627,.T.);
#1627=PLANE('',#1628);
#1628=AXIS2_PLACEMENT_3D('',#126,#1629,#1630);
#1629=DIRECTION('',(0,0,1));
#1630=DIRECTION('',(-0.7730032714673523,0.6344020352274818,0));
#1631=FACE_BOUND('',#1632,.T.);
#1632=EDGE_LOOP('',(#1633,#1634,#1635));
#1633=ORIENTED_EDGE('',*,*,#1636,.T.);
#1634=ORIENTED_EDGE('',*,*,#1637,.T.);
#1635=ORIENTED_EDGE('',*,*,#1638,.T.);
#1636=EDGE_CURVE('',#127,#123,#1639,.F.);
#1637=EDGE_CURVE('',#123,#37,#1640,.T.);
#1638=EDGE_CURVE('',#37,#127,#1641,.T.);
#1639=LINE('',#126,#1642);
#1640=LINE('',#122,#1643);
#1641=LINE('',#36,#1644);
#1642=VECTOR('',#1645,1.0);
#1643=VECTOR('',#1646,1.0);
#1644=VECTOR('',#1647,1.0);
#1645=DIRECTION('',(-0.7730032714673523,0.6344020352274818,0));
#1646=DIRECTION('',(-0.7173524120575354,-0.6967104972047112,0));
#1647=DIRECTION('',(0.8446112840393301,0.5353800321952941,0));
#1648=FACE_SURFACE('',(#1653),#1649,.T.);
#1649=PLANE('',#1650);
#1650=AXIS2_PLACEMENT_3D('',#54,#1651,#1652);
#1651=DIRECTION('',(0,0,1));
#1652=DIRECTION('',(-0.8011665124911652,0.5984414919294481,0));
#1653=FACE_BOUND('',#1654,.T.);
#1654=EDGE_LOOP('',(#1655,#1656,#1657));
#1655=ORIENTED_EDGE('',*,*,#1658,.T.);
#1656=ORIENTED_EDGE('',*,*,#1659,.T.);
#1657=ORIENTED_EDGE('',*,*,#1660,.T.);
#1658=EDGE_CURVE('',#55,#121,#1661,.F.);
#1659=EDGE_CURVE('',#121,#129,#1662,.T.);
#1660=EDGE_CURVE('',#129,#55,#1663,.T.);
#1661=LINE('',#54,#1664);
#1662=LINE('',#120,#1665);
#1663=LINE('',#128,#1666);
#1664=VECTOR('',#1667,1.0);
#1665=VECTOR('',#1668,1.0);
#1666=VECTOR('',#1669,1.0);
#1667=DIRECTION('',(-0.8011665124911652,0.5984414919294481,0));
#1668=DIRECTION('',(-0.8819218819481763,-0.47139558137618004,0));
#1669=DIRECTION('',(0.8986532049777576,-0.43865979663425325,0));
#1670=FACE_SURFACE('',(#1675),#1671,.T.);
#1671=PLANE('',#1672);
#1672=AXIS2_PLACEMENT_3D('',#54,#1673,#1674);
#1673=DIRECTION('',(0,0,1));
#1674=DIRECTION('',(-0.8986532049777576,0.43865979663425325,0));
#1675=FACE_BOUND('',#1676,.T.);
#1676=EDGE_LOOP('',(#1677,#1678,#1679));
#1677=ORIENTED_EDGE('',*,*,#1680,.T.);
#1678=ORIENTED_EDGE('',*,*,#1681,.T.);
#1679=ORIENTED_EDGE('',*,*,#1682,.T.);
#1680=EDGE_CURVE('',#55,#129,#1683,.F.);
#1681=EDGE_CURVE('',#129,#131,#1684,.T.);
#1682=EDGE_CURVE('',#131,#55,#1685,.T.);
#1683=LINE('',#54,#1686);
#1684=LINE('',#128,#1687);
#1685=LINE('',#130,#1688);
#1686=VECTOR('',#1689,1.0);
#1687=VECTOR('',#1690,1.0);
#1688=VECTOR('',#1691,1.0);
#1689=DIRECTION('',(-0.8986532049777576,0.43865979663425325,0));
#1690=DIRECTION('',(-0.9569420775601429,-0.29027893515526987,0));
#1691=DIRECTION('',(0.9450742964683194,-0.32685558608491183,0));
#1692=FACE_SURFACE('',(#1697),#1693,.T.);
#1693=PLANE('',#1694);
#1694=AXIS2_PLACEMENT_3D('',#132,#1695,#1696);
#1695=DIRECTION('',(0,0,1));
#1696=DIRECTION('',(-0.8819233619650994,0.47139281244008846,0));
#1697=FACE_BOUND('',#1698,.T.);
#1698=EDGE_LOOP('',(#1699,#1700,#1701));
#1699=ORIENTED_EDGE('',*,*,#1702,.T.);
#1700=ORIENTED_EDGE('',*,*,#1703,.T.);
#1701=ORIENTED_EDGE('',*,*,#1704,.T.);
#1702=EDGE_CURVE('',#133,#127,#1705,.F.);
#1703=EDGE_CURVE('',#127,#37,#1706,.T.);
#1704=EDGE_CURVE('',#37,#133,#1707,.T.);
#1705=LINE('',#132,#1708);
#1706=LINE('',#126,#1709);
#1707=LINE('',#36,#1710);
#1708=VECTOR('',#1711,1.0);
#1709=VECTOR('',#1712,1.0);
#1710=VECTOR('',#1713,1.0);
#1711=DIRECTION('',(-0.8819233619650994,0.47139281244008846,0));
#1712=DIRECTION('',(-0.8446112840393301,-0.5353800321952941,0));
#1713=DIRECTION('',(0.9195691313129636,0.39292825392980024,0));
#1714=FACE_SURFACE('',(#1719),#1715,.T.);
#1715=PLANE('',#1716);
#1716=AXIS2_PLACEMENT_3D('',#134,#1717,#1718);
#1717=DIRECTION('',(0,0,1));
#1718=DIRECTION('',(-0.9569426387700003,0.29027708504790517,0));
#1719=FACE_BOUND('',#1720,.T.);
#1720=EDGE_LOOP('',(#1721,#1722,#1723));
#1721=ORIENTED_EDGE('',*,*,#1724,.T.);
#1722=ORIENTED_EDGE('',*,*,#1725,.T.);
#1723=ORIENTED_EDGE('',*,*,#1726,.T.);
#1724=EDGE_CURVE('',#135,#133,#1727,.F.);
#1725=EDGE_CURVE('',#133,#37,#1728,.T.);
#1726=EDGE_CURVE('',#37,#135,#1729,.T.);
#1727=LINE('',#134,#1730);
#1728=LINE('',#132,#1731);
#1729=LINE('',#36,#1732);
#1730=VECTOR('',#1733,1.0);
#1731=VECTOR('',#1734,1.0);
#1732=VECTOR('',#1735,1.0);
#1733=DIRECTION('',(-0.9569426387700003,0.29027708504790517,0));
#1734=DIRECTION('',(-0.9195691313129636,-0.39292825392980024,0));
#1735=DIRECTION('',(0.955241839243787,0.295826010617976,0));
#1736=FACE_SURFACE('',(#1741),#1737,.T.);
#1737=PLANE('',#1738);
#1738=AXIS2_PLACEMENT_3D('',#54,#1739,#1740);
#1739=DIRECTION('',(0,0,1));
#1740=DIRECTION('',(-0.9450742964683194,0.32685558608491183,0));
#1741=FACE_BOUND('',#1742,.T.);
#1742=EDGE_LOOP('',(#1743,#1744,#1745));
#1743=ORIENTED_EDGE('',*,*,#1746,.T.);
#1744=ORIENTED_EDGE('',*,*,#1747,.T.);
#1745=ORIENTED_EDGE('',*,*,#1748,.T.);
#1746=EDGE_CURVE('',#55,#131,#1749,.F.);
#1747=EDGE_CURVE('',#131,#117,#1750,.T.);
#1748=EDGE_CURVE('',#117,#55,#1751,.T.);
#1749=LINE('',#54,#1752);
#1750=LINE('',#130,#1753);
#1751=LINE('',#116,#1754);
#1752=VECTOR('',#1755,1.0);
#1753=VECTOR('',#1756,1.0);
#1754=VECTOR('',#1757,1.0);
#1755=DIRECTION('',(-0.9450742964683194,0.32685558608491183,0));
#1756=DIRECTION('',(-0.9951837436468295,-0.09802712064057473,0));
#1757=DIRECTION('',(0.9639920433199534,-0.2659310820792132,0));
#1758=FACE_SURFACE('',(#1763),#1759,.T.);
#1759=PLANE('',#1760);
#1760=AXIS2_PLACEMENT_3D('',#114,#1761,#1762);
#1761=DIRECTION('',(0,0,1));
#1762=DIRECTION('',(-0.9951838076476617,0.09802647089384477,0));
#1763=FACE_BOUND('',#1764,.T.);
#1764=EDGE_LOOP('',(#1765,#1766,#1767));
#1765=ORIENTED_EDGE('',*,*,#1768,.T.);
#1766=ORIENTED_EDGE('',*,*,#1769,.T.);
#1767=ORIENTED_EDGE('',*,*,#1770,.T.);
#1768=EDGE_CURVE('',#115,#135,#1771,.F.);
#1769=EDGE_CURVE('',#135,#37,#1772,.T.);
#1770=EDGE_CURVE('',#37,#115,#1773,.T.);
#1771=LINE('',#114,#1774);
#1772=LINE('',#134,#1775);
#1773=LINE('',#36,#1776);
#1774=VECTOR('',#1777,1.0);
#1775=VECTOR('',#1778,1.0);
#1776=VECTOR('',#1779,1.0);
#1777=DIRECTION('',(-0.9951838076476617,0.09802647089384477,0));
#1778=DIRECTION('',(-0.955241839243787,-0.295826010617976,0));
#1779=DIRECTION('',(0.9698785169391205,0.2435891261529797,0));
#1780=FACE_SURFACE('',(#1785),#1781,.T.);
#1781=PLANE('',#1782);
#1782=AXIS2_PLACEMENT_3D('',#54,#1783,#1784);
#1783=DIRECTION('',(0,0,1));
#1784=DIRECTION('',(-0.9639920433199534,0.2659310820792132,0));
#1785=FACE_BOUND('',#1786,.T.);
#1786=EDGE_LOOP('',(#1787,#1788,#1789));
#1787=ORIENTED_EDGE('',*,*,#1790,.T.);
#1788=ORIENTED_EDGE('',*,*,#1791,.T.);
#1789=ORIENTED_EDGE('',*,*,#1792,.T.);
#1790=EDGE_CURVE('',#55,#117,#1793,.F.);
#1791=EDGE_CURVE('',#117,#115,#1794,.T.);
#1792=EDGE_CURVE('',#115,#55,#1795,.T.);
#1793=LINE('',#54,#1796);
#1794=LINE('',#116,#1797);
#1795=LINE('',#114,#1798);
#1796=VECTOR('',#1799,1.0);
#1797=VECTOR('',#1800,1.0);
#1798=VECTOR('',#1801,1.0);
#1799=DIRECTION('',(-0.9639920433199534,0.2659310820792132,0));
#1800=DIRECTION('',(-1,0,0));
#1801=DIRECTION('',(0.9999205697208561,-0.01260373948948194,0));
#1802=FACE_SURFACE('',(#1807),#1803,.T.);
#1803=PLANE('',#1804);
#1804=AXIS2_PLACEMENT_3D('',#114,#1805,#1806);
#1805=DIRECTION('',(0,0,1));
#1806=DIRECTION('',(-0.9698785169391205,-0.2435891261529797,0));
#1807=FACE_BOUND('',#1808,.T.);
#1808=EDGE_LOOP('',(#1809,#1810,#1811));
#1809=ORIENTED_EDGE('',*,*,#1812,.T.);
#1810=ORIENTED_EDGE('',*,*,#1813,.T.);
#1811=ORIENTED_EDGE('',*,*,#1814,.T.);
#1812=EDGE_CURVE('',#115,#37,#1815,.F.);
#1813=EDGE_CURVE('',#37,#55,#1816,.T.);
#1814=EDGE_CURVE('',#55,#115,#1817,.T.);
#1815=LINE('',#114,#1818);
#1816=LINE('',#36,#1819);
#1817=LINE('',#54,#1820);
#1818=VECTOR('',#1821,1.0);
#1819=VECTOR('',#1822,1.0);
#1820=VECTOR('',#1823,1.0);
#1821=DIRECTION('',(-0.9698785169391205,-0.2435891261529797,0));
#1822=DIRECTION('',(1,0,0));
#1823=DIRECTION('',(-0.9999205697208561,0.01260373948948194,0));
#1824=FACE_SURFACE('',(#1829),#1825,.T.);
#1825=PLANE('',#1826);
#1826=AXIS2_PLACEMENT_3D('',#136,#1827,#1828);
#1827=DIRECTION('',(-0,0,1));
#1828=DIRECTION('',(0.773012879478525,-0.6343903279214772,0));
#1829=FACE_BOUND('',#1830,.T.);
#1830=EDGE_LOOP('',(#1831,#1832,#1833));
#1831=ORIENTED_EDGE('',*,*,#1834,.T.);
#1832=ORIENTED_EDGE('',*,*,#1835,.T.);
#1833=ORIENTED_EDGE('',*,*,#1836,.T.);
#1834=EDGE_CURVE('',#137,#67,#1837,.F.);
#1835=EDGE_CURVE('',#67,#65,#1838,.T.);
#1836=EDGE_CURVE('',#65,#137,#1839,.T.);
#1837=LINE('',#136,#1840);
#1838=LINE('',#66,#1841);
#1839=LINE('',#64,#1842);
#1840=VECTOR('',#1843,1.0);
#1841=VECTOR('',#1844,1.0);
#1842=VECTOR('',#1845,1.0);
#1843=DIRECTION('',(0.773012879478525,-0.6343903279214772,0));
#1844=DIRECTION('',(0.6797970113913312,0.7334003158599088,0));
#1845=DIRECTION('',(-0.8029459911246241,-0.5960517891399162,0));
#1846=FACE_SURFACE('',(#1851),#1847,.T.);
#1847=PLANE('',#1848);
#1848=AXIS2_PLACEMENT_3D('',#64,#1849,#1850);
#1849=DIRECTION('',(0,-0,1));
#1850=DIRECTION('',(0,1,0));
#1851=FACE_BOUND('',#1852,.T.);
#1852=EDGE_LOOP('',(#1853,#1854,#1855));
#1853=ORIENTED_EDGE('',*,*,#1856,.T.);
#1854=ORIENTED_EDGE('',*,*,#1857,.T.);
#1855=ORIENTED_EDGE('',*,*,#1858,.T.);
#1856=EDGE_CURVE('',#65,#139,#1859,.F.);
#1857=EDGE_CURVE('',#139,#141,#1860,.T.);
#1858=EDGE_CURVE('',#141,#65,#1861,.T.);
#1859=LINE('',#64,#1862);
#1860=LINE('',#138,#1863);
#1861=LINE('',#140,#1864);
#1862=VECTOR('',#1865,1.0);
#1863=VECTOR('',#1866,1.0);
#1864=VECTOR('',#1867,1.0);
#1865=DIRECTION('',(0,1,0));
#1866=DIRECTION('',(-0.5312638478934136,0.8472064234420581,0));
#1867=DIRECTION('',(0.004872568772169272,-0.9999881289663195,0));
#1868=FACE_SURFACE('',(#1873),#1869,.T.);
#1869=PLANE('',#1870);
#1870=AXIS2_PLACEMENT_3D('',#64,#1871,#1872);
#1871=DIRECTION('',(0,0,1));
#1872=DIRECTION('',(-0.004872568772169272,0.9999881289663195,0));
#1873=FACE_BOUND('',#1874,.T.);
#1874=EDGE_LOOP('',(#1875,#1876,#1877));
#1875=ORIENTED_EDGE('',*,*,#1878,.T.);
#1876=ORIENTED_EDGE('',*,*,#1879,.T.);
#1877=ORIENTED_EDGE('',*,*,#1880,.T.);
#1878=EDGE_CURVE('',#65,#141,#1881,.F.);
#1879=EDGE_CURVE('',#141,#143,#1882,.T.);
#1880=EDGE_CURVE('',#143,#65,#1883,.T.);
#1881=LINE('',#64,#1884);
#1882=LINE('',#140,#1885);
#1883=LINE('',#142,#1886);
#1884=VECTOR('',#1887,1.0);
#1885=VECTOR('',#1888,1.0);
#1886=VECTOR('',#1889,1.0);
#1887=DIRECTION('',(-0.004872568772169272,0.9999881289663195,0));
#1888=DIRECTION('',(-0.7730065376569853,-0.634398055434882,0));
#1889=DIRECTION('',(0.009423874165353814,-0.9999555943119252,0));
#1890=FACE_SURFACE('',(#1895),#1891,.T.);
#1891=PLANE('',#1892);
#1892=AXIS2_PLACEMENT_3D('',#144,#1893,#1894);
#1893=DIRECTION('',(-0,0,1));
#1894=DIRECTION('',(0.8819178240947152,-0.4714031730313694,0));
#1895=FACE_BOUND('',#1896,.T.);
#1896=EDGE_LOOP('',(#1897,#1898,#1899));
#1897=ORIENTED_EDGE('',*,*,#1900,.T.);
#1898=ORIENTED_EDGE('',*,*,#1901,.T.);
#1899=ORIENTED_EDGE('',*,*,#1902,.T.);
#1900=EDGE_CURVE('',#145,#137,#1903,.F.);
#1901=EDGE_CURVE('',#137,#65,#1904,.T.);
#1902=EDGE_CURVE('',#65,#145,#1905,.T.);
#1903=LINE('',#144,#1906);
#1904=LINE('',#136,#1907);
#1905=LINE('',#64,#1908);
#1906=VECTOR('',#1909,1.0);
#1907=VECTOR('',#1910,1.0);
#1908=VECTOR('',#1911,1.0);
#1909=DIRECTION('',(0.8819178240947152,-0.4714031730313694,0));
#1910=DIRECTION('',(0.8029459911246241,0.5960517891399162,0));
#1911=DIRECTION('',(-0.9604604095756409,-0.2784165972742863,0));
#1912=FACE_SURFACE('',(#1917),#1913,.T.);
#1913=PLANE('',#1914);
#1914=AXIS2_PLACEMENT_3D('',#146,#1915,#1916);
#1915=DIRECTION('',(-0,0,1));
#1916=DIRECTION('',(0.9569426387700003,-0.29027708504790517,0));
#1917=FACE_BOUND('',#1918,.T.);
#1918=EDGE_LOOP('',(#1919,#1920,#1921));
#1919=ORIENTED_EDGE('',*,*,#1922,.T.);
#1920=ORIENTED_EDGE('',*,*,#1923,.T.);
#1921=ORIENTED_EDGE('',*,*,#1924,.T.);
#1922=EDGE_CURVE('',#147,#145,#1925,.F.);
#1923=EDGE_CURVE('',#145,#65,#1926,.T.);
#1924=EDGE_CURVE('',#65,#147,#1927,.T.);
#1925=LINE('',#146,#1928);
#1926=LINE('',#144,#1929);
#1927=LINE('',#64,#1930);
#1928=VECTOR('',#1931,1.0);
#1929=VECTOR('',#1932,1.0);
#1930=VECTOR('',#1933,1.0);
#1931=DIRECTION('',(0.9569426387700003,-0.29027708504790517,0));
#1932=DIRECTION('',(0.9604604095756409,0.2784165972742863,0));
#1933=DIRECTION('',(-0.9922615509163223,-0.12416527120388703,0));
#1934=FACE_SURFACE('',(#1939),#1935,.T.);
#1935=PLANE('',#1936);
#1936=AXIS2_PLACEMENT_3D('',#64,#1937,#1938);
#1937=DIRECTION('',(0,0,1));
#1938=DIRECTION('',(-0.009423874165353814,0.9999555943119252,0));
#1939=FACE_BOUND('',#1940,.T.);
#1940=EDGE_LOOP('',(#1941,#1942,#1943));
#1941=ORIENTED_EDGE('',*,*,#1944,.T.);
#1942=ORIENTED_EDGE('',*,*,#1945,.T.);
#1943=ORIENTED_EDGE('',*,*,#1946,.T.);
#1944=EDGE_CURVE('',#65,#143,#1947,.F.);
#1945=EDGE_CURVE('',#143,#149,#1948,.T.);
#1946=EDGE_CURVE('',#149,#65,#1949,.T.);
#1947=LINE('',#64,#1950);
#1948=LINE('',#142,#1951);
#1949=LINE('',#148,#1952);
#1950=VECTOR('',#1953,1.0);
#1951=VECTOR('',#1954,1.0);
#1952=VECTOR('',#1955,1.0);
#1953=DIRECTION('',(-0.009423874165353814,0.9999555943119252,0));
#1954=DIRECTION('',(-0.881920593036428,-0.47139799276012556,0));
#1955=DIRECTION('',(0.014635503969568704,-0.9998928952760675,0));
#1956=FACE_SURFACE('',(#1961),#1957,.T.);
#1957=PLANE('',#1958);
#1958=AXIS2_PLACEMENT_3D('',#64,#1959,#1960);
#1959=DIRECTION('',(0,0,1));
#1960=DIRECTION('',(-0.014635503969568704,0.9998928952760675,0));
#1961=FACE_BOUND('',#1962,.T.);
#1962=EDGE_LOOP('',(#1963,#1964,#1965));
#1963=ORIENTED_EDGE('',*,*,#1966,.T.);
#1964=ORIENTED_EDGE('',*,*,#1967,.T.);
#1965=ORIENTED_EDGE('',*,*,#1968,.T.);
#1966=EDGE_CURVE('',#65,#149,#1969,.F.);
#1967=EDGE_CURVE('',#149,#151,#1970,.T.);
#1968=EDGE_CURVE('',#151,#65,#1971,.T.);
#1969=LINE('',#64,#1972);
#1970=LINE('',#148,#1973);
#1971=LINE('',#150,#1974);
#1972=VECTOR('',#1975,1.0);
#1973=VECTOR('',#1976,1.0);
#1974=VECTOR('',#1977,1.0);
#1975=DIRECTION('',(-0.014635503969568704,0.9998928952760675,0));
#1976=DIRECTION('',(-0.9569407886580253,-0.29028318415395105,0));
#1977=DIRECTION('',(0.02029540785312051,-0.9997940269975989,0));
#1978=FACE_SURFACE('',(#1983),#1979,.T.);
#1979=PLANE('',#1980);
#1980=AXIS2_PLACEMENT_3D('',#152,#1981,#1982);
#1981=DIRECTION('',(-0,0,1));
#1982=DIRECTION('',(0.9951851710292209,-0.09801262859213908,0));
#1983=FACE_BOUND('',#1984,.T.);
#1984=EDGE_LOOP('',(#1985,#1986,#1987));
#1985=ORIENTED_EDGE('',*,*,#1988,.T.);
#1986=ORIENTED_EDGE('',*,*,#1989,.T.);
#1987=ORIENTED_EDGE('',*,*,#1990,.T.);
#1988=EDGE_CURVE('',#153,#147,#1991,.F.);
#1989=EDGE_CURVE('',#147,#65,#1992,.T.);
#1990=EDGE_CURVE('',#65,#153,#1993,.T.);
#1991=LINE('',#152,#1994);
#1992=LINE('',#146,#1995);
#1993=LINE('',#64,#1996);
#1994=VECTOR('',#1997,1.0);
#1995=VECTOR('',#1998,1.0);
#1996=VECTOR('',#1999,1.0);
#1997=DIRECTION('',(0.9951851710292209,-0.09801262859213908,0));
#1998=DIRECTION('',(0.9922615509163223,0.12416527120388703,0));
#1999=DIRECTION('',(-0.9971976923503917,-0.07481151228957623,0));
#2000=FACE_SURFACE('',(#2005),#2001,.T.);
#2001=PLANE('',#2002);
#2002=AXIS2_PLACEMENT_3D('',#152,#2003,#2004);
#2003=DIRECTION('',(0,0,1));
#2004=DIRECTION('',(0.9971976923503917,0.07481151228957623,0));
#2005=FACE_BOUND('',#2006,.T.);
#2006=EDGE_LOOP('',(#2007,#2008,#2009));
#2007=ORIENTED_EDGE('',*,*,#2010,.T.);
#2008=ORIENTED_EDGE('',*,*,#2011,.T.);
#2009=ORIENTED_EDGE('',*,*,#2012,.T.);
#2010=EDGE_CURVE('',#153,#65,#2013,.F.);
#2011=EDGE_CURVE('',#65,#151,#2014,.T.);
#2012=EDGE_CURVE('',#151,#153,#2015,.T.);
#2013=LINE('',#152,#2016);
#2014=LINE('',#64,#2017);
#2015=LINE('',#150,#2018);
#2016=VECTOR('',#2019,1.0);
#2017=VECTOR('',#2020,1.0);
#2018=VECTOR('',#2021,1.0);
#2019=DIRECTION('',(0.9971976923503917,0.07481151228957623,0));
#2020=DIRECTION('',(-0.02029540785312051,0.9997940269975989,0));
#2021=DIRECTION('',(-0.005851239366452394,-0.9999828813524142,0));
#2022=FACE_SURFACE('',(#2027),#2023,.T.);
#2023=PLANE('',#2024);
#2024=AXIS2_PLACEMENT_3D('',#152,#2025,#2026);
#2025=DIRECTION('',(0,0,1));
#2026=DIRECTION('',(0.005851239366452394,0.9999828813524142,0));
#2027=FACE_BOUND('',#2028,.T.);
#2028=EDGE_LOOP('',(#2029,#2030,#2031));
#2029=ORIENTED_EDGE('',*,*,#2032,.T.);
#2030=ORIENTED_EDGE('',*,*,#2033,.T.);
#2031=ORIENTED_EDGE('',*,*,#2034,.T.);
#2032=EDGE_CURVE('',#153,#151,#2035,.F.);
#2033=EDGE_CURVE('',#151,#155,#2036,.T.);
#2034=EDGE_CURVE('',#155,#153,#2037,.T.);
#2035=LINE('',#152,#2038);
#2036=LINE('',#150,#2039);
#2037=LINE('',#154,#2040);
#2038=VECTOR('',#2041,1.0);
#2039=VECTOR('',#2042,1.0);
#2040=VECTOR('',#2043,1.0);
#2041=DIRECTION('',(0.005851239366452394,0.9999828813524142,0));
#2042=DIRECTION('',(-0.9951845213596577,-0.09801922488037212,0));
#2043=DIRECTION('',(0,-1,0));
#2044=FACE_SURFACE('',(#2049),#2045,.T.);
#2045=PLANE('',#2046);
#2046=AXIS2_PLACEMENT_3D('',#156,#2047,#2048);
#2047=DIRECTION('',(0,0,1));
#2048=DIRECTION('',(0.9951851070468029,0.0980132782445506,0));
#2049=FACE_BOUND('',#2050,.T.);
#2050=EDGE_LOOP('',(#2051,#2052,#2053));
#2051=ORIENTED_EDGE('',*,*,#2054,.T.);
#2052=ORIENTED_EDGE('',*,*,#2055,.T.);
#2053=ORIENTED_EDGE('',*,*,#2056,.T.);
#2054=EDGE_CURVE('',#157,#153,#2057,.F.);
#2055=EDGE_CURVE('',#153,#155,#2058,.T.);
#2056=EDGE_CURVE('',#155,#157,#2059,.T.);
#2057=LINE('',#156,#2060);
#2058=LINE('',#152,#2061);
#2059=LINE('',#154,#2062);
#2060=VECTOR('',#2063,1.0);
#2061=VECTOR('',#2064,1.0);
#2062=VECTOR('',#2065,1.0);
#2063=DIRECTION('',(0.9951851070468029,0.0980132782445506,0));
#2064=DIRECTION('',(0,1,0));
#2065=DIRECTION('',(-0.005851200437500966,-0.9999828815802,0));
#2066=FACE_SURFACE('',(#2071),#2067,.T.);
#2067=PLANE('',#2068);
#2068=AXIS2_PLACEMENT_3D('',#156,#2069,#2070);
#2069=DIRECTION('',(0,0,1));
#2070=DIRECTION('',(0.005851200437500966,0.9999828815802,0));
#2071=FACE_BOUND('',#2072,.T.);
#2072=EDGE_LOOP('',(#2073,#2074,#2075));
#2073=ORIENTED_EDGE('',*,*,#2076,.T.);
#2074=ORIENTED_EDGE('',*,*,#2077,.T.);
#2075=ORIENTED_EDGE('',*,*,#2078,.T.);
#2076=EDGE_CURVE('',#157,#155,#2079,.F.);
#2077=EDGE_CURVE('',#155,#159,#2080,.T.);
#2078=EDGE_CURVE('',#159,#157,#2081,.T.);
#2079=LINE('',#156,#2082);
#2080=LINE('',#154,#2083);
#2081=LINE('',#158,#2084);
#2082=VECTOR('',#2085,1.0);
#2083=VECTOR('',#2086,1.0);
#2084=VECTOR('',#2087,1.0);
#2085=DIRECTION('',(0.005851200437500966,0.9999828815802,0));
#2086=DIRECTION('',(-0.9951844573686692,0.09801987457565724,0));
#2087=DIRECTION('',(0,-1,0));
#2088=FACE_SURFACE('',(#2093),#2089,.T.);
#2089=PLANE('',#2090);
#2090=AXIS2_PLACEMENT_3D('',#160,#2091,#2092);
#2091=DIRECTION('',(0,0,1));
#2092=DIRECTION('',(0.9569426387700003,0.29027708504790517,0));
#2093=FACE_BOUND('',#2094,.T.);
#2094=EDGE_LOOP('',(#2095,#2096,#2097));
#2095=ORIENTED_EDGE('',*,*,#2098,.T.);
#2096=ORIENTED_EDGE('',*,*,#2099,.T.);
#2097=ORIENTED_EDGE('',*,*,#2100,.T.);
#2098=EDGE_CURVE('',#161,#157,#2101,.F.);
#2099=EDGE_CURVE('',#157,#159,#2102,.T.);
#2100=EDGE_CURVE('',#159,#161,#2103,.T.);
#2101=LINE('',#160,#2104);
#2102=LINE('',#156,#2105);
#2103=LINE('',#158,#2106);
#2104=VECTOR('',#2107,1.0);
#2105=VECTOR('',#2108,1.0);
#2106=VECTOR('',#2109,1.0);
#2107=DIRECTION('',(0.9569426387700003,0.29027708504790517,0));
#2108=DIRECTION('',(0,1,0));
#2109=DIRECTION('',(-0.005613538821389318,-0.9999842439668242,0));
#2110=FACE_SURFACE('',(#2115),#2111,.T.);
#2111=PLANE('',#2112);
#2112=AXIS2_PLACEMENT_3D('',#160,#2113,#2114);
#2113=DIRECTION('',(0,0,1));
#2114=DIRECTION('',(0.005613538821389318,0.9999842439668242,0));
#2115=FACE_BOUND('',#2116,.T.);
#2116=EDGE_LOOP('',(#2117,#2118,#2119));
#2117=ORIENTED_EDGE('',*,*,#2120,.T.);
#2118=ORIENTED_EDGE('',*,*,#2121,.T.);
#2119=ORIENTED_EDGE('',*,*,#2122,.T.);
#2120=EDGE_CURVE('',#161,#159,#2123,.F.);
#2121=EDGE_CURVE('',#159,#163,#2124,.T.);
#2122=EDGE_CURVE('',#163,#161,#2125,.T.);
#2123=LINE('',#160,#2126);
#2124=LINE('',#158,#2127);
#2125=LINE('',#162,#2128);
#2126=VECTOR('',#2129,1.0);
#2127=VECTOR('',#2130,1.0);
#2128=VECTOR('',#2131,1.0);
#2129=DIRECTION('',(0.005613538821389318,0.9999842439668242,0));
#2130=DIRECTION('',(-0.9569407886580253,0.29028318415395105,0));
#2131=DIRECTION('',(0,-1,0));
#2132=FACE_SURFACE('',(#2137),#2133,.T.);
#2133=PLANE('',#2134);
#2134=AXIS2_PLACEMENT_3D('',#164,#2135,#2136);
#2135=DIRECTION('',(0,0,1));
#2136=DIRECTION('',(0.8819178240947152,0.4714031730313694,0));
#2137=FACE_BOUND('',#2138,.T.);
#2138=EDGE_LOOP('',(#2139,#2140,#2141));
#2139=ORIENTED_EDGE('',*,*,#2142,.T.);
#2140=ORIENTED_EDGE('',*,*,#2143,.T.);
#2141=ORIENTED_EDGE('',*,*,#2144,.T.);
#2142=EDGE_CURVE('',#165,#161,#2145,.F.);
#2143=EDGE_CURVE('',#161,#163,#2146,.T.);
#2144=EDGE_CURVE('',#163,#165,#2147,.T.);
#2145=LINE('',#164,#2148);
#2146=LINE('',#160,#2149);
#2147=LINE('',#162,#2150);
#2148=VECTOR('',#2151,1.0);
#2149=VECTOR('',#2152,1.0);
#2150=VECTOR('',#2153,1.0);
#2151=DIRECTION('',(0.8819178240947152,0.4714031730313694,0));
#2152=DIRECTION('',(0,1,0));
#2153=DIRECTION('',(-0.005150450776639986,-0.9999867363404363,0));
#2154=FACE_SURFACE('',(#2159),#2155,.T.);
#2155=PLANE('',#2156);
#2156=AXIS2_PLACEMENT_3D('',#164,#2157,#2158);
#2157=DIRECTION('',(0,0,1));
#2158=DIRECTION('',(0.005150450776639986,0.9999867363404363,0));
#2159=FACE_BOUND('',#2160,.T.);
#2160=EDGE_LOOP('',(#2161,#2162,#2163));
#2161=ORIENTED_EDGE('',*,*,#2164,.T.);
#2162=ORIENTED_EDGE('',*,*,#2165,.T.);
#2163=ORIENTED_EDGE('',*,*,#2166,.T.);
#2164=EDGE_CURVE('',#165,#163,#2167,.F.);
#2165=EDGE_CURVE('',#163,#167,#2168,.T.);
#2166=EDGE_CURVE('',#167,#165,#2169,.T.);
#2167=LINE('',#164,#2170);
#2168=LINE('',#162,#2171);
#2169=LINE('',#166,#2172);
#2170=VECTOR('',#2173,1.0);
#2171=VECTOR('',#2174,1.0);
#2172=VECTOR('',#2175,1.0);
#2173=DIRECTION('',(0.005150450776639986,0.9999867363404363,0));
#2174=DIRECTION('',(-0.881920593036428,0.47139799276012556,0));
#2175=DIRECTION('',(0,-1,0));
#2176=FACE_SURFACE('',(#2181),#2177,.T.);
#2177=PLANE('',#2178);
#2178=AXIS2_PLACEMENT_3D('',#168,#2179,#2180);
#2179=DIRECTION('',(0,0,1));
#2180=DIRECTION('',(0.7730098038537297,0.6343940755918345,0));
#2181=FACE_BOUND('',#2182,.T.);
#2182=EDGE_LOOP('',(#2183,#2184,#2185));
#2183=ORIENTED_EDGE('',*,*,#2186,.T.);
#2184=ORIENTED_EDGE('',*,*,#2187,.T.);
#2185=ORIENTED_EDGE('',*,*,#2188,.T.);
#2186=EDGE_CURVE('',#169,#165,#2189,.F.);
#2187=EDGE_CURVE('',#165,#167,#2190,.T.);
#2188=EDGE_CURVE('',#167,#169,#2191,.T.);
#2189=LINE('',#168,#2192);
#2190=LINE('',#164,#2193);
#2191=LINE('',#166,#2194);
#2192=VECTOR('',#2195,1.0);
#2193=VECTOR('',#2196,1.0);
#2194=VECTOR('',#2197,1.0);
#2195=DIRECTION('',(0.7730098038537297,0.6343940755918345,0));
#2196=DIRECTION('',(0,1,0));
#2197=DIRECTION('',(-0.004485423048829143,-0.9999899404394392,0));
#2198=FACE_SURFACE('',(#2203),#2199,.T.);
#2199=PLANE('',#2200);
#2200=AXIS2_PLACEMENT_3D('',#168,#2201,#2202);
#2201=DIRECTION('',(0,0,1));
#2202=DIRECTION('',(0.004485423048829143,0.9999899404394392,0));
#2203=FACE_BOUND('',#2204,.T.);
#2204=EDGE_LOOP('',(#2205,#2206,#2207));
#2205=ORIENTED_EDGE('',*,*,#2208,.T.);
#2206=ORIENTED_EDGE('',*,*,#2209,.T.);
#2207=ORIENTED_EDGE('',*,*,#2210,.T.);
#2208=EDGE_CURVE('',#169,#167,#2211,.F.);
#2209=EDGE_CURVE('',#167,#171,#2212,.T.);
#2210=EDGE_CURVE('',#171,#169,#2213,.T.);
#2211=LINE('',#168,#2214);
#2212=LINE('',#166,#2215);
#2213=LINE('',#170,#2216);
#2214=VECTOR('',#2217,1.0);
#2215=VECTOR('',#2218,1.0);
#2216=VECTOR('',#2219,1.0);
#2217=DIRECTION('',(0.004485423048829143,0.9999899404394392,0));
#2218=DIRECTION('',(-0.7730065376569853,0.634398055434882,0));
#2219=DIRECTION('',(0,-1,0));
#2220=FACE_SURFACE('',(#2225),#2221,.T.);
#2221=PLANE('',#2222);
#2222=AXIS2_PLACEMENT_3D('',#172,#2223,#2224);
#2223=DIRECTION('',(0,0,1));
#2224=DIRECTION('',(0.6343947892528462,0.7730092181654996,0));
#2225=FACE_BOUND('',#2226,.T.);
#2226=EDGE_LOOP('',(#2227,#2228,#2229));
#2227=ORIENTED_EDGE('',*,*,#2230,.T.);
#2228=ORIENTED_EDGE('',*,*,#2231,.T.);
#2229=ORIENTED_EDGE('',*,*,#2232,.T.);
#2230=EDGE_CURVE('',#173,#169,#2233,.F.);
#2231=EDGE_CURVE('',#169,#171,#2234,.T.);
#2232=EDGE_CURVE('',#171,#173,#2235,.T.);
#2233=LINE('',#172,#2236);
#2234=LINE('',#168,#2237);
#2235=LINE('',#170,#2238);
#2236=VECTOR('',#2239,1.0);
#2237=VECTOR('',#2240,1.0);
#2238=VECTOR('',#2241,1.0);
#2239=DIRECTION('',(0.6343947892528462,0.7730092181654996,0));
#2240=DIRECTION('',(0,1,0));
#2241=DIRECTION('',(-0.0036513311289861983,-0.9999933338682745,0));
#2242=FACE_SURFACE('',(#2247),#2243,.T.);
#2243=PLANE('',#2244);
#2244=AXIS2_PLACEMENT_3D('',#172,#2245,#2246);
#2245=DIRECTION('',(0,0,1));
#2246=DIRECTION('',(0.0036513311289861983,0.9999933338682745,0));
#2247=FACE_BOUND('',#2248,.T.);
#2248=EDGE_LOOP('',(#2249,#2250,#2251));
#2249=ORIENTED_EDGE('',*,*,#2252,.T.);
#2250=ORIENTED_EDGE('',*,*,#2253,.T.);
#2251=ORIENTED_EDGE('',*,*,#2254,.T.);
#2252=EDGE_CURVE('',#173,#171,#2255,.F.);
#2253=EDGE_CURVE('',#171,#175,#2256,.T.);
#2254=EDGE_CURVE('',#175,#173,#2257,.T.);
#2255=LINE('',#172,#2258);
#2256=LINE('',#170,#2259);
#2257=LINE('',#174,#2260);
#2258=VECTOR('',#2261,1.0);
#2259=VECTOR('',#2262,1.0);
#2260=VECTOR('',#2263,1.0);
#2261=DIRECTION('',(0.0036513311289861983,0.9999933338682745,0));
#2262=DIRECTION('',(-0.634398055434882,0.7730065376569853,0));
#2263=DIRECTION('',(0,-1,0));
#2264=FACE_SURFACE('',(#2269),#2265,.T.);
#2265=PLANE('',#2266);
#2266=AXIS2_PLACEMENT_3D('',#176,#2267,#2268);
#2267=DIRECTION('',(0,0,1));
#2268=DIRECTION('',(0.4713952238388742,0.8819220730551525,0));
#2269=FACE_BOUND('',#2270,.T.);
#2270=EDGE_LOOP('',(#2271,#2272,#2273));
#2271=ORIENTED_EDGE('',*,*,#2274,.T.);
#2272=ORIENTED_EDGE('',*,*,#2275,.T.);
#2273=ORIENTED_EDGE('',*,*,#2276,.T.);
#2274=EDGE_CURVE('',#177,#173,#2277,.F.);
#2275=EDGE_CURVE('',#173,#175,#2278,.T.);
#2276=EDGE_CURVE('',#175,#177,#2279,.T.);
#2277=LINE('',#176,#2280);
#2278=LINE('',#172,#2281);
#2279=LINE('',#174,#2282);
#2280=VECTOR('',#2283,1.0);
#2281=VECTOR('',#2284,1.0);
#2282=VECTOR('',#2285,1.0);
#2283=DIRECTION('',(0.4713952238388742,0.8819220730551525,0));
#2284=DIRECTION('',(0,1,0));
#2285=DIRECTION('',(-0.002687587131173839,-0.9999963884311844,0));
#2286=FACE_SURFACE('',(#2291),#2287,.T.);
#2287=PLANE('',#2288);
#2288=AXIS2_PLACEMENT_3D('',#176,#2289,#2290);
#2289=DIRECTION('',(0,0,1));
#2290=DIRECTION('',(0.002687587131173839,0.9999963884311844,0));
#2291=FACE_BOUND('',#2292,.T.);
#2292=EDGE_LOOP('',(#2293,#2294,#2295));
#2293=ORIENTED_EDGE('',*,*,#2296,.T.);
#2294=ORIENTED_EDGE('',*,*,#2297,.T.);
#2295=ORIENTED_EDGE('',*,*,#2298,.T.);
#2296=EDGE_CURVE('',#177,#175,#2299,.F.);
#2297=EDGE_CURVE('',#175,#179,#2300,.T.);
#2298=EDGE_CURVE('',#179,#177,#2301,.T.);
#2299=LINE('',#176,#2302);
#2300=LINE('',#174,#2303);
#2301=LINE('',#178,#2304);
#2302=VECTOR('',#2305,1.0);
#2303=VECTOR('',#2306,1.0);
#2304=VECTOR('',#2307,1.0);
#2305=DIRECTION('',(0.002687587131173839,0.9999963884311844,0));
#2306=DIRECTION('',(-0.47139799276012556,0.881920593036428,0));
#2307=DIRECTION('',(0,-1,0));
#2308=FACE_SURFACE('',(#2313),#2309,.T.);
#2309=PLANE('',#2310);
#2310=AXIS2_PLACEMENT_3D('',#180,#2311,#2312);
#2311=DIRECTION('',(0,0,1));
#2312=DIRECTION('',(0.29028318415395105,0.9569407886580253,0));
#2313=FACE_BOUND('',#2314,.T.);
#2314=EDGE_LOOP('',(#2315,#2316,#2317));
#2315=ORIENTED_EDGE('',*,*,#2318,.T.);
#2316=ORIENTED_EDGE('',*,*,#2319,.T.);
#2317=ORIENTED_EDGE('',*,*,#2320,.T.);
#2318=EDGE_CURVE('',#181,#177,#2321,.F.);
#2319=EDGE_CURVE('',#177,#179,#2322,.T.);
#2320=EDGE_CURVE('',#179,#181,#2323,.T.);
#2321=LINE('',#180,#2324);
#2322=LINE('',#176,#2325);
#2323=LINE('',#178,#2326);
#2324=VECTOR('',#2327,1.0);
#2325=VECTOR('',#2328,1.0);
#2326=VECTOR('',#2329,1.0);
#2327=DIRECTION('',(0.29028318415395105,0.9569407886580253,0));
#2328=DIRECTION('',(0,1,0));
#2329=DIRECTION('',(-0.0016378308446283435,-0.9999986587541627,0));
#2330=FACE_SURFACE('',(#2335),#2331,.T.);
#2331=PLANE('',#2332);
#2332=AXIS2_PLACEMENT_3D('',#180,#2333,#2334);
#2333=DIRECTION('',(0,0,1));
#2334=DIRECTION('',(0.0016378308446283435,0.9999986587541627,0));
#2335=FACE_BOUND('',#2336,.T.);
#2336=EDGE_LOOP('',(#2337,#2338,#2339));
#2337=ORIENTED_EDGE('',*,*,#2340,.T.);
#2338=ORIENTED_EDGE('',*,*,#2341,.T.);
#2339=ORIENTED_EDGE('',*,*,#2342,.T.);
#2340=EDGE_CURVE('',#181,#179,#2343,.F.);
#2341=EDGE_CURVE('',#179,#183,#2344,.T.);
#2342=EDGE_CURVE('',#183,#181,#2345,.T.);
#2343=LINE('',#180,#2346);
#2344=LINE('',#178,#2347);
#2345=LINE('',#182,#2348);
#2346=VECTOR('',#2349,1.0);
#2347=VECTOR('',#2350,1.0);
#2348=VECTOR('',#2351,1.0);
#2349=DIRECTION('',(0.0016378308446283435,0.9999986587541627,0));
#2350=DIRECTION('',(-0.2902813340373658,0.9569413498796503,0));
#2351=DIRECTION('',(0,-1,0));
#2352=FACE_SURFACE('',(#2357),#2353,.T.);
#2353=PLANE('',#2354);
#2354=AXIS2_PLACEMENT_3D('',#184,#2355,#2356);
#2355=DIRECTION('',(0,0,1));
#2356=DIRECTION('',(0.09801392790553251,0.9951850430631124,0));
#2357=FACE_BOUND('',#2358,.T.);
#2358=EDGE_LOOP('',(#2359,#2360,#2361));
#2359=ORIENTED_EDGE('',*,*,#2362,.T.);
#2360=ORIENTED_EDGE('',*,*,#2363,.T.);
#2361=ORIENTED_EDGE('',*,*,#2364,.T.);
#2362=EDGE_CURVE('',#185,#181,#2365,.F.);
#2363=EDGE_CURVE('',#181,#183,#2366,.T.);
#2364=EDGE_CURVE('',#183,#185,#2367,.T.);
#2365=LINE('',#184,#2368);
#2366=LINE('',#180,#2369);
#2367=LINE('',#182,#2370);
#2368=VECTOR('',#2371,1.0);
#2369=VECTOR('',#2372,1.0);
#2370=VECTOR('',#2373,1.0);
#2371=DIRECTION('',(0.09801392790553251,0.9951850430631124,0));
#2372=DIRECTION('',(0,1,0));
#2373=DIRECTION('',(-0.0005469844429641417,-0.9999998504039984,0));
#2374=FACE_SURFACE('',(#2379),#2375,.T.);
#2375=PLANE('',#2376);
#2376=AXIS2_PLACEMENT_3D('',#184,#2377,#2378);
#2377=DIRECTION('',(0,0,1));
#2378=DIRECTION('',(0.0005469844429641417,0.9999998504039984,0));
#2379=FACE_BOUND('',#2380,.T.);
#2380=EDGE_LOOP('',(#2381,#2382,#2383));
#2381=ORIENTED_EDGE('',*,*,#2384,.T.);
#2382=ORIENTED_EDGE('',*,*,#2385,.T.);
#2383=ORIENTED_EDGE('',*,*,#2386,.T.);
#2384=EDGE_CURVE('',#185,#183,#2387,.F.);
#2385=EDGE_CURVE('',#183,#187,#2388,.T.);
#2386=EDGE_CURVE('',#187,#185,#2389,.T.);
#2387=LINE('',#184,#2390);
#2388=LINE('',#182,#2391);
#2389=LINE('',#186,#2392);
#2390=VECTOR('',#2393,1.0);
#2391=VECTOR('',#2394,1.0);
#2392=VECTOR('',#2395,1.0);
#2393=DIRECTION('',(0.0005469844429641417,0.9999998504039984,0));
#2394=DIRECTION('',(-0.0980132782445506,0.9951851070468029,0));
#2395=DIRECTION('',(0,-1,0));
#2396=FACE_SURFACE('',(#2401),#2397,.T.);
#2397=PLANE('',#2398);
#2398=AXIS2_PLACEMENT_3D('',#188,#2399,#2400);
#2399=DIRECTION('',(0,-0,1));
#2400=DIRECTION('',(0.6343953999151397,0.7730087170055133,0));
#2401=FACE_BOUND('',#2402,.T.);
#2402=EDGE_LOOP('',(#2403,#2404,#2405));
#2403=ORIENTED_EDGE('',*,*,#2406,.T.);
#2404=ORIENTED_EDGE('',*,*,#2407,.T.);
#2405=ORIENTED_EDGE('',*,*,#2408,.T.);
#2406=EDGE_CURVE('',#189,#191,#2409,.F.);
#2407=EDGE_CURVE('',#191,#39,#2410,.T.);
#2408=EDGE_CURVE('',#39,#189,#2411,.T.);
#2409=LINE('',#188,#2412);
#2410=LINE('',#190,#2413);
#2411=LINE('',#38,#2414);
#2412=VECTOR('',#2415,1.0);
#2413=VECTOR('',#2416,1.0);
#2414=VECTOR('',#2417,1.0);
#2415=DIRECTION('',(0.6343953999151397,0.7730087170055133,0));
#2416=DIRECTION('',(-0.6008611205214633,0.7993534348745188,0));
#2417=DIRECTION('',(0.5136712909133057,-0.8579870656900709,0));
#2418=FACE_SURFACE('',(#2423),#2419,.T.);
#2419=PLANE('',#2420);
#2420=AXIS2_PLACEMENT_3D('',#36,#2421,#2422);
#2421=DIRECTION('',(0,0,1));
#2422=DIRECTION('',(0.6797980225432083,0.7333993786105519,0));
#2423=FACE_BOUND('',#2424,.T.);
#2424=EDGE_LOOP('',(#2425,#2426,#2427));
#2425=ORIENTED_EDGE('',*,*,#2428,.T.);
#2426=ORIENTED_EDGE('',*,*,#2429,.T.);
#2427=ORIENTED_EDGE('',*,*,#2430,.T.);
#2428=EDGE_CURVE('',#37,#125,#2431,.F.);
#2429=EDGE_CURVE('',#125,#193,#2432,.T.);
#2430=EDGE_CURVE('',#193,#37,#2433,.T.);
#2431=LINE('',#36,#2434);
#2432=LINE('',#124,#2435);
#2433=LINE('',#192,#2436);
#2434=VECTOR('',#2437,1.0);
#2435=VECTOR('',#2438,1.0);
#2436=VECTOR('',#2439,1.0);
#2437=DIRECTION('',(0.6797980225432083,0.7333993786105519,0));
#2438=DIRECTION('',(-0.6343970281721497,0.7730073807191912,0));
#2439=DIRECTION('',(-0.5583072316125945,-0.8296342779376228,0));
#2440=FACE_SURFACE('',(#2445),#2441,.T.);
#2441=PLANE('',#2442);
#2442=AXIS2_PLACEMENT_3D('',#36,#2443,#2444);
#2443=DIRECTION('',(0,0,1));
#2444=DIRECTION('',(0.5583072316125945,0.8296342779376228,0));
#2445=FACE_BOUND('',#2446,.T.);
#2446=EDGE_LOOP('',(#2447,#2448,#2449));
#2447=ORIENTED_EDGE('',*,*,#2450,.T.);
#2448=ORIENTED_EDGE('',*,*,#2451,.T.);
#2449=ORIENTED_EDGE('',*,*,#2452,.T.);
#2450=EDGE_CURVE('',#37,#193,#2453,.F.);
#2451=EDGE_CURVE('',#193,#195,#2454,.T.);
#2452=EDGE_CURVE('',#195,#37,#2455,.T.);
#2453=LINE('',#36,#2456);
#2454=LINE('',#192,#2457);
#2455=LINE('',#194,#2458);
#2456=VECTOR('',#2459,1.0);
#2457=VECTOR('',#2460,1.0);
#2458=VECTOR('',#2461,1.0);
#2459=DIRECTION('',(0.5583072316125945,0.8296342779376228,0));
#2460=DIRECTION('',(-0.47139799276012556,0.881920593036428,0));
#2461=DIRECTION('',(-0.4143555329905064,-0.9101150983695158,0));
#2462=FACE_SURFACE('',(#2467),#2463,.T.);
#2463=PLANE('',#2464);
#2464=AXIS2_PLACEMENT_3D('',#196,#2465,#2466);
#2465=DIRECTION('',(0,-0,1));
#2466=DIRECTION('',(0.47139799276012556,0.881920593036428,0));
#2467=FACE_BOUND('',#2468,.T.);
#2468=EDGE_LOOP('',(#2469,#2470,#2471));
#2469=ORIENTED_EDGE('',*,*,#2472,.T.);
#2470=ORIENTED_EDGE('',*,*,#2473,.T.);
#2471=ORIENTED_EDGE('',*,*,#2474,.T.);
#2472=EDGE_CURVE('',#197,#189,#2475,.F.);
#2473=EDGE_CURVE('',#189,#39,#2476,.T.);
#2474=EDGE_CURVE('',#39,#197,#2477,.T.);
#2475=LINE('',#196,#2478);
#2476=LINE('',#188,#2479);
#2477=LINE('',#38,#2480);
#2478=VECTOR('',#2481,1.0);
#2479=VECTOR('',#2482,1.0);
#2480=VECTOR('',#2483,1.0);
#2481=DIRECTION('',(0.47139799276012556,0.881920593036428,0));
#2482=DIRECTION('',(-0.5136712909133057,0.8579870656900709,0));
#2483=DIRECTION('',(0.3819298499749813,-0.9241913166104128,0));
#2484=FACE_SURFACE('',(#2489),#2485,.T.);
#2485=PLANE('',#2486);
#2486=AXIS2_PLACEMENT_3D('',#198,#2487,#2488);
#2487=DIRECTION('',(0,-0,1));
#2488=DIRECTION('',(0.29028503429303487,0.9569402274256693,0));
#2489=FACE_BOUND('',#2490,.T.);
#2490=EDGE_LOOP('',(#2491,#2492,#2493));
#2491=ORIENTED_EDGE('',*,*,#2494,.T.);
#2492=ORIENTED_EDGE('',*,*,#2495,.T.);
#2493=ORIENTED_EDGE('',*,*,#2496,.T.);
#2494=EDGE_CURVE('',#199,#197,#2497,.F.);
#2495=EDGE_CURVE('',#197,#39,#2498,.T.);
#2496=EDGE_CURVE('',#39,#199,#2499,.T.);
#2497=LINE('',#198,#2500);
#2498=LINE('',#196,#2501);
#2499=LINE('',#38,#2502);
#2500=VECTOR('',#2503,1.0);
#2501=VECTOR('',#2504,1.0);
#2502=VECTOR('',#2505,1.0);
#2503=DIRECTION('',(0.29028503429303487,0.9569402274256693,0));
#2504=DIRECTION('',(-0.3819298499749813,0.9241913166104128,0));
#2505=DIRECTION('',(0.2919127107788439,-0.956444964065234,0));
#2506=FACE_SURFACE('',(#2511),#2507,.T.);
#2507=PLANE('',#2508);
#2508=AXIS2_PLACEMENT_3D('',#36,#2509,#2510);
#2509=DIRECTION('',(0,0,1));
#2510=DIRECTION('',(0.4143555329905064,0.9101150983695158,0));
#2511=FACE_BOUND('',#2512,.T.);
#2512=EDGE_LOOP('',(#2513,#2514,#2515));
#2513=ORIENTED_EDGE('',*,*,#2516,.T.);
#2514=ORIENTED_EDGE('',*,*,#2517,.T.);
#2515=ORIENTED_EDGE('',*,*,#2518,.T.);
#2516=EDGE_CURVE('',#37,#195,#2519,.F.);
#2517=EDGE_CURVE('',#195,#201,#2520,.T.);
#2518=EDGE_CURVE('',#201,#37,#2521,.T.);
#2519=LINE('',#36,#2522);
#2520=LINE('',#194,#2523);
#2521=LINE('',#200,#2524);
#2522=VECTOR('',#2525,1.0);
#2523=VECTOR('',#2526,1.0);
#2524=VECTOR('',#2527,1.0);
#2525=DIRECTION('',(0.4143555329905064,0.9101150983695158,0));
#2526=DIRECTION('',(-0.2902813340373658,0.9569413498796503,0));
#2527=DIRECTION('',(-0.31437122900977726,-0.9493001266042694,0));
#2528=FACE_SURFACE('',(#2533),#2529,.T.);
#2529=PLANE('',#2530);
#2530=AXIS2_PLACEMENT_3D('',#36,#2531,#2532);
#2531=DIRECTION('',(0,0,1));
#2532=DIRECTION('',(0.31437122900977726,0.9493001266042694,0));
#2533=FACE_BOUND('',#2534,.T.);
#2534=EDGE_LOOP('',(#2535,#2536,#2537));
#2535=ORIENTED_EDGE('',*,*,#2538,.T.);
#2536=ORIENTED_EDGE('',*,*,#2539,.T.);
#2537=ORIENTED_EDGE('',*,*,#2540,.T.);
#2538=EDGE_CURVE('',#37,#201,#2541,.F.);
#2539=EDGE_CURVE('',#201,#185,#2542,.T.);
#2540=EDGE_CURVE('',#185,#37,#2543,.T.);
#2541=LINE('',#36,#2544);
#2542=LINE('',#200,#2545);
#2543=LINE('',#184,#2546);
#2544=VECTOR('',#2547,1.0);
#2545=VECTOR('',#2548,1.0);
#2546=VECTOR('',#2549,1.0);
#2547=DIRECTION('',(0.31437122900977726,0.9493001266042694,0));
#2548=DIRECTION('',(-0.09801392790553251,0.9951850430631124,0));
#2549=DIRECTION('',(-0.25948457355248583,-0.9657472526951784,0));
#2550=FACE_SURFACE('',(#2555),#2551,.T.);
#2551=PLANE('',#2552);
#2552=AXIS2_PLACEMENT_3D('',#186,#2553,#2554);
#2553=DIRECTION('',(0,-0,1));
#2554=DIRECTION('',(0.0980132782445506,0.9951851070468029,0));
#2555=FACE_BOUND('',#2556,.T.);
#2556=EDGE_LOOP('',(#2557,#2558,#2559));
#2557=ORIENTED_EDGE('',*,*,#2560,.T.);
#2558=ORIENTED_EDGE('',*,*,#2561,.T.);
#2559=ORIENTED_EDGE('',*,*,#2562,.T.);
#2560=EDGE_CURVE('',#187,#199,#2563,.F.);
#2561=EDGE_CURVE('',#199,#39,#2564,.T.);
#2562=EDGE_CURVE('',#39,#187,#2565,.T.);
#2563=LINE('',#186,#2566);
#2564=LINE('',#198,#2567);
#2565=LINE('',#38,#2568);
#2566=VECTOR('',#2569,1.0);
#2567=VECTOR('',#2570,1.0);
#2568=VECTOR('',#2571,1.0);
#2569=DIRECTION('',(0.0980132782445506,0.9951851070468029,0));
#2570=DIRECTION('',(-0.2919127107788439,0.956444964065234,0));
#2571=DIRECTION('',(0.24297705780035234,-0.970032035235272,0));
#2572=FACE_SURFACE('',(#2577),#2573,.T.);
#2573=PLANE('',#2574);
#2574=AXIS2_PLACEMENT_3D('',#36,#2575,#2576);
#2575=DIRECTION('',(0,0,1));
#2576=DIRECTION('',(0.25948457355248583,0.9657472526951784,0));
#2577=FACE_BOUND('',#2578,.T.);
#2578=EDGE_LOOP('',(#2579,#2580,#2581));
#2579=ORIENTED_EDGE('',*,*,#2582,.T.);
#2580=ORIENTED_EDGE('',*,*,#2583,.T.);
#2581=ORIENTED_EDGE('',*,*,#2584,.T.);
#2582=EDGE_CURVE('',#37,#185,#2585,.F.);
#2583=EDGE_CURVE('',#185,#187,#2586,.T.);
#2584=EDGE_CURVE('',#187,#37,#2587,.T.);
#2585=LINE('',#36,#2588);
#2586=LINE('',#184,#2589);
#2587=LINE('',#186,#2590);
#2588=VECTOR('',#2591,1.0);
#2589=VECTOR('',#2592,1.0);
#2590=VECTOR('',#2593,1.0);
#2591=DIRECTION('',(0.25948457355248583,0.9657472526951784,0));
#2592=DIRECTION('',(0,1,0));
#2593=DIRECTION('',(-0.009832010845453534,-0.9999516646132126,0));
#2594=FACE_SURFACE('',(#2599),#2595,.T.);
#2595=PLANE('',#2596);
#2596=AXIS2_PLACEMENT_3D('',#186,#2597,#2598);
#2597=DIRECTION('',(0,0,1));
#2598=DIRECTION('',(-0.24297705780035234,0.970032035235272,0));
#2599=FACE_BOUND('',#2600,.T.);
#2600=EDGE_LOOP('',(#2601,#2602,#2603));
#2601=ORIENTED_EDGE('',*,*,#2604,.T.);
#2602=ORIENTED_EDGE('',*,*,#2605,.T.);
#2603=ORIENTED_EDGE('',*,*,#2606,.T.);
#2604=EDGE_CURVE('',#187,#39,#2607,.F.);
#2605=EDGE_CURVE('',#39,#37,#2608,.T.);
#2606=EDGE_CURVE('',#37,#187,#2609,.T.);
#2607=LINE('',#186,#2610);
#2608=LINE('',#38,#2611);
#2609=LINE('',#36,#2612);
#2610=VECTOR('',#2613,1.0);
#2611=VECTOR('',#2614,1.0);
#2612=VECTOR('',#2615,1.0);
#2613=DIRECTION('',(-0.24297705780035234,0.970032035235272,0));
#2614=DIRECTION('',(0,-1,0));
#2615=DIRECTION('',(0.009832010845453534,0.9999516646132126,0));
#2616=FACE_SURFACE('',(#2621),#2617,.T.);
#2617=PLANE('',#2618);
#2618=AXIS2_PLACEMENT_3D('',#202,#2619,#2620);
#2619=DIRECTION('',(0,0,1));
#2620=DIRECTION('',(-0.634398055434882,-0.7730065376569853,0));
#2621=FACE_BOUND('',#2622,.T.);
#2622=EDGE_LOOP('',(#2623,#2624,#2625));
#2623=ORIENTED_EDGE('',*,*,#2626,.T.);
#2624=ORIENTED_EDGE('',*,*,#2627,.T.);
#2625=ORIENTED_EDGE('',*,*,#2628,.T.);
#2626=EDGE_CURVE('',#203,#141,#2629,.F.);
#2627=EDGE_CURVE('',#141,#139,#2630,.T.);
#2628=EDGE_CURVE('',#139,#203,#2631,.T.);
#2629=LINE('',#202,#2632);
#2630=LINE('',#140,#2633);
#2631=LINE('',#138,#2634);
#2632=VECTOR('',#2635,1.0);
#2633=VECTOR('',#2636,1.0);
#2634=VECTOR('',#2637,1.0);
#2635=DIRECTION('',(-0.634398055434882,-0.7730065376569853,0));
#2636=DIRECTION('',(0.5312638478934136,-0.8472064234420581,0));
#2637=DIRECTION('',(-0.09445524138529393,0.9955291092553978,0));
#2638=FACE_SURFACE('',(#2643),#2639,.T.);
#2639=PLANE('',#2640);
#2640=AXIS2_PLACEMENT_3D('',#138,#2641,#2642);
#2641=DIRECTION('',(0,0,1));
#2642=DIRECTION('',(1,0,0));
#2643=FACE_BOUND('',#2644,.T.);
#2644=EDGE_LOOP('',(#2645,#2646,#2647));
#2645=ORIENTED_EDGE('',*,*,#2648,.T.);
#2646=ORIENTED_EDGE('',*,*,#2649,.T.);
#2647=ORIENTED_EDGE('',*,*,#2650,.T.);
#2648=EDGE_CURVE('',#139,#205,#2651,.F.);
#2649=EDGE_CURVE('',#205,#207,#2652,.T.);
#2650=EDGE_CURVE('',#207,#139,#2653,.T.);
#2651=LINE('',#138,#2654);
#2652=LINE('',#204,#2655);
#2653=LINE('',#206,#2656);
#2654=VECTOR('',#2657,1.0);
#2655=VECTOR('',#2658,1.0);
#2656=VECTOR('',#2659,1.0);
#2657=DIRECTION('',(1,0,0));
#2658=DIRECTION('',(0.526663744481699,0.8500737028331812,0));
#2659=DIRECTION('',(-0.9998975920776259,-0.014311022233422512,0));
#2660=FACE_SURFACE('',(#2665),#2661,.T.);
#2661=PLANE('',#2662);
#2662=AXIS2_PLACEMENT_3D('',#138,#2663,#2664);
#2663=DIRECTION('',(0,0,1));
#2664=DIRECTION('',(0.9998975920776259,0.014311022233422512,0));
#2665=FACE_BOUND('',#2666,.T.);
#2666=EDGE_LOOP('',(#2667,#2668,#2669));
#2667=ORIENTED_EDGE('',*,*,#2670,.T.);
#2668=ORIENTED_EDGE('',*,*,#2671,.T.);
#2669=ORIENTED_EDGE('',*,*,#2672,.T.);
#2670=EDGE_CURVE('',#139,#207,#2673,.F.);
#2671=EDGE_CURVE('',#207,#209,#2674,.T.);
#2672=EDGE_CURVE('',#209,#139,#2675,.T.);
#2673=LINE('',#138,#2676);
#2674=LINE('',#206,#2677);
#2675=LINE('',#208,#2678);
#2676=VECTOR('',#2679,1.0);
#2677=VECTOR('',#2680,1.0);
#2678=VECTOR('',#2681,1.0);
#2679=DIRECTION('',(0.9998975920776259,0.014311022233422512,0));
#2680=DIRECTION('',(-0.6343939884043952,0.7730098754067533,0));
#2681=DIRECTION('',(-0.9998545604952677,-0.017054555309799917,0));
#2682=FACE_SURFACE('',(#2687),#2683,.T.);
#2683=PLANE('',#2684);
#2684=AXIS2_PLACEMENT_3D('',#210,#2685,#2686);
#2685=DIRECTION('',(0,0,1));
#2686=DIRECTION('',(-0.47139799276012556,-0.881920593036428,0));
#2687=FACE_BOUND('',#2688,.T.);
#2688=EDGE_LOOP('',(#2689,#2690,#2691));
#2689=ORIENTED_EDGE('',*,*,#2692,.T.);
#2690=ORIENTED_EDGE('',*,*,#2693,.T.);
#2691=ORIENTED_EDGE('',*,*,#2694,.T.);
#2692=EDGE_CURVE('',#211,#203,#2695,.F.);
#2693=EDGE_CURVE('',#203,#139,#2696,.T.);
#2694=EDGE_CURVE('',#139,#211,#2697,.T.);
#2695=LINE('',#210,#2698);
#2696=LINE('',#202,#2699);
#2697=LINE('',#138,#2700);
#2698=VECTOR('',#2701,1.0);
#2699=VECTOR('',#2702,1.0);
#2700=VECTOR('',#2703,1.0);
#2701=DIRECTION('',(-0.47139799276012556,-0.881920593036428,0));
#2702=DIRECTION('',(0.09445524138529393,-0.9955291092553978,0));
#2703=DIRECTION('',(0.09071407026562756,0.9958769790771563,0));
#2704=FACE_SURFACE('',(#2709),#2705,.T.);
#2705=PLANE('',#2706);
#2706=AXIS2_PLACEMENT_3D('',#212,#2707,#2708);
#2707=DIRECTION('',(0,0,1));
#2708=DIRECTION('',(-0.2902813340373658,-0.9569413498796503,0));
#2709=FACE_BOUND('',#2710,.T.);
#2710=EDGE_LOOP('',(#2711,#2712,#2713));
#2711=ORIENTED_EDGE('',*,*,#2714,.T.);
#2712=ORIENTED_EDGE('',*,*,#2715,.T.);
#2713=ORIENTED_EDGE('',*,*,#2716,.T.);
#2714=EDGE_CURVE('',#213,#211,#2717,.F.);
#2715=EDGE_CURVE('',#211,#139,#2718,.T.);
#2716=EDGE_CURVE('',#139,#213,#2719,.T.);
#2717=LINE('',#212,#2720);
#2718=LINE('',#210,#2721);
#2719=LINE('',#138,#2722);
#2720=VECTOR('',#2723,1.0);
#2721=VECTOR('',#2724,1.0);
#2722=VECTOR('',#2725,1.0);
#2723=DIRECTION('',(-0.2902813340373658,-0.9569413498796503,0));
#2724=DIRECTION('',(-0.09071407026562756,-0.9958769790771563,0));
#2725=DIRECTION('',(0.1411906765576495,0.9899824204768453,0));
#2726=FACE_SURFACE('',(#2731),#2727,.T.);
#2727=PLANE('',#2728);
#2728=AXIS2_PLACEMENT_3D('',#138,#2729,#2730);
#2729=DIRECTION('',(0,0,1));
#2730=DIRECTION('',(0.9998545604952677,0.017054555309799917,0));
#2731=FACE_BOUND('',#2732,.T.);
#2732=EDGE_LOOP('',(#2733,#2734,#2735));
#2733=ORIENTED_EDGE('',*,*,#2736,.T.);
#2734=ORIENTED_EDGE('',*,*,#2737,.T.);
#2735=ORIENTED_EDGE('',*,*,#2738,.T.);
#2736=EDGE_CURVE('',#139,#209,#2739,.F.);
#2737=EDGE_CURVE('',#209,#215,#2740,.T.);
#2738=EDGE_CURVE('',#215,#139,#2741,.T.);
#2739=LINE('',#138,#2742);
#2740=LINE('',#208,#2743);
#2741=LINE('',#214,#2744);
#2742=VECTOR('',#2745,1.0);
#2743=VECTOR('',#2746,1.0);
#2744=VECTOR('',#2747,1.0);
#2745=DIRECTION('',(0.9998545604952677,0.017054555309799917,0));
#2746=DIRECTION('',(-0.4714031730313694,0.8819178240947152,0));
#2747=DIRECTION('',(-0.9997047986422424,-0.024296410674698923,0));
#2748=FACE_SURFACE('',(#2753),#2749,.T.);
#2749=PLANE('',#2750);
#2750=AXIS2_PLACEMENT_3D('',#138,#2751,#2752);
#2751=DIRECTION('',(0,0,1));
#2752=DIRECTION('',(0.9997047986422424,0.024296410674698923,0));
#2753=FACE_BOUND('',#2754,.T.);
#2754=EDGE_LOOP('',(#2755,#2756,#2757));
#2755=ORIENTED_EDGE('',*,*,#2758,.T.);
#2756=ORIENTED_EDGE('',*,*,#2759,.T.);
#2757=ORIENTED_EDGE('',*,*,#2760,.T.);
#2758=EDGE_CURVE('',#139,#215,#2761,.F.);
#2759=EDGE_CURVE('',#215,#217,#2762,.T.);
#2760=EDGE_CURVE('',#217,#139,#2763,.T.);
#2761=LINE('',#138,#2764);
#2762=LINE('',#214,#2765);
#2763=LINE('',#216,#2766);
#2764=VECTOR('',#2767,1.0);
#2765=VECTOR('',#2768,1.0);
#2766=VECTOR('',#2769,1.0);
#2767=DIRECTION('',(0.9997047986422424,0.024296410674698923,0));
#2768=DIRECTION('',(-0.29027523496303886,0.9569431999691269,0));
#2769=DIRECTION('',(-0.9994828946115774,-0.03215498995276909,0));
#2770=FACE_SURFACE('',(#2775),#2771,.T.);
#2771=PLANE('',#2772);
#2772=AXIS2_PLACEMENT_3D('',#212,#2773,#2774);
#2773=DIRECTION('',(-0,0,1));
#2774=DIRECTION('',(-0.1411906765576495,-0.9899824204768453,0));
#2775=FACE_BOUND('',#2776,.T.);
#2776=EDGE_LOOP('',(#2777,#2778,#2779));
#2777=ORIENTED_EDGE('',*,*,#2780,.T.);
#2778=ORIENTED_EDGE('',*,*,#2781,.T.);
#2779=ORIENTED_EDGE('',*,*,#2782,.T.);
#2780=EDGE_CURVE('',#213,#139,#2783,.F.);
#2781=EDGE_CURVE('',#139,#217,#2784,.T.);
#2782=EDGE_CURVE('',#217,#213,#2785,.T.);
#2783=LINE('',#212,#2786);
#2784=LINE('',#138,#2787);
#2785=LINE('',#216,#2788);
#2786=VECTOR('',#2789,1.0);
#2787=VECTOR('',#2790,1.0);
#2788=VECTOR('',#2791,1.0);
#2789=DIRECTION('',(-0.1411906765576495,-0.9899824204768453,0));
#2790=DIRECTION('',(0.9994828946115774,0.03215498995276909,0));
#2791=DIRECTION('',(-1,0,0));
#2792=FACE_SURFACE('',(#2797),#2793,.T.);
#2793=PLANE('',#2794);
#2794=AXIS2_PLACEMENT_3D('',#212,#2795,#2796);
#2795=DIRECTION('',(0,0,1));
#2796=DIRECTION('',(1,0,0));
#2797=FACE_BOUND('',#2798,.T.);
#2798=EDGE_LOOP('',(#2799,#2800,#2801));
#2799=ORIENTED_EDGE('',*,*,#2802,.T.);
#2800=ORIENTED_EDGE('',*,*,#2803,.T.);
#2801=ORIENTED_EDGE('',*,*,#2804,.T.);
#2802=EDGE_CURVE('',#213,#217,#2805,.F.);
#2803=EDGE_CURVE('',#217,#219,#2806,.T.);
#2804=EDGE_CURVE('',#219,#213,#2807,.T.);
#2805=LINE('',#212,#2808);
#2806=LINE('',#216,#2809);
#2807=LINE('',#218,#2810);
#2808=VECTOR('',#2811,1.0);
#2809=VECTOR('',#2812,1.0);
#2810=VECTOR('',#2813,1.0);
#2811=DIRECTION('',(1,0,0));
#2812=DIRECTION('',(-0.09801987457565724,0.9951844573686692,0));
#2813=DIRECTION('',(-0.9999666554096772,-0.008166276310779094,0));
#2814=FACE_SURFACE('',(#2819),#2815,.T.);
#2815=PLANE('',#2816);
#2816=AXIS2_PLACEMENT_3D('',#220,#2817,#2818);
#2817=DIRECTION('',(-0,0,1));
#2818=DIRECTION('',(-0.0980132782445506,-0.9951851070468029,0));
#2819=FACE_BOUND('',#2820,.T.);
#2820=EDGE_LOOP('',(#2821,#2822,#2823));
#2821=ORIENTED_EDGE('',*,*,#2824,.T.);
#2822=ORIENTED_EDGE('',*,*,#2825,.T.);
#2823=ORIENTED_EDGE('',*,*,#2826,.T.);
#2824=EDGE_CURVE('',#221,#213,#2827,.F.);
#2825=EDGE_CURVE('',#213,#219,#2828,.T.);
#2826=EDGE_CURVE('',#219,#221,#2829,.T.);
#2827=LINE('',#220,#2830);
#2828=LINE('',#212,#2831);
#2829=LINE('',#218,#2832);
#2830=VECTOR('',#2833,1.0);
#2831=VECTOR('',#2834,1.0);
#2832=VECTOR('',#2835,1.0);
#2833=DIRECTION('',(-0.0980132782445506,-0.9951851070468029,0));
#2834=DIRECTION('',(0.9999666554096772,0.008166276310779094,0));
#2835=DIRECTION('',(-1,0,0));
#2836=FACE_SURFACE('',(#2841),#2837,.T.);
#2837=PLANE('',#2838);
#2838=AXIS2_PLACEMENT_3D('',#220,#2839,#2840);
#2839=DIRECTION('',(0,0,1));
#2840=DIRECTION('',(1,0,0));
#2841=FACE_BOUND('',#2842,.T.);
#2842=EDGE_LOOP('',(#2843,#2844,#2845));
#2843=ORIENTED_EDGE('',*,*,#2846,.T.);
#2844=ORIENTED_EDGE('',*,*,#2847,.T.);
#2845=ORIENTED_EDGE('',*,*,#2848,.T.);
#2846=EDGE_CURVE('',#221,#219,#2849,.F.);
#2847=EDGE_CURVE('',#219,#223,#2850,.T.);
#2848=EDGE_CURVE('',#223,#221,#2851,.T.);
#2849=LINE('',#220,#2852);
#2850=LINE('',#218,#2853);
#2851=LINE('',#222,#2854);
#2852=VECTOR('',#2855,1.0);
#2853=VECTOR('',#2856,1.0);
#2854=VECTOR('',#2857,1.0);
#2855=DIRECTION('',(1,0,0));
#2856=DIRECTION('',(0.09801987457565724,0.9951844573686692,0));
#2857=DIRECTION('',(-0.999966655413322,-0.008166275864481131,0));
#2858=FACE_SURFACE('',(#2863),#2859,.T.);
#2859=PLANE('',#2860);
#2860=AXIS2_PLACEMENT_3D('',#224,#2861,#2862);
#2861=DIRECTION('',(-0,0,1));
#2862=DIRECTION('',(0.0980132782445506,-0.9951851070468029,0));
#2863=FACE_BOUND('',#2864,.T.);
#2864=EDGE_LOOP('',(#2865,#2866,#2867));
#2865=ORIENTED_EDGE('',*,*,#2868,.T.);
#2866=ORIENTED_EDGE('',*,*,#2869,.T.);
#2867=ORIENTED_EDGE('',*,*,#2870,.T.);
#2868=EDGE_CURVE('',#225,#221,#2871,.F.);
#2869=EDGE_CURVE('',#221,#223,#2872,.T.);
#2870=EDGE_CURVE('',#223,#225,#2873,.T.);
#2871=LINE('',#224,#2874);
#2872=LINE('',#220,#2875);
#2873=LINE('',#222,#2876);
#2874=VECTOR('',#2877,1.0);
#2875=VECTOR('',#2878,1.0);
#2876=VECTOR('',#2879,1.0);
#2877=DIRECTION('',(0.0980132782445506,-0.9951851070468029,0));
#2878=DIRECTION('',(0.999966655413322,0.008166275864481131,0));
#2879=DIRECTION('',(-1,0,0));
#2880=FACE_SURFACE('',(#2885),#2881,.T.);
#2881=PLANE('',#2882);
#2882=AXIS2_PLACEMENT_3D('',#224,#2883,#2884);
#2883=DIRECTION('',(0,0,1));
#2884=DIRECTION('',(1,0,0));
#2885=FACE_BOUND('',#2886,.T.);
#2886=EDGE_LOOP('',(#2887,#2888,#2889));
#2887=ORIENTED_EDGE('',*,*,#2890,.T.);
#2888=ORIENTED_EDGE('',*,*,#2891,.T.);
#2889=ORIENTED_EDGE('',*,*,#2892,.T.);
#2890=EDGE_CURVE('',#225,#223,#2893,.F.);
#2891=EDGE_CURVE('',#223,#227,#2894,.T.);
#2892=EDGE_CURVE('',#227,#225,#2895,.T.);
#2893=LINE('',#224,#2896);
#2894=LINE('',#222,#2897);
#2895=LINE('',#226,#2898);
#2896=VECTOR('',#2899,1.0);
#2897=VECTOR('',#2900,1.0);
#2898=VECTOR('',#2901,1.0);
#2899=DIRECTION('',(1,0,0));
#2900=DIRECTION('',(0.29027893515526987,0.9569420775601429,0));
#2901=DIRECTION('',(-0.9999693647851917,-0.007827483062919959,0));
#2902=FACE_SURFACE('',(#2907),#2903,.T.);
#2903=PLANE('',#2904);
#2904=AXIS2_PLACEMENT_3D('',#228,#2905,#2906);
#2905=DIRECTION('',(-0,0,1));
#2906=DIRECTION('',(0.29028503429303487,-0.9569402274256693,0));
#2907=FACE_BOUND('',#2908,.T.);
#2908=EDGE_LOOP('',(#2909,#2910,#2911));
#2909=ORIENTED_EDGE('',*,*,#2912,.T.);
#2910=ORIENTED_EDGE('',*,*,#2913,.T.);
#2911=ORIENTED_EDGE('',*,*,#2914,.T.);
#2912=EDGE_CURVE('',#229,#225,#2915,.F.);
#2913=EDGE_CURVE('',#225,#227,#2916,.T.);
#2914=EDGE_CURVE('',#227,#229,#2917,.T.);
#2915=LINE('',#228,#2918);
#2916=LINE('',#224,#2919);
#2917=LINE('',#226,#2920);
#2918=VECTOR('',#2921,1.0);
#2919=VECTOR('',#2922,1.0);
#2920=VECTOR('',#2923,1.0);
#2921=DIRECTION('',(0.29028503429303487,-0.9569402274256693,0));
#2922=DIRECTION('',(0.9999693647851917,0.007827483062919959,0));
#2923=DIRECTION('',(-1,0,0));
#2924=FACE_SURFACE('',(#2929),#2925,.T.);
#2925=PLANE('',#2926);
#2926=AXIS2_PLACEMENT_3D('',#228,#2927,#2928);
#2927=DIRECTION('',(0,0,1));
#2928=DIRECTION('',(1,0,0));
#2929=FACE_BOUND('',#2930,.T.);
#2930=EDGE_LOOP('',(#2931,#2932,#2933));
#2931=ORIENTED_EDGE('',*,*,#2934,.T.);
#2932=ORIENTED_EDGE('',*,*,#2935,.T.);
#2933=ORIENTED_EDGE('',*,*,#2936,.T.);
#2934=EDGE_CURVE('',#229,#227,#2937,.F.);
#2935=EDGE_CURVE('',#227,#231,#2938,.T.);
#2936=EDGE_CURVE('',#231,#229,#2939,.T.);
#2937=LINE('',#228,#2940);
#2938=LINE('',#226,#2941);
#2939=LINE('',#230,#2942);
#2940=VECTOR('',#2943,1.0);
#2941=VECTOR('',#2944,1.0);
#2942=VECTOR('',#2945,1.0);
#2943=DIRECTION('',(1,0,0));
#2944=DIRECTION('',(0.4714031730313694,0.8819178240947152,0));
#2945=DIRECTION('',(-0.9999743006338765,-0.007169244854902042,0));
#2946=FACE_SURFACE('',(#2951),#2947,.T.);
#2947=PLANE('',#2948);
#2948=AXIS2_PLACEMENT_3D('',#232,#2949,#2950);
#2949=DIRECTION('',(-0,0,1));
#2950=DIRECTION('',(0.47139799276012556,-0.881920593036428,0));
#2951=FACE_BOUND('',#2952,.T.);
#2952=EDGE_LOOP('',(#2953,#2954,#2955));
#2953=ORIENTED_EDGE('',*,*,#2956,.T.);
#2954=ORIENTED_EDGE('',*,*,#2957,.T.);
#2955=ORIENTED_EDGE('',*,*,#2958,.T.);
#2956=EDGE_CURVE('',#233,#229,#2959,.F.);
#2957=EDGE_CURVE('',#229,#231,#2960,.T.);
#2958=EDGE_CURVE('',#231,#233,#2961,.T.);
#2959=LINE('',#232,#2962);
#2960=LINE('',#228,#2963);
#2961=LINE('',#230,#2964);
#2962=VECTOR('',#2965,1.0);
#2963=VECTOR('',#2966,1.0);
#2964=VECTOR('',#2967,1.0);
#2965=DIRECTION('',(0.47139799276012556,-0.881920593036428,0));
#2966=DIRECTION('',(0.9999743006338765,0.007169244854902042,0));
#2967=DIRECTION('',(-1,0,0));
#2968=FACE_SURFACE('',(#2973),#2969,.T.);
#2969=PLANE('',#2970);
#2970=AXIS2_PLACEMENT_3D('',#232,#2971,#2972);
#2971=DIRECTION('',(0,0,1));
#2972=DIRECTION('',(1,0,0));
#2973=FACE_BOUND('',#2974,.T.);
#2974=EDGE_LOOP('',(#2975,#2976,#2977));
#2975=ORIENTED_EDGE('',*,*,#2978,.T.);
#2976=ORIENTED_EDGE('',*,*,#2979,.T.);
#2977=ORIENTED_EDGE('',*,*,#2980,.T.);
#2978=EDGE_CURVE('',#233,#231,#2981,.F.);
#2979=EDGE_CURVE('',#231,#235,#2982,.T.);
#2980=EDGE_CURVE('',#235,#233,#2983,.T.);
#2981=LINE('',#232,#2984);
#2982=LINE('',#230,#2985);
#2983=LINE('',#234,#2986);
#2984=VECTOR('',#2987,1.0);
#2985=VECTOR('',#2988,1.0);
#2986=VECTOR('',#2989,1.0);
#2987=DIRECTION('',(1,0,0));
#2988=DIRECTION('',(0.6343908094026878,0.7730124843399379,0));
#2989=DIRECTION('',(-0.9999806060767765,-0.006227958760503818,0));
#2990=FACE_SURFACE('',(#2995),#2991,.T.);
#2991=PLANE('',#2992);
#2992=AXIS2_PLACEMENT_3D('',#236,#2993,#2994);
#2993=DIRECTION('',(-0,0,1));
#2994=DIRECTION('',(0.6343947892528462,-0.7730092181654996,0));
#2995=FACE_BOUND('',#2996,.T.);
#2996=EDGE_LOOP('',(#2997,#2998,#2999));
#2997=ORIENTED_EDGE('',*,*,#3000,.T.);
#2998=ORIENTED_EDGE('',*,*,#3001,.T.);
#2999=ORIENTED_EDGE('',*,*,#3002,.T.);
#3000=EDGE_CURVE('',#237,#233,#3003,.F.);
#3001=EDGE_CURVE('',#233,#235,#3004,.T.);
#3002=EDGE_CURVE('',#235,#237,#3005,.T.);
#3003=LINE('',#236,#3006);
#3004=LINE('',#232,#3007);
#3005=LINE('',#234,#3008);
#3006=VECTOR('',#3009,1.0);
#3007=VECTOR('',#3010,1.0);
#3008=VECTOR('',#3011,1.0);
#3009=DIRECTION('',(0.6343947892528462,-0.7730092181654996,0));
#3010=DIRECTION('',(0.9999806060767765,0.006227958760503818,0));
#3011=DIRECTION('',(-1,0,0));
#3012=FACE_SURFACE('',(#3017),#3013,.T.);
#3013=PLANE('',#3014);
#3014=AXIS2_PLACEMENT_3D('',#236,#3015,#3016);
#3015=DIRECTION('',(0,0,1));
#3016=DIRECTION('',(1,0,0));
#3017=FACE_BOUND('',#3018,.T.);
#3018=EDGE_LOOP('',(#3019,#3020,#3021));
#3019=ORIENTED_EDGE('',*,*,#3022,.T.);
#3020=ORIENTED_EDGE('',*,*,#3023,.T.);
#3021=ORIENTED_EDGE('',*,*,#3024,.T.);
#3022=EDGE_CURVE('',#237,#235,#3025,.F.);
#3023=EDGE_CURVE('',#235,#239,#3026,.T.);
#3024=EDGE_CURVE('',#239,#237,#3027,.T.);
#3025=LINE('',#236,#3028);
#3026=LINE('',#234,#3029);
#3027=LINE('',#238,#3030);
#3028=VECTOR('',#3031,1.0);
#3029=VECTOR('',#3032,1.0);
#3030=VECTOR('',#3033,1.0);
#3031=DIRECTION('',(1,0,0));
#3032=DIRECTION('',(0.7730092181654996,0.6343947892528462,0));
#3033=DIRECTION('',(-0.9999872289665682,-0.005053899856959045,0));
#3034=FACE_SURFACE('',(#3039),#3035,.T.);
#3035=PLANE('',#3036);
#3036=AXIS2_PLACEMENT_3D('',#240,#3037,#3038);
#3037=DIRECTION('',(-0,0,1));
#3038=DIRECTION('',(0.7730065376569853,-0.634398055434882,0));
#3039=FACE_BOUND('',#3040,.T.);
#3040=EDGE_LOOP('',(#3041,#3042,#3043));
#3041=ORIENTED_EDGE('',*,*,#3044,.T.);
#3042=ORIENTED_EDGE('',*,*,#3045,.T.);
#3043=ORIENTED_EDGE('',*,*,#3046,.T.);
#3044=EDGE_CURVE('',#241,#237,#3047,.F.);
#3045=EDGE_CURVE('',#237,#239,#3048,.T.);
#3046=EDGE_CURVE('',#239,#241,#3049,.T.);
#3047=LINE('',#240,#3050);
#3048=LINE('',#236,#3051);
#3049=LINE('',#238,#3052);
#3050=VECTOR('',#3053,1.0);
#3051=VECTOR('',#3054,1.0);
#3052=VECTOR('',#3055,1.0);
#3053=DIRECTION('',(0.7730065376569853,-0.634398055434882,0));
#3054=DIRECTION('',(0.9999872289665682,0.005053899856959045,0));
#3055=DIRECTION('',(-1,0,0));
#3056=FACE_SURFACE('',(#3061),#3057,.T.);
#3057=PLANE('',#3058);
#3058=AXIS2_PLACEMENT_3D('',#240,#3059,#3060);
#3059=DIRECTION('',(0,0,1));
#3060=DIRECTION('',(1,0,0));
#3061=FACE_BOUND('',#3062,.T.);
#3062=EDGE_LOOP('',(#3063,#3064,#3065));
#3063=ORIENTED_EDGE('',*,*,#3066,.T.);
#3064=ORIENTED_EDGE('',*,*,#3067,.T.);
#3065=ORIENTED_EDGE('',*,*,#3068,.T.);
#3066=EDGE_CURVE('',#241,#239,#3069,.F.);
#3067=EDGE_CURVE('',#239,#243,#3070,.T.);
#3068=EDGE_CURVE('',#243,#241,#3071,.T.);
#3069=LINE('',#240,#3072);
#3070=LINE('',#238,#3073);
#3071=LINE('',#242,#3074);
#3072=VECTOR('',#3075,1.0);
#3073=VECTOR('',#3076,1.0);
#3074=VECTOR('',#3077,1.0);
#3075=DIRECTION('',(1,0,0));
#3076=DIRECTION('',(0.8819233619650994,0.47139281244008846,0));
#3077=DIRECTION('',(-0.9999931309728891,-0.003706481760143547,0));
#3078=FACE_SURFACE('',(#3083),#3079,.T.);
#3079=PLANE('',#3080);
#3080=AXIS2_PLACEMENT_3D('',#244,#3081,#3082);
#3081=DIRECTION('',(-0,0,1));
#3082=DIRECTION('',(0.8819233619650994,-0.47139281244008846,0));
#3083=FACE_BOUND('',#3084,.T.);
#3084=EDGE_LOOP('',(#3085,#3086,#3087));
#3085=ORIENTED_EDGE('',*,*,#3088,.T.);
#3086=ORIENTED_EDGE('',*,*,#3089,.T.);
#3087=ORIENTED_EDGE('',*,*,#3090,.T.);
#3088=EDGE_CURVE('',#245,#241,#3091,.F.);
#3089=EDGE_CURVE('',#241,#243,#3092,.T.);
#3090=EDGE_CURVE('',#243,#245,#3093,.T.);
#3091=LINE('',#244,#3094);
#3092=LINE('',#240,#3095);
#3093=LINE('',#242,#3096);
#3094=VECTOR('',#3097,1.0);
#3095=VECTOR('',#3098,1.0);
#3096=VECTOR('',#3099,1.0);
#3097=DIRECTION('',(0.8819233619650994,-0.47139281244008846,0));
#3098=DIRECTION('',(0.9999931309728891,0.003706481760143547,0));
#3099=DIRECTION('',(-1,0,0));
#3100=FACE_SURFACE('',(#3105),#3101,.T.);
#3101=PLANE('',#3102);
#3102=AXIS2_PLACEMENT_3D('',#244,#3103,#3104);
#3103=DIRECTION('',(0,0,1));
#3104=DIRECTION('',(1,0,0));
#3105=FACE_BOUND('',#3106,.T.);
#3106=EDGE_LOOP('',(#3107,#3108,#3109));
#3107=ORIENTED_EDGE('',*,*,#3110,.T.);
#3108=ORIENTED_EDGE('',*,*,#3111,.T.);
#3109=ORIENTED_EDGE('',*,*,#3112,.T.);
#3110=EDGE_CURVE('',#245,#243,#3113,.F.);
#3111=EDGE_CURVE('',#243,#247,#3114,.T.);
#3112=EDGE_CURVE('',#247,#245,#3115,.T.);
#3113=LINE('',#244,#3116);
#3114=LINE('',#242,#3117);
#3115=LINE('',#246,#3118);
#3116=VECTOR('',#3119,1.0);
#3117=VECTOR('',#3120,1.0);
#3118=VECTOR('',#3121,1.0);
#3119=DIRECTION('',(1,0,0));
#3120=DIRECTION('',(0.9569407886580253,0.29028318415395105,0));
#3121=DIRECTION('',(-0.9999974688880144,-0.002249937235761291,0));
#3122=FACE_SURFACE('',(#3127),#3123,.T.);
#3123=PLANE('',#3124);
#3124=AXIS2_PLACEMENT_3D('',#248,#3125,#3126);
#3125=DIRECTION('',(-0,0,1));
#3126=DIRECTION('',(0.9569407886580253,-0.29028318415395105,0));
#3127=FACE_BOUND('',#3128,.T.);
#3128=EDGE_LOOP('',(#3129,#3130,#3131));
#3129=ORIENTED_EDGE('',*,*,#3132,.T.);
#3130=ORIENTED_EDGE('',*,*,#3133,.T.);
#3131=ORIENTED_EDGE('',*,*,#3134,.T.);
#3132=EDGE_CURVE('',#249,#245,#3135,.F.);
#3133=EDGE_CURVE('',#245,#247,#3136,.T.);
#3134=EDGE_CURVE('',#247,#249,#3137,.T.);
#3135=LINE('',#248,#3138);
#3136=LINE('',#244,#3139);
#3137=LINE('',#246,#3140);
#3138=VECTOR('',#3141,1.0);
#3139=VECTOR('',#3142,1.0);
#3140=VECTOR('',#3143,1.0);
#3141=DIRECTION('',(0.9569407886580253,-0.29028318415395105,0));
#3142=DIRECTION('',(0.9999974688880144,0.002249937235761291,0));
#3143=DIRECTION('',(-1,0,0));
#3144=FACE_SURFACE('',(#3149),#3145,.T.);
#3145=PLANE('',#3146);
#3146=AXIS2_PLACEMENT_3D('',#248,#3147,#3148);
#3147=DIRECTION('',(0,0,1));
#3148=DIRECTION('',(1,0,0));
#3149=FACE_BOUND('',#3150,.T.);
#3150=EDGE_LOOP('',(#3151,#3152,#3153));
#3151=ORIENTED_EDGE('',*,*,#3154,.T.);
#3152=ORIENTED_EDGE('',*,*,#3155,.T.);
#3153=ORIENTED_EDGE('',*,*,#3156,.T.);
#3154=EDGE_CURVE('',#249,#247,#3157,.F.);
#3155=EDGE_CURVE('',#247,#251,#3158,.T.);
#3156=EDGE_CURVE('',#251,#249,#3159,.T.);
#3157=LINE('',#248,#3160);
#3158=LINE('',#246,#3161);
#3159=LINE('',#250,#3162);
#3160=VECTOR('',#3163,1.0);
#3161=VECTOR('',#3164,1.0);
#3162=VECTOR('',#3165,1.0);
#3163=DIRECTION('',(1,0,0));
#3164=DIRECTION('',(0.9951845213596577,0.09801922488037212,0));
#3165=DIRECTION('',(-0.9999997199385594,-0.0007484135240063115,0));
#3166=FACE_SURFACE('',(#3171),#3167,.T.);
#3167=PLANE('',#3168);
#3168=AXIS2_PLACEMENT_3D('',#252,#3169,#3170);
#3169=DIRECTION('',(-0,0,1));
#3170=DIRECTION('',(0.9951845213596577,-0.09801922488037212,0));
#3171=FACE_BOUND('',#3172,.T.);
#3172=EDGE_LOOP('',(#3173,#3174,#3175));
#3173=ORIENTED_EDGE('',*,*,#3176,.T.);
#3174=ORIENTED_EDGE('',*,*,#3177,.T.);
#3175=ORIENTED_EDGE('',*,*,#3178,.T.);
#3176=EDGE_CURVE('',#253,#249,#3179,.F.);
#3177=EDGE_CURVE('',#249,#251,#3180,.T.);
#3178=EDGE_CURVE('',#251,#253,#3181,.T.);
#3179=LINE('',#252,#3182);
#3180=LINE('',#248,#3183);
#3181=LINE('',#250,#3184);
#3182=VECTOR('',#3185,1.0);
#3183=VECTOR('',#3186,1.0);
#3184=VECTOR('',#3187,1.0);
#3185=DIRECTION('',(0.9951845213596577,-0.09801922488037212,0));
#3186=DIRECTION('',(0.9999997199385594,0.0007484135240063115,0));
#3187=DIRECTION('',(-1,0,0));
#3188=FACE_SURFACE('',(#3193),#3189,.T.);
#3189=PLANE('',#3190);
#3190=AXIS2_PLACEMENT_3D('',#38,#3191,#3192);
#3191=DIRECTION('',(0,0,1));
#3192=DIRECTION('',(0.6008611205214633,-0.7993534348745188,0));
#3193=FACE_BOUND('',#3194,.T.);
#3194=EDGE_LOOP('',(#3195,#3196,#3197));
#3195=ORIENTED_EDGE('',*,*,#3198,.T.);
#3196=ORIENTED_EDGE('',*,*,#3199,.T.);
#3197=ORIENTED_EDGE('',*,*,#3200,.T.);
#3198=EDGE_CURVE('',#39,#191,#3201,.F.);
#3199=EDGE_CURVE('',#191,#255,#3202,.T.);
#3200=EDGE_CURVE('',#255,#39,#3203,.T.);
#3201=LINE('',#38,#3204);
#3202=LINE('',#190,#3205);
#3203=LINE('',#254,#3206);
#3204=VECTOR('',#3207,1.0);
#3205=VECTOR('',#3208,1.0);
#3206=VECTOR('',#3209,1.0);
#3207=DIRECTION('',(0.6008611205214633,-0.7993534348745188,0));
#3208=DIRECTION('',(0.6343939884043952,0.7730098754067533,0));
#3209=DIRECTION('',(-0.6658629496502566,0.7460740796214943,0));
#3210=FACE_SURFACE('',(#3215),#3211,.T.);
#3211=PLANE('',#3212);
#3212=AXIS2_PLACEMENT_3D('',#256,#3213,#3214);
#3213=DIRECTION('',(-0,0,1));
#3214=DIRECTION('',(0.7730118986326124,-0.6343915230931161,0));
#3215=FACE_BOUND('',#3216,.T.);
#3216=EDGE_LOOP('',(#3217,#3218,#3219));
#3217=ORIENTED_EDGE('',*,*,#3220,.T.);
#3218=ORIENTED_EDGE('',*,*,#3221,.T.);
#3219=ORIENTED_EDGE('',*,*,#3222,.T.);
#3220=EDGE_CURVE('',#257,#259,#3223,.F.);
#3221=EDGE_CURVE('',#259,#47,#3224,.T.);
#3222=EDGE_CURVE('',#47,#257,#3225,.T.);
#3223=LINE('',#256,#3226);
#3224=LINE('',#258,#3227);
#3225=LINE('',#46,#3228);
#3226=VECTOR('',#3229,1.0);
#3227=VECTOR('',#3230,1.0);
#3228=VECTOR('',#3231,1.0);
#3229=DIRECTION('',(0.7730118986326124,-0.6343915230931161,0));
#3230=DIRECTION('',(0.5875147938442962,0.8092134248849894,0));
#3231=DIRECTION('',(-0.7471015664193021,-0.6647098987180986,0));
#3232=FACE_SURFACE('',(#3237),#3233,.T.);
#3233=PLANE('',#3234);
#3234=AXIS2_PLACEMENT_3D('',#260,#3235,#3236);
#3235=DIRECTION('',(-0,0,1));
#3236=DIRECTION('',(0.8819218819481763,-0.47139558137618004,0));
#3237=FACE_BOUND('',#3238,.T.);
#3238=EDGE_LOOP('',(#3239,#3240,#3241));
#3239=ORIENTED_EDGE('',*,*,#3242,.T.);
#3240=ORIENTED_EDGE('',*,*,#3243,.T.);
#3241=ORIENTED_EDGE('',*,*,#3244,.T.);
#3242=EDGE_CURVE('',#261,#257,#3245,.F.);
#3243=EDGE_CURVE('',#257,#47,#3246,.T.);
#3244=EDGE_CURVE('',#47,#261,#3247,.T.);
#3245=LINE('',#260,#3248);
#3246=LINE('',#256,#3249);
#3247=LINE('',#46,#3250);
#3248=VECTOR('',#3251,1.0);
#3249=VECTOR('',#3252,1.0);
#3250=VECTOR('',#3253,1.0);
#3251=DIRECTION('',(0.8819218819481763,-0.47139558137618004,0));
#3252=DIRECTION('',(0.7471015664193021,0.6647098987180986,0));
#3253=DIRECTION('',(-0.8567163917965543,-0.5157877703349439,0));
#3254=FACE_SURFACE('',(#3259),#3255,.T.);
#3255=PLANE('',#3256);
#3256=AXIS2_PLACEMENT_3D('',#38,#3257,#3258);
#3257=DIRECTION('',(0,0,1));
#3258=DIRECTION('',(0.6658629496502566,-0.7460740796214943,0));
#3259=FACE_BOUND('',#3260,.T.);
#3260=EDGE_LOOP('',(#3261,#3262,#3263));
#3261=ORIENTED_EDGE('',*,*,#3264,.T.);
#3262=ORIENTED_EDGE('',*,*,#3265,.T.);
#3263=ORIENTED_EDGE('',*,*,#3266,.T.);
#3264=EDGE_CURVE('',#39,#255,#3267,.F.);
#3265=EDGE_CURVE('',#255,#263,#3268,.T.);
#3266=EDGE_CURVE('',#263,#39,#3269,.T.);
#3267=LINE('',#38,#3270);
#3268=LINE('',#254,#3271);
#3269=LINE('',#262,#3272);
#3270=VECTOR('',#3273,1.0);
#3271=VECTOR('',#3274,1.0);
#3272=VECTOR('',#3275,1.0);
#3273=DIRECTION('',(0.6658629496502566,-0.7460740796214943,0));
#3274=DIRECTION('',(0.7730065376569853,0.634398055434882,0));
#3275=DIRECTION('',(-0.7980725713367355,0.6025613420059166,0));
#3276=FACE_SURFACE('',(#3281),#3277,.T.);
#3277=PLANE('',#3278);
#3278=AXIS2_PLACEMENT_3D('',#38,#3279,#3280);
#3279=DIRECTION('',(0,0,1));
#3280=DIRECTION('',(0.7980725713367355,-0.6025613420059166,0));
#3281=FACE_BOUND('',#3282,.T.);
#3282=EDGE_LOOP('',(#3283,#3284,#3285));
#3283=ORIENTED_EDGE('',*,*,#3286,.T.);
#3284=ORIENTED_EDGE('',*,*,#3287,.T.);
#3285=ORIENTED_EDGE('',*,*,#3288,.T.);
#3286=EDGE_CURVE('',#39,#263,#3289,.F.);
#3287=EDGE_CURVE('',#263,#265,#3290,.T.);
#3288=EDGE_CURVE('',#265,#39,#3291,.T.);
#3289=LINE('',#38,#3292);
#3290=LINE('',#262,#3293);
#3291=LINE('',#264,#3294);
#3292=VECTOR('',#3295,1.0);
#3293=VECTOR('',#3296,1.0);
#3294=VECTOR('',#3297,1.0);
#3295=DIRECTION('',(0.7980725713367355,-0.6025613420059166,0));
#3296=DIRECTION('',(0.8819233619650994,0.47139281244008846,0));
#3297=DIRECTION('',(-0.8846613090228527,0.46623424189775325,0));
#3298=FACE_SURFACE('',(#3303),#3299,.T.);
#3299=PLANE('',#3300);
#3300=AXIS2_PLACEMENT_3D('',#266,#3301,#3302);
#3301=DIRECTION('',(-0,0,1));
#3302=DIRECTION('',(0.9569402274256693,-0.29028503429303487,0));
#3303=FACE_BOUND('',#3304,.T.);
#3304=EDGE_LOOP('',(#3305,#3306,#3307));
#3305=ORIENTED_EDGE('',*,*,#3308,.T.);
#3306=ORIENTED_EDGE('',*,*,#3309,.T.);
#3307=ORIENTED_EDGE('',*,*,#3310,.T.);
#3308=EDGE_CURVE('',#267,#261,#3311,.F.);
#3309=EDGE_CURVE('',#261,#47,#3312,.T.);
#3310=EDGE_CURVE('',#47,#267,#3313,.T.);
#3311=LINE('',#266,#3314);
#3312=LINE('',#260,#3315);
#3313=LINE('',#46,#3316);
#3314=VECTOR('',#3317,1.0);
#3315=VECTOR('',#3318,1.0);
#3316=VECTOR('',#3319,1.0);
#3317=DIRECTION('',(0.9569402274256693,-0.29028503429303487,0));
#3318=DIRECTION('',(0.8567163917965543,0.5157877703349439,0));
#3319=DIRECTION('',(-0.9155534569416691,-0.40219630465999967,0));
#3320=FACE_SURFACE('',(#3325),#3321,.T.);
#3321=PLANE('',#3322);
#3322=AXIS2_PLACEMENT_3D('',#250,#3323,#3324);
#3323=DIRECTION('',(-0,0,1));
#3324=DIRECTION('',(0.9951843933764081,-0.0980205242795133,0));
#3325=FACE_BOUND('',#3326,.T.);
#3326=EDGE_LOOP('',(#3327,#3328,#3329));
#3327=ORIENTED_EDGE('',*,*,#3330,.T.);
#3328=ORIENTED_EDGE('',*,*,#3331,.T.);
#3329=ORIENTED_EDGE('',*,*,#3332,.T.);
#3330=EDGE_CURVE('',#251,#267,#3333,.F.);
#3331=EDGE_CURVE('',#267,#47,#3334,.T.);
#3332=EDGE_CURVE('',#47,#251,#3335,.T.);
#3333=LINE('',#250,#3336);
#3334=LINE('',#266,#3337);
#3335=LINE('',#46,#3338);
#3336=VECTOR('',#3339,1.0);
#3337=VECTOR('',#3340,1.0);
#3338=VECTOR('',#3341,1.0);
#3339=DIRECTION('',(0.9951843933764081,-0.0980205242795133,0));
#3340=DIRECTION('',(0.9155534569416691,0.40219630465999967,0));
#3341=DIRECTION('',(-0.9425017674422794,-0.3342011645224767,0));
#3342=FACE_SURFACE('',(#3347),#3343,.T.);
#3343=PLANE('',#3344);
#3344=AXIS2_PLACEMENT_3D('',#38,#3345,#3346);
#3345=DIRECTION('',(0,0,1));
#3346=DIRECTION('',(0.8846613090228527,-0.46623424189775325,0));
#3347=FACE_BOUND('',#3348,.T.);
#3348=EDGE_LOOP('',(#3349,#3350,#3351));
#3349=ORIENTED_EDGE('',*,*,#3352,.T.);
#3350=ORIENTED_EDGE('',*,*,#3353,.T.);
#3351=ORIENTED_EDGE('',*,*,#3354,.T.);
#3352=EDGE_CURVE('',#39,#265,#3355,.F.);
#3353=EDGE_CURVE('',#265,#269,#3356,.T.);
#3354=EDGE_CURVE('',#269,#39,#3357,.T.);
#3355=LINE('',#38,#3358);
#3356=LINE('',#264,#3359);
#3357=LINE('',#268,#3360);
#3358=VECTOR('',#3361,1.0);
#3359=VECTOR('',#3362,1.0);
#3360=VECTOR('',#3363,1.0);
#3361=DIRECTION('',(0.8846613090228527,-0.46623424189775325,0));
#3362=DIRECTION('',(0.9569407886580253,0.29028318415395105,0));
#3363=DIRECTION('',(-0.9305929393497356,0.36605570782658114,0));
#3364=FACE_SURFACE('',(#3369),#3365,.T.);
#3365=PLANE('',#3366);
#3366=AXIS2_PLACEMENT_3D('',#252,#3367,#3368);
#3367=DIRECTION('',(0,0,1));
#3368=DIRECTION('',(1,0,0));
#3369=FACE_BOUND('',#3370,.T.);
#3370=EDGE_LOOP('',(#3371,#3372,#3373));
#3371=ORIENTED_EDGE('',*,*,#3374,.T.);
#3372=ORIENTED_EDGE('',*,*,#3375,.T.);
#3373=ORIENTED_EDGE('',*,*,#3376,.T.);
#3374=EDGE_CURVE('',#253,#251,#3377,.F.);
#3375=EDGE_CURVE('',#251,#47,#3378,.T.);
#3376=EDGE_CURVE('',#47,#253,#3379,.T.);
#3377=LINE('',#252,#3380);
#3378=LINE('',#250,#3381);
#3379=LINE('',#46,#3382);
#3380=VECTOR('',#3383,1.0);
#3381=VECTOR('',#3384,1.0);
#3382=VECTOR('',#3385,1.0);
#3383=DIRECTION('',(1,0,0));
#3384=DIRECTION('',(0.9425017674422794,0.3342011645224767,0));
#3385=DIRECTION('',(-0.9998687761992461,-0.01619970313992498,0));
#3386=FACE_SURFACE('',(#3391),#3387,.T.);
#3387=PLANE('',#3388);
#3388=AXIS2_PLACEMENT_3D('',#38,#3389,#3390);
#3389=DIRECTION('',(0,0,1));
#3390=DIRECTION('',(0.9305929393497356,-0.36605570782658114,0));
#3391=FACE_BOUND('',#3392,.T.);
#3392=EDGE_LOOP('',(#3393,#3394,#3395));
#3393=ORIENTED_EDGE('',*,*,#3396,.T.);
#3394=ORIENTED_EDGE('',*,*,#3397,.T.);
#3395=ORIENTED_EDGE('',*,*,#3398,.T.);
#3396=EDGE_CURVE('',#39,#269,#3399,.F.);
#3397=EDGE_CURVE('',#269,#253,#3400,.T.);
#3398=EDGE_CURVE('',#253,#39,#3401,.T.);
#3399=LINE('',#38,#3402);
#3400=LINE('',#268,#3403);
#3401=LINE('',#252,#3404);
#3402=VECTOR('',#3405,1.0);
#3403=VECTOR('',#3406,1.0);
#3404=VECTOR('',#3407,1.0);
#3405=DIRECTION('',(0.9305929393497356,-0.36605570782658114,0));
#3406=DIRECTION('',(0.9951844573686692,0.09801987457565724,0));
#3407=DIRECTION('',(-0.95163992166603,0.3072156563254423,0));
#3408=FACE_SURFACE('',(#3413),#3409,.T.);
#3409=PLANE('',#3410);
#3410=AXIS2_PLACEMENT_3D('',#46,#3411,#3412);
#3411=DIRECTION('',(0,0,1));
#3412=DIRECTION('',(-1,0,0));
#3413=FACE_BOUND('',#3414,.T.);
#3414=EDGE_LOOP('',(#3415,#3416,#3417));
#3415=ORIENTED_EDGE('',*,*,#3418,.T.);
#3416=ORIENTED_EDGE('',*,*,#3419,.T.);
#3417=ORIENTED_EDGE('',*,*,#3420,.T.);
#3418=EDGE_CURVE('',#47,#39,#3421,.F.);
#3419=EDGE_CURVE('',#39,#253,#3422,.T.);
#3420=EDGE_CURVE('',#253,#47,#3423,.T.);
#3421=LINE('',#46,#3424);
#3422=LINE('',#38,#3425);
#3423=LINE('',#252,#3426);
#3424=VECTOR('',#3427,1.0);
#3425=VECTOR('',#3428,1.0);
#3426=VECTOR('',#3429,1.0);
#3427=DIRECTION('',(-1,0,0));
#3428=DIRECTION('',(0.95163992166603,-0.3072156563254423,0));
#3429=DIRECTION('',(0.9998687761992461,0.01619970313992498,0));
#3430=FACE_SURFACE('',(#3435),#3431,.T.);
#3431=PLANE('',#3432);
#3432=AXIS2_PLACEMENT_3D('',#270,#3433,#3434);
#3433=DIRECTION('',(0,0,1));
#3434=DIRECTION('',(-0.6343941420750709,0.773009749292229,0));
#3435=FACE_BOUND('',#3436,.T.);
#3436=EDGE_LOOP('',(#3437,#3438,#3439));
#3437=ORIENTED_EDGE('',*,*,#3440,.T.);
#3438=ORIENTED_EDGE('',*,*,#3441,.T.);
#3439=ORIENTED_EDGE('',*,*,#3442,.T.);
#3440=EDGE_CURVE('',#271,#207,#3443,.F.);
#3441=EDGE_CURVE('',#207,#205,#3444,.T.);
#3442=EDGE_CURVE('',#205,#271,#3445,.T.);
#3443=LINE('',#270,#3446);
#3444=LINE('',#206,#3447);
#3445=LINE('',#204,#3448);
#3446=VECTOR('',#3449,1.0);
#3447=VECTOR('',#3450,1.0);
#3448=VECTOR('',#3451,1.0);
#3449=DIRECTION('',(-0.6343941420750709,0.773009749292229,0));
#3450=DIRECTION('',(-0.526663744481699,-0.8500737028331812,0));
#3451=DIRECTION('',(0.7382691936992982,0.6745061879883595,0));
#3452=FACE_SURFACE('',(#3457),#3453,.T.);
#3453=PLANE('',#3454);
#3454=AXIS2_PLACEMENT_3D('',#204,#3455,#3456);
#3455=DIRECTION('',(0,0,1));
#3456=DIRECTION('',(0,-1,0));
#3457=FACE_BOUND('',#3458,.T.);
#3458=EDGE_LOOP('',(#3459,#3460,#3461));
#3459=ORIENTED_EDGE('',*,*,#3462,.T.);
#3460=ORIENTED_EDGE('',*,*,#3463,.T.);
#3461=ORIENTED_EDGE('',*,*,#3464,.T.);
#3462=EDGE_CURVE('',#205,#63,#3465,.F.);
#3463=EDGE_CURVE('',#63,#61,#3466,.T.);
#3464=EDGE_CURVE('',#61,#205,#3467,.T.);
#3465=LINE('',#204,#3468);
#3466=LINE('',#62,#3469);
#3467=LINE('',#60,#3470);
#3468=VECTOR('',#3471,1.0);
#3469=VECTOR('',#3472,1.0);
#3470=VECTOR('',#3473,1.0);
#3471=DIRECTION('',(0,-1,0));
#3472=DIRECTION('',(0.6797950604501599,-0.7334021242044253,0));
#3473=DIRECTION('',(-0.009273879787505783,0.9999569966521995,0));
#3474=FACE_SURFACE('',(#3479),#3475,.T.);
#3475=PLANE('',#3476);
#3476=AXIS2_PLACEMENT_3D('',#204,#3477,#3478);
#3477=DIRECTION('',(0,0,1));
#3478=DIRECTION('',(0.009273879787505783,-0.9999569966521995,0));
#3479=FACE_BOUND('',#3480,.T.);
#3480=EDGE_LOOP('',(#3481,#3482,#3483));
#3481=ORIENTED_EDGE('',*,*,#3484,.T.);
#3482=ORIENTED_EDGE('',*,*,#3485,.T.);
#3483=ORIENTED_EDGE('',*,*,#3486,.T.);
#3484=EDGE_CURVE('',#205,#61,#3487,.F.);
#3485=EDGE_CURVE('',#61,#273,#3488,.T.);
#3486=EDGE_CURVE('',#273,#205,#3489,.T.);
#3487=LINE('',#204,#3490);
#3488=LINE('',#60,#3491);
#3489=LINE('',#272,#3492);
#3490=VECTOR('',#3493,1.0);
#3491=VECTOR('',#3494,1.0);
#3492=VECTOR('',#3495,1.0);
#3493=DIRECTION('',(0.009273879787505783,-0.9999569966521995,0));
#3494=DIRECTION('',(0.7730147986533586,0.634387989374726,0));
#3495=DIRECTION('',(-0.013031028031160068,0.999915092549588,0));
#3496=FACE_SURFACE('',(#3501),#3497,.T.);
#3497=PLANE('',#3498);
#3498=AXIS2_PLACEMENT_3D('',#274,#3499,#3500);
#3499=DIRECTION('',(0,0,1));
#3500=DIRECTION('',(-0.7730092181654996,0.6343947892528462,0));
#3501=FACE_BOUND('',#3502,.T.);
#3502=EDGE_LOOP('',(#3503,#3504,#3505));
#3503=ORIENTED_EDGE('',*,*,#3506,.T.);
#3504=ORIENTED_EDGE('',*,*,#3507,.T.);
#3505=ORIENTED_EDGE('',*,*,#3508,.T.);
#3506=EDGE_CURVE('',#275,#271,#3509,.F.);
#3507=EDGE_CURVE('',#271,#205,#3510,.T.);
#3508=EDGE_CURVE('',#205,#275,#3511,.T.);
#3509=LINE('',#274,#3512);
#3510=LINE('',#270,#3513);
#3511=LINE('',#204,#3514);
#3512=VECTOR('',#3515,1.0);
#3513=VECTOR('',#3516,1.0);
#3514=VECTOR('',#3517,1.0);
#3515=DIRECTION('',(-0.7730092181654996,0.6343947892528462,0));
#3516=DIRECTION('',(-0.7382691936992982,-0.6745061879883595,0));
#3517=DIRECTION('',(0.9545996531901536,0.29789176243937765,0));
#3518=FACE_SURFACE('',(#3523),#3519,.T.);
#3519=PLANE('',#3520);
#3520=AXIS2_PLACEMENT_3D('',#276,#3521,#3522);
#3521=DIRECTION('',(0,0,1));
#3522=DIRECTION('',(-0.881920593036428,0.47139799276012556,0));
#3523=FACE_BOUND('',#3524,.T.);
#3524=EDGE_LOOP('',(#3525,#3526,#3527));
#3525=ORIENTED_EDGE('',*,*,#3528,.T.);
#3526=ORIENTED_EDGE('',*,*,#3529,.T.);
#3527=ORIENTED_EDGE('',*,*,#3530,.T.);
#3528=EDGE_CURVE('',#277,#275,#3531,.F.);
#3529=EDGE_CURVE('',#275,#205,#3532,.T.);
#3530=EDGE_CURVE('',#205,#277,#3533,.T.);
#3531=LINE('',#276,#3534);
#3532=LINE('',#274,#3535);
#3533=LINE('',#204,#3536);
#3534=VECTOR('',#3537,1.0);
#3535=VECTOR('',#3538,1.0);
#3536=VECTOR('',#3539,1.0);
#3537=DIRECTION('',(-0.881920593036428,0.47139799276012556,0));
#3538=DIRECTION('',(-0.9545996531901536,-0.29789176243937765,0));
#3539=DIRECTION('',(0.9974159264949461,0.07184336833854761,0));
#3540=FACE_SURFACE('',(#3545),#3541,.T.);
#3541=PLANE('',#3542);
#3542=AXIS2_PLACEMENT_3D('',#204,#3543,#3544);
#3543=DIRECTION('',(0,0,1));
#3544=DIRECTION('',(0.013031028031160068,-0.999915092549588,0));
#3545=FACE_BOUND('',#3546,.T.);
#3546=EDGE_LOOP('',(#3547,#3548,#3549));
#3547=ORIENTED_EDGE('',*,*,#3550,.T.);
#3548=ORIENTED_EDGE('',*,*,#3551,.T.);
#3549=ORIENTED_EDGE('',*,*,#3552,.T.);
#3550=EDGE_CURVE('',#205,#273,#3553,.F.);
#3551=EDGE_CURVE('',#273,#279,#3554,.T.);
#3552=EDGE_CURVE('',#279,#205,#3555,.T.);
#3553=LINE('',#204,#3556);
#3554=LINE('',#272,#3557);
#3555=LINE('',#278,#3558);
#3556=VECTOR('',#3559,1.0);
#3557=VECTOR('',#3560,1.0);
#3558=VECTOR('',#3561,1.0);
#3559=DIRECTION('',(0.013031028031160068,-0.999915092549588,0));
#3560=DIRECTION('',(0.8819178240947152,0.4714031730313694,0));
#3561=DIRECTION('',(-0.018236649130881577,0.9998336984861419,0));
#3562=FACE_SURFACE('',(#3567),#3563,.T.);
#3563=PLANE('',#3564);
#3564=AXIS2_PLACEMENT_3D('',#204,#3565,#3566);
#3565=DIRECTION('',(0,0,1));
#3566=DIRECTION('',(0.018236649130881577,-0.9998336984861419,0));
#3567=FACE_BOUND('',#3568,.T.);
#3568=EDGE_LOOP('',(#3569,#3570,#3571));
#3569=ORIENTED_EDGE('',*,*,#3572,.T.);
#3570=ORIENTED_EDGE('',*,*,#3573,.T.);
#3571=ORIENTED_EDGE('',*,*,#3574,.T.);
#3572=EDGE_CURVE('',#205,#279,#3575,.F.);
#3573=EDGE_CURVE('',#279,#281,#3576,.T.);
#3574=EDGE_CURVE('',#281,#205,#3577,.T.);
#3575=LINE('',#204,#3578);
#3576=LINE('',#278,#3579);
#3577=LINE('',#280,#3580);
#3578=VECTOR('',#3581,1.0);
#3579=VECTOR('',#3582,1.0);
#3580=VECTOR('',#3583,1.0);
#3581=DIRECTION('',(0.018236649130881577,-0.9998336984861419,0));
#3582=DIRECTION('',(0.9569426387700003,0.29027708504790517,0));
#3583=DIRECTION('',(-0.02388498107338109,0.9997147131452674,0));
#3584=FACE_SURFACE('',(#3589),#3585,.T.);
#3585=PLANE('',#3586);
#3586=AXIS2_PLACEMENT_3D('',#282,#3587,#3588);
#3587=DIRECTION('',(0,0,1));
#3588=DIRECTION('',(-0.9569407886580253,0.29028318415395105,0));
#3589=FACE_BOUND('',#3590,.T.);
#3590=EDGE_LOOP('',(#3591,#3592,#3593));
#3591=ORIENTED_EDGE('',*,*,#3594,.T.);
#3592=ORIENTED_EDGE('',*,*,#3595,.T.);
#3593=ORIENTED_EDGE('',*,*,#3596,.T.);
#3594=EDGE_CURVE('',#283,#277,#3597,.F.);
#3595=EDGE_CURVE('',#277,#205,#3598,.T.);
#3596=EDGE_CURVE('',#205,#283,#3599,.T.);
#3597=LINE('',#282,#3600);
#3598=LINE('',#276,#3601);
#3599=LINE('',#204,#3602);
#3600=VECTOR('',#3603,1.0);
#3601=VECTOR('',#3604,1.0);
#3602=VECTOR('',#3605,1.0);
#3603=DIRECTION('',(-0.9569407886580253,0.29028318415395105,0));
#3604=DIRECTION('',(-0.9974159264949461,-0.07184336833854761,0));
#3605=DIRECTION('',(0.999867430236181,-0.016282565918664504,0));
#3606=FACE_SURFACE('',(#3611),#3607,.T.);
#3607=PLANE('',#3608);
#3608=AXIS2_PLACEMENT_3D('',#284,#3609,#3610);
#3609=DIRECTION('',(0,0,1));
#3610=DIRECTION('',(-0.9951845213596577,0.09801922488037212,0));
#3611=FACE_BOUND('',#3612,.T.);
#3612=EDGE_LOOP('',(#3613,#3614,#3615));
#3613=ORIENTED_EDGE('',*,*,#3616,.T.);
#3614=ORIENTED_EDGE('',*,*,#3617,.T.);
#3615=ORIENTED_EDGE('',*,*,#3618,.T.);
#3616=EDGE_CURVE('',#285,#283,#3619,.F.);
#3617=EDGE_CURVE('',#283,#205,#3620,.T.);
#3618=EDGE_CURVE('',#205,#285,#3621,.T.);
#3619=LINE('',#284,#3622);
#3620=LINE('',#282,#3623);
#3621=LINE('',#204,#3624);
#3622=VECTOR('',#3625,1.0);
#3623=VECTOR('',#3626,1.0);
#3624=VECTOR('',#3627,1.0);
#3625=DIRECTION('',(-0.9951845213596577,0.09801922488037212,0));
#3626=DIRECTION('',(-0.999867430236181,0.016282565918664504,0));
#3627=DIRECTION('',(0.9994740746220304,-0.032427984187056336,0));
#3628=FACE_SURFACE('',(#3633),#3629,.T.);
#3629=PLANE('',#3630);
#3630=AXIS2_PLACEMENT_3D('',#204,#3631,#3632);
#3631=DIRECTION('',(0,0,1));
#3632=DIRECTION('',(0.02388498107338109,-0.9997147131452674,0));
#3633=FACE_BOUND('',#3634,.T.);
#3634=EDGE_LOOP('',(#3635,#3636,#3637));
#3635=ORIENTED_EDGE('',*,*,#3638,.T.);
#3636=ORIENTED_EDGE('',*,*,#3639,.T.);
#3637=ORIENTED_EDGE('',*,*,#3640,.T.);
#3638=EDGE_CURVE('',#205,#281,#3641,.F.);
#3639=EDGE_CURVE('',#281,#287,#3642,.T.);
#3640=EDGE_CURVE('',#287,#205,#3643,.T.);
#3641=LINE('',#204,#3644);
#3642=LINE('',#280,#3645);
#3643=LINE('',#286,#3646);
#3644=VECTOR('',#3647,1.0);
#3645=VECTOR('',#3648,1.0);
#3646=VECTOR('',#3649,1.0);
#3647=DIRECTION('',(0.02388498107338109,-0.9997147131452674,0));
#3648=DIRECTION('',(0.9951851710292209,0.09801262859213908,0));
#3649=DIRECTION('',(-0.029741459022020505,0.9995576249597826,0));
#3650=FACE_SURFACE('',(#3655),#3651,.T.);
#3651=PLANE('',#3652);
#3652=AXIS2_PLACEMENT_3D('',#204,#3653,#3654);
#3653=DIRECTION('',(0,0,1));
#3654=DIRECTION('',(0.029741459022020505,-0.9995576249597826,0));
#3655=FACE_BOUND('',#3656,.T.);
#3656=EDGE_LOOP('',(#3657,#3658,#3659));
#3657=ORIENTED_EDGE('',*,*,#3660,.T.);
#3658=ORIENTED_EDGE('',*,*,#3661,.T.);
#3659=ORIENTED_EDGE('',*,*,#3662,.T.);
#3660=EDGE_CURVE('',#205,#287,#3663,.F.);
#3661=EDGE_CURVE('',#287,#289,#3664,.T.);
#3662=EDGE_CURVE('',#289,#205,#3665,.T.);
#3663=LINE('',#204,#3666);
#3664=LINE('',#286,#3667);
#3665=LINE('',#288,#3668);
#3666=VECTOR('',#3669,1.0);
#3667=VECTOR('',#3670,1.0);
#3668=VECTOR('',#3671,1.0);
#3669=DIRECTION('',(0.029741459022020505,-0.9995576249597826,0));
#3670=DIRECTION('',(0.9951850430631124,-0.09801392790553251,0));
#3671=DIRECTION('',(-0.03556060168272625,0.999367521789638,0));
#3672=FACE_SURFACE('',(#3677),#3673,.T.);
#3673=PLANE('',#3674);
#3674=AXIS2_PLACEMENT_3D('',#284,#3675,#3676);
#3675=DIRECTION('',(0,0,1));
#3676=DIRECTION('',(-0.9994740746220304,0.032427984187056336,0));
#3677=FACE_BOUND('',#3678,.T.);
#3678=EDGE_LOOP('',(#3679,#3680,#3681));
#3679=ORIENTED_EDGE('',*,*,#3682,.T.);
#3680=ORIENTED_EDGE('',*,*,#3683,.T.);
#3681=ORIENTED_EDGE('',*,*,#3684,.T.);
#3682=EDGE_CURVE('',#285,#205,#3685,.F.);
#3683=EDGE_CURVE('',#205,#289,#3686,.T.);
#3684=EDGE_CURVE('',#289,#285,#3687,.T.);
#3685=LINE('',#284,#3688);
#3686=LINE('',#204,#3689);
#3687=LINE('',#288,#3690);
#3688=VECTOR('',#3691,1.0);
#3689=VECTOR('',#3692,1.0);
#3690=VECTOR('',#3693,1.0);
#3691=DIRECTION('',(-0.9994740746220304,0.032427984187056336,0));
#3692=DIRECTION('',(0.03556060168272625,-0.999367521789638,0));
#3693=DIRECTION('',(-0.0058511612794222975,0.9999828818093248,0));
#3694=FACE_SURFACE('',(#3699),#3695,.T.);
#3695=PLANE('',#3696);
#3696=AXIS2_PLACEMENT_3D('',#284,#3697,#3698);
#3697=DIRECTION('',(0,0,1));
#3698=DIRECTION('',(0.0058511612794222975,-0.9999828818093248,0));
#3699=FACE_BOUND('',#3700,.T.);
#3700=EDGE_LOOP('',(#3701,#3702,#3703));
#3701=ORIENTED_EDGE('',*,*,#3704,.T.);
#3702=ORIENTED_EDGE('',*,*,#3705,.T.);
#3703=ORIENTED_EDGE('',*,*,#3706,.T.);
#3704=EDGE_CURVE('',#285,#289,#3707,.F.);
#3705=EDGE_CURVE('',#289,#291,#3708,.T.);
#3706=EDGE_CURVE('',#291,#285,#3709,.T.);
#3707=LINE('',#284,#3710);
#3708=LINE('',#288,#3711);
#3709=LINE('',#290,#3712);
#3710=VECTOR('',#3713,1.0);
#3711=VECTOR('',#3714,1.0);
#3712=VECTOR('',#3715,1.0);
#3713=DIRECTION('',(0.0058511612794222975,-0.9999828818093248,0));
#3714=DIRECTION('',(0.9569420775601429,-0.29027893515526987,0));
#3715=DIRECTION('',(-0.011457357847284612,0.9999343623214273,0));
#3716=FACE_SURFACE('',(#3721),#3717,.T.);
#3717=PLANE('',#3718);
#3718=AXIS2_PLACEMENT_3D('',#292,#3719,#3720);
#3719=DIRECTION('',(0,0,1));
#3720=DIRECTION('',(-0.9951843933764081,-0.0980205242795133,0));
#3721=FACE_BOUND('',#3722,.T.);
#3722=EDGE_LOOP('',(#3723,#3724,#3725));
#3723=ORIENTED_EDGE('',*,*,#3726,.T.);
#3724=ORIENTED_EDGE('',*,*,#3727,.T.);
#3725=ORIENTED_EDGE('',*,*,#3728,.T.);
#3726=EDGE_CURVE('',#293,#285,#3729,.F.);
#3727=EDGE_CURVE('',#285,#291,#3730,.T.);
#3728=EDGE_CURVE('',#291,#293,#3731,.T.);
#3729=LINE('',#292,#3732);
#3730=LINE('',#284,#3733);
#3731=LINE('',#290,#3734);
#3732=VECTOR('',#3735,1.0);
#3733=VECTOR('',#3736,1.0);
#3734=VECTOR('',#3737,1.0);
#3735=DIRECTION('',(-0.9951843933764081,-0.0980205242795133,0));
#3736=DIRECTION('',(0.011457357847284612,-0.9999343623214273,0));
#3737=DIRECTION('',(-0.005613499752346525,0.9999842441861423,0));
#3738=FACE_SURFACE('',(#3743),#3739,.T.);
#3739=PLANE('',#3740);
#3740=AXIS2_PLACEMENT_3D('',#292,#3741,#3742);
#3741=DIRECTION('',(0,0,1));
#3742=DIRECTION('',(0.005613499752346525,-0.9999842441861423,0));
#3743=FACE_BOUND('',#3744,.T.);
#3744=EDGE_LOOP('',(#3745,#3746,#3747));
#3745=ORIENTED_EDGE('',*,*,#3748,.T.);
#3746=ORIENTED_EDGE('',*,*,#3749,.T.);
#3747=ORIENTED_EDGE('',*,*,#3750,.T.);
#3748=EDGE_CURVE('',#293,#291,#3751,.F.);
#3749=EDGE_CURVE('',#291,#295,#3752,.T.);
#3750=EDGE_CURVE('',#295,#293,#3753,.T.);
#3751=LINE('',#292,#3754);
#3752=LINE('',#290,#3755);
#3753=LINE('',#294,#3756);
#3754=VECTOR('',#3757,1.0);
#3755=VECTOR('',#3758,1.0);
#3756=VECTOR('',#3759,1.0);
#3757=DIRECTION('',(0.005613499752346525,-0.9999842441861423,0));
#3758=DIRECTION('',(0.8819163440220278,-0.4714059419935436,0));
#3759=DIRECTION('',(-0.010756711636489943,0.9999421449037786,0));
#3760=FACE_SURFACE('',(#3765),#3761,.T.);
#3761=PLANE('',#3762);
#3762=AXIS2_PLACEMENT_3D('',#296,#3763,#3764);
#3763=DIRECTION('',(0,0,1));
#3764=DIRECTION('',(-0.9569402274256693,-0.29028503429303487,0));
#3765=FACE_BOUND('',#3766,.T.);
#3766=EDGE_LOOP('',(#3767,#3768,#3769));
#3767=ORIENTED_EDGE('',*,*,#3770,.T.);
#3768=ORIENTED_EDGE('',*,*,#3771,.T.);
#3769=ORIENTED_EDGE('',*,*,#3772,.T.);
#3770=EDGE_CURVE('',#297,#293,#3773,.F.);
#3771=EDGE_CURVE('',#293,#295,#3774,.T.);
#3772=EDGE_CURVE('',#295,#297,#3775,.T.);
#3773=LINE('',#296,#3776);
#3774=LINE('',#292,#3777);
#3775=LINE('',#294,#3778);
#3776=VECTOR('',#3779,1.0);
#3777=VECTOR('',#3780,1.0);
#3778=VECTOR('',#3781,1.0);
#3779=DIRECTION('',(-0.9569402274256693,-0.29028503429303487,0));
#3780=DIRECTION('',(0.010756711636489943,-0.9999421449037786,0));
#3781=DIRECTION('',(-0.005150411881099095,0.9999867365407678,0));
#3782=FACE_SURFACE('',(#3787),#3783,.T.);
#3783=PLANE('',#3784);
#3784=AXIS2_PLACEMENT_3D('',#296,#3785,#3786);
#3785=DIRECTION('',(0,0,1));
#3786=DIRECTION('',(0.005150411881099095,-0.9999867365407678,0));
#3787=FACE_BOUND('',#3788,.T.);
#3788=EDGE_LOOP('',(#3789,#3790,#3791));
#3789=ORIENTED_EDGE('',*,*,#3792,.T.);
#3790=ORIENTED_EDGE('',*,*,#3793,.T.);
#3791=ORIENTED_EDGE('',*,*,#3794,.T.);
#3792=EDGE_CURVE('',#297,#295,#3795,.F.);
#3793=EDGE_CURVE('',#295,#299,#3796,.T.);
#3794=EDGE_CURVE('',#299,#297,#3797,.T.);
#3795=LINE('',#296,#3798);
#3796=LINE('',#294,#3799);
#3797=LINE('',#298,#3800);
#3798=VECTOR('',#3801,1.0);
#3799=VECTOR('',#3802,1.0);
#3800=VECTOR('',#3803,1.0);
#3801=DIRECTION('',(0.005150411881099095,-0.9999867365407678,0));
#3802=DIRECTION('',(0.7730151647847446,-0.6343875432358472,0));
#3803=DIRECTION('',(-0.00962887084546768,0.9999536413485584,0));
#3804=FACE_SURFACE('',(#3809),#3805,.T.);
#3805=PLANE('',#3806);
#3806=AXIS2_PLACEMENT_3D('',#300,#3807,#3808);
#3807=DIRECTION('',(0,0,1));
#3808=DIRECTION('',(-0.8819191129916227,-0.4714007617092588,0));
#3809=FACE_BOUND('',#3810,.T.);
#3810=EDGE_LOOP('',(#3811,#3812,#3813));
#3811=ORIENTED_EDGE('',*,*,#3814,.T.);
#3812=ORIENTED_EDGE('',*,*,#3815,.T.);
#3813=ORIENTED_EDGE('',*,*,#3816,.T.);
#3814=EDGE_CURVE('',#301,#297,#3817,.F.);
#3815=EDGE_CURVE('',#297,#299,#3818,.T.);
#3816=EDGE_CURVE('',#299,#301,#3819,.T.);
#3817=LINE('',#300,#3820);
#3818=LINE('',#296,#3821);
#3819=LINE('',#298,#3822);
#3820=VECTOR('',#3823,1.0);
#3821=VECTOR('',#3824,1.0);
#3822=VECTOR('',#3825,1.0);
#3823=DIRECTION('',(-0.8819191129916227,-0.4714007617092588,0));
#3824=DIRECTION('',(0.00962887084546768,-0.9999536413485584,0));
#3825=DIRECTION('',(-0.004485500341508065,0.9999899400927423,0));
#3826=FACE_SURFACE('',(#3831),#3827,.T.);
#3827=PLANE('',#3828);
#3828=AXIS2_PLACEMENT_3D('',#300,#3829,#3830);
#3829=DIRECTION('',(0,0,1));
#3830=DIRECTION('',(0.004485500341508065,-0.9999899400927423,0));
#3831=FACE_BOUND('',#3832,.T.);
#3832=EDGE_LOOP('',(#3833,#3834,#3835));
#3833=ORIENTED_EDGE('',*,*,#3836,.T.);
#3834=ORIENTED_EDGE('',*,*,#3837,.T.);
#3835=ORIENTED_EDGE('',*,*,#3838,.T.);
#3836=EDGE_CURVE('',#301,#299,#3839,.F.);
#3837=EDGE_CURVE('',#299,#303,#3840,.T.);
#3838=EDGE_CURVE('',#303,#301,#3841,.T.);
#3839=LINE('',#300,#3842);
#3840=LINE('',#298,#3843);
#3841=LINE('',#302,#3844);
#3842=VECTOR('',#3845,1.0);
#3843=VECTOR('',#3846,1.0);
#3844=VECTOR('',#3847,1.0);
#3845=DIRECTION('',(0.004485500341508065,-0.9999899400927423,0));
#3846=DIRECTION('',(0.6343987690525571,-0.773005951998172,0));
#3847=DIRECTION('',(-0.00813002186748847,0.9999669508260932,0));
#3848=FACE_SURFACE('',(#3853),#3849,.T.);
#3849=PLANE('',#3850);
#3850=AXIS2_PLACEMENT_3D('',#304,#3851,#3852);
#3851=DIRECTION('',(0,0,1));
#3852=DIRECTION('',(-0.7730118986326124,-0.6343915230931161,0));
#3853=FACE_BOUND('',#3854,.T.);
#3854=EDGE_LOOP('',(#3855,#3856,#3857));
#3855=ORIENTED_EDGE('',*,*,#3858,.T.);
#3856=ORIENTED_EDGE('',*,*,#3859,.T.);
#3857=ORIENTED_EDGE('',*,*,#3860,.T.);
#3858=EDGE_CURVE('',#305,#301,#3861,.F.);
#3859=EDGE_CURVE('',#301,#303,#3862,.T.);
#3860=EDGE_CURVE('',#303,#305,#3863,.T.);
#3861=LINE('',#304,#3864);
#3862=LINE('',#300,#3865);
#3863=LINE('',#302,#3866);
#3864=VECTOR('',#3867,1.0);
#3865=VECTOR('',#3868,1.0);
#3866=VECTOR('',#3869,1.0);
#3867=DIRECTION('',(-0.7730118986326124,-0.6343915230931161,0));
#3868=DIRECTION('',(0.00813002186748847,-0.9999669508260932,0));
#3869=DIRECTION('',(-0.0036513694626601916,0.9999933337283039,0));
#3870=FACE_SURFACE('',(#3875),#3871,.T.);
#3871=PLANE('',#3872);
#3872=AXIS2_PLACEMENT_3D('',#304,#3873,#3874);
#3873=DIRECTION('',(0,0,1));
#3874=DIRECTION('',(0.0036513694626601916,-0.9999933337283039,0));
#3875=FACE_BOUND('',#3876,.T.);
#3876=EDGE_LOOP('',(#3877,#3878,#3879));
#3877=ORIENTED_EDGE('',*,*,#3880,.T.);
#3878=ORIENTED_EDGE('',*,*,#3881,.T.);
#3879=ORIENTED_EDGE('',*,*,#3882,.T.);
#3880=EDGE_CURVE('',#305,#303,#3883,.F.);
#3881=EDGE_CURVE('',#303,#307,#3884,.T.);
#3882=EDGE_CURVE('',#307,#305,#3885,.T.);
#3883=LINE('',#304,#3886);
#3884=LINE('',#302,#3887);
#3885=LINE('',#306,#3888);
#3886=VECTOR('',#3889,1.0);
#3887=VECTOR('',#3890,1.0);
#3888=VECTOR('',#3891,1.0);
#3889=DIRECTION('',(0.0036513694626601916,-0.9999933337283039,0));
#3890=DIRECTION('',(0.47138486317609113,-0.8819276108436892,0));
#3891=DIRECTION('',(-0.006332243422170707,0.9999799511456429,0));
#3892=FACE_SURFACE('',(#3897),#3893,.T.);
#3893=PLANE('',#3894);
#3894=AXIS2_PLACEMENT_3D('',#308,#3895,#3896);
#3895=DIRECTION('',(0,0,1));
#3896=DIRECTION('',(-0.6344020352274818,-0.7730032714673523,0));
#3897=FACE_BOUND('',#3898,.T.);
#3898=EDGE_LOOP('',(#3899,#3900,#3901));
#3899=ORIENTED_EDGE('',*,*,#3902,.T.);
#3900=ORIENTED_EDGE('',*,*,#3903,.T.);
#3901=ORIENTED_EDGE('',*,*,#3904,.T.);
#3902=EDGE_CURVE('',#309,#305,#3905,.F.);
#3903=EDGE_CURVE('',#305,#307,#3906,.T.);
#3904=EDGE_CURVE('',#307,#309,#3907,.T.);
#3905=LINE('',#308,#3908);
#3906=LINE('',#304,#3909);
#3907=LINE('',#306,#3910);
#3908=VECTOR('',#3911,1.0);
#3909=VECTOR('',#3912,1.0);
#3910=VECTOR('',#3913,1.0);
#3911=DIRECTION('',(-0.6344020352274818,-0.7730032714673523,0));
#3912=DIRECTION('',(0.006332243422170707,-0.9999799511456429,0));
#3913=DIRECTION('',(-0.0026875111865104816,0.9999963886352903,0));
#3914=FACE_SURFACE('',(#3919),#3915,.T.);
#3915=PLANE('',#3916);
#3916=AXIS2_PLACEMENT_3D('',#308,#3917,#3918);
#3917=DIRECTION('',(0,0,1));
#3918=DIRECTION('',(0.0026875111865104816,-0.9999963886352903,0));
#3919=FACE_BOUND('',#3920,.T.);
#3920=EDGE_LOOP('',(#3921,#3922,#3923));
#3921=ORIENTED_EDGE('',*,*,#3924,.T.);
#3922=ORIENTED_EDGE('',*,*,#3925,.T.);
#3923=ORIENTED_EDGE('',*,*,#3926,.T.);
#3924=EDGE_CURVE('',#309,#307,#3927,.F.);
#3925=EDGE_CURVE('',#307,#311,#3928,.T.);
#3926=EDGE_CURVE('',#311,#309,#3929,.T.);
#3927=LINE('',#308,#3930);
#3928=LINE('',#306,#3931);
#3929=LINE('',#310,#3932);
#3930=VECTOR('',#3933,1.0);
#3931=VECTOR('',#3934,1.0);
#3932=VECTOR('',#3935,1.0);
#3933=DIRECTION('',(0.0026875111865104816,-0.9999963886352903,0));
#3934=DIRECTION('',(0.29028318415395105,-0.9569407886580253,0));
#3935=DIRECTION('',(-0.004318921050172917,0.9999906734169887,0));
#3936=FACE_SURFACE('',(#3941),#3937,.T.);
#3937=PLANE('',#3938);
#3938=AXIS2_PLACEMENT_3D('',#312,#3939,#3940);
#3939=DIRECTION('',(0,0,1));
#3940=DIRECTION('',(-0.4713876320712581,-0.8819261308807287,0));
#3941=FACE_BOUND('',#3942,.T.);
#3942=EDGE_LOOP('',(#3943,#3944,#3945));
#3943=ORIENTED_EDGE('',*,*,#3946,.T.);
#3944=ORIENTED_EDGE('',*,*,#3947,.T.);
#3945=ORIENTED_EDGE('',*,*,#3948,.T.);
#3946=EDGE_CURVE('',#313,#309,#3949,.F.);
#3947=EDGE_CURVE('',#309,#311,#3950,.T.);
#3948=EDGE_CURVE('',#311,#313,#3951,.T.);
#3949=LINE('',#312,#3952);
#3950=LINE('',#308,#3953);
#3951=LINE('',#310,#3954);
#3952=VECTOR('',#3955,1.0);
#3953=VECTOR('',#3956,1.0);
#3954=VECTOR('',#3957,1.0);
#3955=DIRECTION('',(-0.4713876320712581,-0.8819261308807287,0));
#3956=DIRECTION('',(0.004318921050172917,-0.9999906734169887,0));
#3957=DIRECTION('',(-0.0016378308446283435,0.9999986587541627,0));
#3958=FACE_SURFACE('',(#3963),#3959,.T.);
#3959=PLANE('',#3960);
#3960=AXIS2_PLACEMENT_3D('',#312,#3961,#3962);
#3961=DIRECTION('',(0,0,1));
#3962=DIRECTION('',(0.0016378308446283435,-0.9999986587541627,0));
#3963=FACE_BOUND('',#3964,.T.);
#3964=EDGE_LOOP('',(#3965,#3966,#3967));
#3965=ORIENTED_EDGE('',*,*,#3968,.T.);
#3966=ORIENTED_EDGE('',*,*,#3969,.T.);
#3967=ORIENTED_EDGE('',*,*,#3970,.T.);
#3968=EDGE_CURVE('',#313,#311,#3971,.F.);
#3969=EDGE_CURVE('',#311,#315,#3972,.T.);
#3970=EDGE_CURVE('',#315,#313,#3973,.T.);
#3971=LINE('',#312,#3974);
#3972=LINE('',#310,#3975);
#3973=LINE('',#314,#3976);
#3974=VECTOR('',#3977,1.0);
#3975=VECTOR('',#3978,1.0);
#3976=VECTOR('',#3979,1.0);
#3977=DIRECTION('',(0.0016378308446283435,-0.9999986587541627,0));
#3978=DIRECTION('',(0.0980205242795133,-0.9951843933764081,0));
#3979=DIRECTION('',(-0.002178641543187866,0.9999976267576971,0));
#3980=FACE_SURFACE('',(#3985),#3981,.T.);
#3981=PLANE('',#3982);
#3982=AXIS2_PLACEMENT_3D('',#316,#3983,#3984);
#3983=DIRECTION('',(0,0,1));
#3984=DIRECTION('',(-0.2902813340373658,-0.9569413498796503,0));
#3985=FACE_BOUND('',#3986,.T.);
#3986=EDGE_LOOP('',(#3987,#3988,#3989));
#3987=ORIENTED_EDGE('',*,*,#3990,.T.);
#3988=ORIENTED_EDGE('',*,*,#3991,.T.);
#3989=ORIENTED_EDGE('',*,*,#3992,.T.);
#3990=EDGE_CURVE('',#317,#313,#3993,.F.);
#3991=EDGE_CURVE('',#313,#315,#3994,.T.);
#3992=EDGE_CURVE('',#315,#317,#3995,.T.);
#3993=LINE('',#316,#3996);
#3994=LINE('',#312,#3997);
#3995=LINE('',#314,#3998);
#3996=VECTOR('',#3999,1.0);
#3997=VECTOR('',#4000,1.0);
#3998=VECTOR('',#4001,1.0);
#3999=DIRECTION('',(-0.2902813340373658,-0.9569413498796503,0));
#4000=DIRECTION('',(0.002178641543187866,-0.9999976267576971,0));
#4001=DIRECTION('',(-0.0005470216123226151,0.9999998503836667,0));
#4002=FACE_SURFACE('',(#4007),#4003,.T.);
#4003=PLANE('',#4004);
#4004=AXIS2_PLACEMENT_3D('',#318,#4005,#4006);
#4005=DIRECTION('',(0,0,1));
#4006=DIRECTION('',(-0.09801987457565724,-0.9951844573686692,0));
#4007=FACE_BOUND('',#4008,.T.);
#4008=EDGE_LOOP('',(#4009,#4010,#4011));
#4009=ORIENTED_EDGE('',*,*,#4012,.T.);
#4010=ORIENTED_EDGE('',*,*,#4013,.T.);
#4011=ORIENTED_EDGE('',*,*,#4014,.T.);
#4012=EDGE_CURVE('',#319,#317,#4015,.F.);
#4013=EDGE_CURVE('',#317,#315,#4016,.T.);
#4014=EDGE_CURVE('',#315,#319,#4017,.T.);
#4015=LINE('',#318,#4018);
#4016=LINE('',#316,#4019);
#4017=LINE('',#314,#4020);
#4018=VECTOR('',#4021,1.0);
#4019=VECTOR('',#4022,1.0);
#4020=VECTOR('',#4023,1.0);
#4021=DIRECTION('',(-0.09801987457565724,-0.9951844573686692,0));
#4022=DIRECTION('',(0.0005470216123226151,-0.9999998503836667,0));
#4023=DIRECTION('',(0,1,0));
#4024=FACE_SURFACE('',(#4029),#4025,.T.);
#4025=PLANE('',#4026);
#4026=AXIS2_PLACEMENT_3D('',#320,#4027,#4028);
#4027=DIRECTION('',(0,0,1));
#4028=DIRECTION('',(-0.7730359181842862,-0.6343622539188296,0));
#4029=FACE_BOUND('',#4030,.T.);
#4030=EDGE_LOOP('',(#4031,#4032,#4033));
#4031=ORIENTED_EDGE('',*,*,#4034,.T.);
#4032=ORIENTED_EDGE('',*,*,#4035,.T.);
#4033=ORIENTED_EDGE('',*,*,#4036,.T.);
#4034=EDGE_CURVE('',#321,#119,#4037,.F.);
#4035=EDGE_CURVE('',#119,#55,#4038,.T.);
#4036=EDGE_CURVE('',#55,#321,#4039,.T.);
#4037=LINE('',#320,#4040);
#4038=LINE('',#118,#4041);
#4039=LINE('',#54,#4042);
#4040=VECTOR('',#4043,1.0);
#4041=VECTOR('',#4044,1.0);
#4042=VECTOR('',#4045,1.0);
#4043=DIRECTION('',(-0.7730359181842862,-0.6343622539188296,0));
#4044=DIRECTION('',(0.6797958779719729,-0.733401366437447,0));
#4045=DIRECTION('',(-0.6421095736846751,0.7666128719128611,0));
#4046=FACE_SURFACE('',(#4051),#4047,.T.);
#4047=PLANE('',#4048);
#4048=AXIS2_PLACEMENT_3D('',#46,#4049,#4050);
#4049=DIRECTION('',(0,0,1));
#4050=DIRECTION('',(-0.5875147938442962,-0.8092134248849894,0));
#4051=FACE_BOUND('',#4052,.T.);
#4052=EDGE_LOOP('',(#4053,#4054,#4055));
#4053=ORIENTED_EDGE('',*,*,#4056,.T.);
#4054=ORIENTED_EDGE('',*,*,#4057,.T.);
#4055=ORIENTED_EDGE('',*,*,#4058,.T.);
#4056=EDGE_CURVE('',#47,#259,#4059,.F.);
#4057=EDGE_CURVE('',#259,#323,#4060,.T.);
#4058=EDGE_CURVE('',#323,#47,#4061,.T.);
#4059=LINE('',#46,#4062);
#4060=LINE('',#258,#4063);
#4061=LINE('',#322,#4064);
#4062=VECTOR('',#4065,1.0);
#4063=VECTOR('',#4066,1.0);
#4064=VECTOR('',#4067,1.0);
#4065=DIRECTION('',(-0.5875147938442962,-0.8092134248849894,0));
#4066=DIRECTION('',(0.6343987690525571,-0.773005951998172,0));
#4067=DIRECTION('',(0.4184909816703453,0.9082209523351632,0));
#4068=FACE_SURFACE('',(#4073),#4069,.T.);
#4069=PLANE('',#4070);
#4070=AXIS2_PLACEMENT_3D('',#46,#4071,#4072);
#4071=DIRECTION('',(0,0,1));
#4072=DIRECTION('',(-0.4184909816703453,-0.9082209523351632,0));
#4073=FACE_BOUND('',#4074,.T.);
#4074=EDGE_LOOP('',(#4075,#4076,#4077));
#4075=ORIENTED_EDGE('',*,*,#4078,.T.);
#4076=ORIENTED_EDGE('',*,*,#4079,.T.);
#4077=ORIENTED_EDGE('',*,*,#4080,.T.);
#4078=EDGE_CURVE('',#47,#323,#4081,.F.);
#4079=EDGE_CURVE('',#323,#325,#4082,.T.);
#4080=EDGE_CURVE('',#325,#47,#4083,.T.);
#4081=LINE('',#46,#4084);
#4082=LINE('',#322,#4085);
#4083=LINE('',#324,#4086);
#4084=VECTOR('',#4087,1.0);
#4085=VECTOR('',#4088,1.0);
#4086=VECTOR('',#4089,1.0);
#4087=DIRECTION('',(-0.4184909816703453,-0.9082209523351632,0));
#4088=DIRECTION('',(0.4713876320712581,-0.8819261308807287,0));
#4089=DIRECTION('',(0.28551507736195086,0.9583742174114447,0));
#4090=FACE_SURFACE('',(#4095),#4091,.T.);
#4091=PLANE('',#4092);
#4092=AXIS2_PLACEMENT_3D('',#326,#4093,#4094);
#4093=DIRECTION('',(0,0,1));
#4094=DIRECTION('',(-0.6344020352274818,-0.7730032714673523,0));
#4095=FACE_BOUND('',#4096,.T.);
#4096=EDGE_LOOP('',(#4097,#4098,#4099));
#4097=ORIENTED_EDGE('',*,*,#4100,.T.);
#4098=ORIENTED_EDGE('',*,*,#4101,.T.);
#4099=ORIENTED_EDGE('',*,*,#4102,.T.);
#4100=EDGE_CURVE('',#327,#321,#4103,.F.);
#4101=EDGE_CURVE('',#321,#55,#4104,.T.);
#4102=EDGE_CURVE('',#55,#327,#4105,.T.);
#4103=LINE('',#326,#4106);
#4104=LINE('',#320,#4107);
#4105=LINE('',#54,#4108);
#4106=VECTOR('',#4109,1.0);
#4107=VECTOR('',#4110,1.0);
#4108=VECTOR('',#4111,1.0);
#4109=DIRECTION('',(-0.6344020352274818,-0.7730032714673523,0));
#4110=DIRECTION('',(0.6421095736846751,-0.7666128719128611,0));
#4111=DIRECTION('',(-0.4599098804291534,0.8879655972410428,0));
#4112=FACE_SURFACE('',(#4117),#4113,.T.);
#4113=PLANE('',#4114);
#4114=AXIS2_PLACEMENT_3D('',#328,#4115,#4116);
#4115=DIRECTION('',(0,0,1));
#4116=DIRECTION('',(-0.4713876320712581,-0.8819261308807287,0));
#4117=FACE_BOUND('',#4118,.T.);
#4118=EDGE_LOOP('',(#4119,#4120,#4121));
#4119=ORIENTED_EDGE('',*,*,#4122,.T.);
#4120=ORIENTED_EDGE('',*,*,#4123,.T.);
#4121=ORIENTED_EDGE('',*,*,#4124,.T.);
#4122=EDGE_CURVE('',#329,#327,#4125,.F.);
#4123=EDGE_CURVE('',#327,#55,#4126,.T.);
#4124=EDGE_CURVE('',#55,#329,#4127,.T.);
#4125=LINE('',#328,#4128);
#4126=LINE('',#326,#4129);
#4127=LINE('',#54,#4130);
#4128=VECTOR('',#4131,1.0);
#4129=VECTOR('',#4132,1.0);
#4130=VECTOR('',#4133,1.0);
#4131=DIRECTION('',(-0.4713876320712581,-0.8819261308807287,0));
#4132=DIRECTION('',(0.4599098804291534,-0.8879655972410428,0));
#4133=DIRECTION('',(-0.31184152700795953,0.9501341284436341,0));
#4134=FACE_SURFACE('',(#4139),#4135,.T.);
#4135=PLANE('',#4136);
#4136=AXIS2_PLACEMENT_3D('',#46,#4137,#4138);
#4137=DIRECTION('',(0,0,1));
#4138=DIRECTION('',(-0.28551507736195086,-0.9583742174114447,0));
#4139=FACE_BOUND('',#4140,.T.);
#4140=EDGE_LOOP('',(#4141,#4142,#4143));
#4141=ORIENTED_EDGE('',*,*,#4144,.T.);
#4142=ORIENTED_EDGE('',*,*,#4145,.T.);
#4143=ORIENTED_EDGE('',*,*,#4146,.T.);
#4144=EDGE_CURVE('',#47,#325,#4147,.F.);
#4145=EDGE_CURVE('',#325,#331,#4148,.T.);
#4146=EDGE_CURVE('',#331,#47,#4149,.T.);
#4147=LINE('',#46,#4150);
#4148=LINE('',#324,#4151);
#4149=LINE('',#330,#4152);
#4150=VECTOR('',#4153,1.0);
#4151=VECTOR('',#4154,1.0);
#4152=VECTOR('',#4155,1.0);
#4153=DIRECTION('',(-0.28551507736195086,-0.9583742174114447,0));
#4154=DIRECTION('',(0.29028503429303487,-0.9569402274256693,0));
#4155=DIRECTION('',(0.20294251115098616,0.9791906541464394,0));
#4156=FACE_SURFACE('',(#4161),#4157,.T.);
#4157=PLANE('',#4158);
#4158=AXIS2_PLACEMENT_3D('',#46,#4159,#4160);
#4159=DIRECTION('',(0,0,1));
#4160=DIRECTION('',(-0.20294251115098616,-0.9791906541464394,0));
#4161=FACE_BOUND('',#4162,.T.);
#4162=EDGE_LOOP('',(#4163,#4164,#4165));
#4163=ORIENTED_EDGE('',*,*,#4166,.T.);
#4164=ORIENTED_EDGE('',*,*,#4167,.T.);
#4165=ORIENTED_EDGE('',*,*,#4168,.T.);
#4166=EDGE_CURVE('',#47,#331,#4169,.F.);
#4167=EDGE_CURVE('',#331,#319,#4170,.T.);
#4168=EDGE_CURVE('',#319,#47,#4171,.T.);
#4169=LINE('',#46,#4172);
#4170=LINE('',#330,#4173);
#4171=LINE('',#318,#4174);
#4172=VECTOR('',#4175,1.0);
#4173=VECTOR('',#4176,1.0);
#4174=VECTOR('',#4177,1.0);
#4175=DIRECTION('',(-0.20294251115098616,-0.9791906541464394,0));
#4176=DIRECTION('',(0.09801987457565724,-0.9951844573686692,0));
#4177=DIRECTION('',(0.16357631843045298,0.9865306827710627,0));
#4178=FACE_SURFACE('',(#4183),#4179,.T.);
#4179=PLANE('',#4180);
#4180=AXIS2_PLACEMENT_3D('',#332,#4181,#4182);
#4181=DIRECTION('',(0,0,1));
#4182=DIRECTION('',(-0.2902813340373658,-0.9569413498796503,0));
#4183=FACE_BOUND('',#4184,.T.);
#4184=EDGE_LOOP('',(#4185,#4186,#4187));
#4185=ORIENTED_EDGE('',*,*,#4188,.T.);
#4186=ORIENTED_EDGE('',*,*,#4189,.T.);
#4187=ORIENTED_EDGE('',*,*,#4190,.T.);
#4188=EDGE_CURVE('',#333,#329,#4191,.F.);
#4189=EDGE_CURVE('',#329,#55,#4192,.T.);
#4190=EDGE_CURVE('',#55,#333,#4193,.T.);
#4191=LINE('',#332,#4194);
#4192=LINE('',#328,#4195);
#4193=LINE('',#54,#4196);
#4194=VECTOR('',#4197,1.0);
#4195=VECTOR('',#4198,1.0);
#4196=VECTOR('',#4199,1.0);
#4197=DIRECTION('',(-0.2902813340373658,-0.9569413498796503,0));
#4198=DIRECTION('',(0.31184152700795953,-0.9501341284436341,0));
#4199=DIRECTION('',(-0.21940132181948943,0.9756346959717356,0));
#4200=FACE_SURFACE('',(#4205),#4201,.T.);
#4201=PLANE('',#4202);
#4202=AXIS2_PLACEMENT_3D('',#46,#4203,#4204);
#4203=DIRECTION('',(0,0,1));
#4204=DIRECTION('',(-0.16357631843045298,-0.9865306827710627,0));
#4205=FACE_BOUND('',#4206,.T.);
#4206=EDGE_LOOP('',(#4207,#4208,#4209));
#4207=ORIENTED_EDGE('',*,*,#4210,.T.);
#4208=ORIENTED_EDGE('',*,*,#4211,.T.);
#4209=ORIENTED_EDGE('',*,*,#4212,.T.);
#4210=EDGE_CURVE('',#47,#319,#4213,.F.);
#4211=EDGE_CURVE('',#319,#315,#4214,.T.);
#4212=EDGE_CURVE('',#315,#47,#4215,.T.);
#4213=LINE('',#46,#4216);
#4214=LINE('',#318,#4217);
#4215=LINE('',#314,#4218);
#4216=VECTOR('',#4219,1.0);
#4217=VECTOR('',#4220,1.0);
#4218=VECTOR('',#4221,1.0);
#4219=DIRECTION('',(-0.16357631843045298,-0.9865306827710627,0));
#4220=DIRECTION('',(0,-1,0));
#4221=DIRECTION('',(0.006491294754077873,0.9999789313242633,0));
#4222=FACE_SURFACE('',(#4227),#4223,.T.);
#4223=PLANE('',#4224);
#4224=AXIS2_PLACEMENT_3D('',#314,#4225,#4226);
#4225=DIRECTION('',(0,0,1));
#4226=DIRECTION('',(-0.0980205242795133,-0.9951843933764081,0));
#4227=FACE_BOUND('',#4228,.T.);
#4228=EDGE_LOOP('',(#4229,#4230,#4231));
#4229=ORIENTED_EDGE('',*,*,#4232,.T.);
#4230=ORIENTED_EDGE('',*,*,#4233,.T.);
#4231=ORIENTED_EDGE('',*,*,#4234,.T.);
#4232=EDGE_CURVE('',#315,#333,#4235,.F.);
#4233=EDGE_CURVE('',#333,#55,#4236,.T.);
#4234=EDGE_CURVE('',#55,#315,#4237,.T.);
#4235=LINE('',#314,#4238);
#4236=LINE('',#332,#4239);
#4237=LINE('',#54,#4240);
#4238=VECTOR('',#4241,1.0);
#4239=VECTOR('',#4242,1.0);
#4240=VECTOR('',#4243,1.0);
#4241=DIRECTION('',(-0.0980205242795133,-0.9951843933764081,0));
#4242=DIRECTION('',(0.21940132181948943,-0.9756346959717356,0));
#4243=DIRECTION('',(-0.1751119680865655,0.9845485252809277,0));
#4244=FACE_SURFACE('',(#4249),#4245,.T.);
#4245=PLANE('',#4246);
#4246=AXIS2_PLACEMENT_3D('',#314,#4247,#4248);
#4247=DIRECTION('',(-0,0,1));
#4248=DIRECTION('',(0.1751119680865655,-0.9845485252809277,0));
#4249=FACE_BOUND('',#4250,.T.);
#4250=EDGE_LOOP('',(#4251,#4252,#4253));
#4251=ORIENTED_EDGE('',*,*,#4254,.T.);
#4252=ORIENTED_EDGE('',*,*,#4255,.T.);
#4253=ORIENTED_EDGE('',*,*,#4256,.T.);
#4254=EDGE_CURVE('',#315,#55,#4257,.F.);
#4255=EDGE_CURVE('',#55,#47,#4258,.T.);
#4256=EDGE_CURVE('',#47,#315,#4259,.T.);
#4257=LINE('',#314,#4260);
#4258=LINE('',#54,#4261);
#4259=LINE('',#46,#4262);
#4260=VECTOR('',#4263,1.0);
#4261=VECTOR('',#4264,1.0);
#4262=VECTOR('',#4265,1.0);
#4263=DIRECTION('',(0.1751119680865655,-0.9845485252809277,0));
#4264=DIRECTION('',(0,1,0));
#4265=DIRECTION('',(-0.006491294754077873,-0.9999789313242633,0));
#4266=FACE_SURFACE('',(#4271),#4267,.T.);
#4267=PLANE('',#4268);
#4268=AXIS2_PLACEMENT_3D('',#64,#4269,#4270);
#4269=DIRECTION('',(1,0,0));
#4270=DIRECTION('',(0,0,-1));
#4271=FACE_BOUND('',#4272,.T.);
#4272=EDGE_LOOP('',(#4273,#4274,#4275));
#4273=ORIENTED_EDGE('',*,*,#4276,.T.);
#4274=ORIENTED_EDGE('',*,*,#4277,.T.);
#4275=ORIENTED_EDGE('',*,*,#4278,.T.);
#4276=EDGE_CURVE('',#65,#335,#4279,.F.);
#4277=EDGE_CURVE('',#335,#337,#4280,.T.);
#4278=EDGE_CURVE('',#337,#65,#4281,.T.);
#4279=LINE('',#64,#4282);
#4280=LINE('',#334,#4283);
#4281=LINE('',#336,#4284);
#4282=VECTOR('',#4285,1.0);
#4283=VECTOR('',#4286,1.0);
#4284=VECTOR('',#4287,1.0);
#4285=DIRECTION('',(0,0,-1));
#4286=DIRECTION('',(0,1,0));
#4287=DIRECTION('',(0,-0.9955660661980031,0.09406491287952745));
#4288=FACE_SURFACE('',(#4293),#4289,.T.);
#4289=PLANE('',#4290);
#4290=AXIS2_PLACEMENT_3D('',#64,#4291,#4292);
#4291=DIRECTION('',(1,-0,0));
#4292=DIRECTION('',(0,0.9955660661980031,-0.09406491287952745));
#4293=FACE_BOUND('',#4294,.T.);
#4294=EDGE_LOOP('',(#4295,#4296,#4297));
#4295=ORIENTED_EDGE('',*,*,#4298,.T.);
#4296=ORIENTED_EDGE('',*,*,#4299,.T.);
#4297=ORIENTED_EDGE('',*,*,#4300,.T.);
#4298=EDGE_CURVE('',#65,#337,#4301,.F.);
#4299=EDGE_CURVE('',#337,#139,#4302,.T.);
#4300=EDGE_CURVE('',#139,#65,#4303,.T.);
#4301=LINE('',#64,#4304);
#4302=LINE('',#336,#4305);
#4303=LINE('',#138,#4306);
#4304=VECTOR('',#4307,1.0);
#4305=VECTOR('',#4308,1.0);
#4306=VECTOR('',#4309,1.0);
#4307=DIRECTION('',(0,0.9955660661980031,-0.09406491287952745));
#4308=DIRECTION('',(0,0,1));
#4309=DIRECTION('',(0,-1,0));
#4310=FACE_SURFACE('',(#4315),#4311,.T.);
#4311=PLANE('',#4312);
#4312=AXIS2_PLACEMENT_3D('',#338,#4313,#4314);
#4313=DIRECTION('',(0,-1,0));
#4314=DIRECTION('',(1,0,0));
#4315=FACE_BOUND('',#4316,.T.);
#4316=EDGE_LOOP('',(#4317,#4318,#4319));
#4317=ORIENTED_EDGE('',*,*,#4320,.T.);
#4318=ORIENTED_EDGE('',*,*,#4321,.T.);
#4319=ORIENTED_EDGE('',*,*,#4322,.T.);
#4320=EDGE_CURVE('',#339,#341,#4323,.F.);
#4321=EDGE_CURVE('',#341,#205,#4324,.T.);
#4322=EDGE_CURVE('',#205,#339,#4325,.T.);
#4323=LINE('',#338,#4326);
#4324=LINE('',#340,#4327);
#4325=LINE('',#204,#4328);
#4326=VECTOR('',#4329,1.0);
#4327=VECTOR('',#4330,1.0);
#4328=VECTOR('',#4331,1.0);
#4329=DIRECTION('',(1,0,0));
#4330=DIRECTION('',(0,0,1));
#4331=DIRECTION('',(-0.9861220886919168,0,-0.16602176421750067));
#4332=FACE_SURFACE('',(#4337),#4333,.T.);
#4333=PLANE('',#4334);
#4334=AXIS2_PLACEMENT_3D('',#138,#4335,#4336);
#4335=DIRECTION('',(0,-1,0));
#4336=DIRECTION('',(0,0,-1));
#4337=FACE_BOUND('',#4338,.T.);
#4338=EDGE_LOOP('',(#4339,#4340,#4341));
#4339=ORIENTED_EDGE('',*,*,#4342,.T.);
#4340=ORIENTED_EDGE('',*,*,#4343,.T.);
#4341=ORIENTED_EDGE('',*,*,#4344,.T.);
#4342=EDGE_CURVE('',#139,#337,#4345,.F.);
#4343=EDGE_CURVE('',#337,#343,#4346,.T.);
#4344=EDGE_CURVE('',#343,#139,#4347,.T.);
#4345=LINE('',#138,#4348);
#4346=LINE('',#336,#4349);
#4347=LINE('',#342,#4350);
#4348=VECTOR('',#4351,1.0);
#4349=VECTOR('',#4352,1.0);
#4350=VECTOR('',#4353,1.0);
#4351=DIRECTION('',(0,0,-1));
#4352=DIRECTION('',(1,0,0));
#4353=DIRECTION('',(-0.4936344815081212,0,0.8696694766784725));
#4354=FACE_SURFACE('',(#4359),#4355,.T.);
#4355=PLANE('',#4356);
#4356=AXIS2_PLACEMENT_3D('',#138,#4357,#4358);
#4357=DIRECTION('',(0,-1,0));
#4358=DIRECTION('',(0.4936344815081212,0,-0.8696694766784725));
#4359=FACE_BOUND('',#4360,.T.);
#4360=EDGE_LOOP('',(#4361,#4362,#4363));
#4361=ORIENTED_EDGE('',*,*,#4364,.T.);
#4362=ORIENTED_EDGE('',*,*,#4365,.T.);
#4363=ORIENTED_EDGE('',*,*,#4366,.T.);
#4364=EDGE_CURVE('',#139,#343,#4367,.F.);
#4365=EDGE_CURVE('',#343,#345,#4368,.T.);
#4366=EDGE_CURVE('',#345,#139,#4369,.T.);
#4367=LINE('',#138,#4370);
#4368=LINE('',#342,#4371);
#4369=LINE('',#344,#4372);
#4370=VECTOR('',#4373,1.0);
#4371=VECTOR('',#4374,1.0);
#4372=VECTOR('',#4375,1.0);
#4373=DIRECTION('',(0.4936344815081212,0,-0.8696694766784725));
#4374=DIRECTION('',(0,0,1));
#4375=DIRECTION('',(-0.6682801171166338,0,0.7439097291113876));
#4376=FACE_SURFACE('',(#4381),#4377,.T.);
#4377=PLANE('',#4378);
#4378=AXIS2_PLACEMENT_3D('',#346,#4379,#4380);
#4379=DIRECTION('',(0,-1,0));
#4380=DIRECTION('',(0,0,-1));
#4381=FACE_BOUND('',#4382,.T.);
#4382=EDGE_LOOP('',(#4383,#4384,#4385));
#4383=ORIENTED_EDGE('',*,*,#4386,.T.);
#4384=ORIENTED_EDGE('',*,*,#4387,.T.);
#4385=ORIENTED_EDGE('',*,*,#4388,.T.);
#4386=EDGE_CURVE('',#347,#339,#4389,.F.);
#4387=EDGE_CURVE('',#339,#205,#4390,.T.);
#4388=EDGE_CURVE('',#205,#347,#4391,.T.);
#4389=LINE('',#346,#4392);
#4390=LINE('',#338,#4393);
#4391=LINE('',#204,#4394);
#4392=VECTOR('',#4395,1.0);
#4393=VECTOR('',#4396,1.0);
#4394=VECTOR('',#4397,1.0);
#4395=DIRECTION('',(0,0,-1));
#4396=DIRECTION('',(0.9861220886919168,0,0.16602176421750067));
#4397=DIRECTION('',(-0.9943895498551704,0,-0.10578006966736067));
#4398=FACE_SURFACE('',(#4403),#4399,.T.);
#4399=PLANE('',#4400);
#4400=AXIS2_PLACEMENT_3D('',#138,#4401,#4402);
#4401=DIRECTION('',(0,-1,0));
#4402=DIRECTION('',(0.6682801171166338,0,-0.7439097291113876));
#4403=FACE_BOUND('',#4404,.T.);
#4404=EDGE_LOOP('',(#4405,#4406,#4407));
#4405=ORIENTED_EDGE('',*,*,#4408,.T.);
#4406=ORIENTED_EDGE('',*,*,#4409,.T.);
#4407=ORIENTED_EDGE('',*,*,#4410,.T.);
#4408=EDGE_CURVE('',#139,#345,#4411,.F.);
#4409=EDGE_CURVE('',#345,#347,#4412,.T.);
#4410=EDGE_CURVE('',#347,#139,#4413,.T.);
#4411=LINE('',#138,#4414);
#4412=LINE('',#344,#4415);
#4413=LINE('',#346,#4416);
#4414=VECTOR('',#4417,1.0);
#4415=VECTOR('',#4418,1.0);
#4416=VECTOR('',#4419,1.0);
#4417=DIRECTION('',(0.6682801171166338,0,-0.7439097291113876));
#4418=DIRECTION('',(1,0,0));
#4419=DIRECTION('',(-0.9368725484724459,0,0.3496710281375114));
#4420=FACE_SURFACE('',(#4425),#4421,.T.);
#4421=PLANE('',#4422);
#4422=AXIS2_PLACEMENT_3D('',#204,#4423,#4424);
#4423=DIRECTION('',(-0,-1,0));
#4424=DIRECTION('',(-1,0,0));
#4425=FACE_BOUND('',#4426,.T.);
#4426=EDGE_LOOP('',(#4427,#4428,#4429));
#4427=ORIENTED_EDGE('',*,*,#4430,.T.);
#4428=ORIENTED_EDGE('',*,*,#4431,.T.);
#4429=ORIENTED_EDGE('',*,*,#4432,.T.);
#4430=EDGE_CURVE('',#205,#139,#4433,.F.);
#4431=EDGE_CURVE('',#139,#347,#4434,.T.);
#4432=EDGE_CURVE('',#347,#205,#4435,.T.);
#4433=LINE('',#204,#4436);
#4434=LINE('',#138,#4437);
#4435=LINE('',#346,#4438);
#4436=VECTOR('',#4439,1.0);
#4437=VECTOR('',#4440,1.0);
#4438=VECTOR('',#4441,1.0);
#4439=DIRECTION('',(-1,0,0));
#4440=DIRECTION('',(0.9368725484724459,0,-0.3496710281375114));
#4441=DIRECTION('',(0.9943895498551704,0,0.10578006966736067));
#4442=FACE_SURFACE('',(#4447),#4443,.T.);
#4443=PLANE('',#4444);
#4444=AXIS2_PLACEMENT_3D('',#340,#4445,#4446);
#4445=DIRECTION('',(-1,0,0));
#4446=DIRECTION('',(0,-1,0));
#4447=FACE_BOUND('',#4448,.T.);
#4448=EDGE_LOOP('',(#4449,#4450,#4451));
#4449=ORIENTED_EDGE('',*,*,#4452,.T.);
#4450=ORIENTED_EDGE('',*,*,#4453,.T.);
#4451=ORIENTED_EDGE('',*,*,#4454,.T.);
#4452=EDGE_CURVE('',#341,#349,#4455,.F.);
#4453=EDGE_CURVE('',#349,#63,#4456,.T.);
#4454=EDGE_CURVE('',#63,#341,#4457,.T.);
#4455=LINE('',#340,#4458);
#4456=LINE('',#348,#4459);
#4457=LINE('',#62,#4460);
#4458=VECTOR('',#4461,1.0);
#4459=VECTOR('',#4462,1.0);
#4460=VECTOR('',#4463,1.0);
#4461=DIRECTION('',(0,-1,0));
#4462=DIRECTION('',(0,0,1));
#4463=DIRECTION('',(0,0.9955660661980031,-0.09406491287952745));
#4464=FACE_SURFACE('',(#4469),#4465,.T.);
#4465=PLANE('',#4466);
#4466=AXIS2_PLACEMENT_3D('',#340,#4467,#4468);
#4467=DIRECTION('',(-1,0,0));
#4468=DIRECTION('',(0,-0.9955660661980031,0.09406491287952745));
#4469=FACE_BOUND('',#4470,.T.);
#4470=EDGE_LOOP('',(#4471,#4472,#4473));
#4471=ORIENTED_EDGE('',*,*,#4474,.T.);
#4472=ORIENTED_EDGE('',*,*,#4475,.T.);
#4473=ORIENTED_EDGE('',*,*,#4476,.T.);
#4474=EDGE_CURVE('',#341,#63,#4477,.F.);
#4475=EDGE_CURVE('',#63,#205,#4478,.T.);
#4476=EDGE_CURVE('',#205,#341,#4479,.T.);
#4477=LINE('',#340,#4480);
#4478=LINE('',#62,#4481);
#4479=LINE('',#204,#4482);
#4480=VECTOR('',#4483,1.0);
#4481=VECTOR('',#4484,1.0);
#4482=VECTOR('',#4485,1.0);
#4483=DIRECTION('',(0,-0.9955660661980031,0.09406491287952745));
#4484=DIRECTION('',(0,1,0));
#4485=DIRECTION('',(0,0,-1));
#4486=FACE_SURFACE('',(#4491),#4487,.T.);
#4487=PLANE('',#4488);
#4488=AXIS2_PLACEMENT_3D('',#348,#4489,#4490);
#4489=DIRECTION('',(0,1,0));
#4490=DIRECTION('',(-1,0,0));
#4491=FACE_BOUND('',#4492,.T.);
#4492=EDGE_LOOP('',(#4493,#4494,#4495));
#4493=ORIENTED_EDGE('',*,*,#4496,.T.);
#4494=ORIENTED_EDGE('',*,*,#4497,.T.);
#4495=ORIENTED_EDGE('',*,*,#4498,.T.);
#4496=EDGE_CURVE('',#349,#335,#4499,.F.);
#4497=EDGE_CURVE('',#335,#65,#4500,.T.);
#4498=EDGE_CURVE('',#65,#349,#4501,.T.);
#4499=LINE('',#348,#4502);
#4500=LINE('',#334,#4503);
#4501=LINE('',#64,#4504);
#4502=VECTOR('',#4505,1.0);
#4503=VECTOR('',#4506,1.0);
#4504=VECTOR('',#4507,1.0);
#4505=DIRECTION('',(-1,0,0));
#4506=DIRECTION('',(0,0,1));
#4507=DIRECTION('',(0.9915262724470145,0,-0.1299063164258334));
#4508=FACE_SURFACE('',(#4513),#4509,.T.);
#4509=PLANE('',#4510);
#4510=AXIS2_PLACEMENT_3D('',#348,#4511,#4512);
#4511=DIRECTION('',(0,1,-0));
#4512=DIRECTION('',(-0.9915262724470145,0,0.1299063164258334));
#4513=FACE_BOUND('',#4514,.T.);
#4514=EDGE_LOOP('',(#4515,#4516,#4517));
#4515=ORIENTED_EDGE('',*,*,#4518,.T.);
#4516=ORIENTED_EDGE('',*,*,#4519,.T.);
#4517=ORIENTED_EDGE('',*,*,#4520,.T.);
#4518=EDGE_CURVE('',#349,#65,#4521,.F.);
#4519=EDGE_CURVE('',#65,#63,#4522,.T.);
#4520=EDGE_CURVE('',#63,#349,#4523,.T.);
#4521=LINE('',#348,#4524);
#4522=LINE('',#64,#4525);
#4523=LINE('',#62,#4526);
#4524=VECTOR('',#4527,1.0);
#4525=VECTOR('',#4528,1.0);
#4526=VECTOR('',#4529,1.0);
#4527=DIRECTION('',(-0.9915262724470145,0,0.1299063164258334));
#4528=DIRECTION('',(1,0,0));
#4529=DIRECTION('',(0,0,-1));
#4530=FACE_SURFACE('',(#4535),#4531,.T.);
#4531=PLANE('',#4532);
#4532=AXIS2_PLACEMENT_3D('',#350,#4533,#4534);
#4533=DIRECTION('',(0,-0,1));
#4534=DIRECTION('',(0,1,0));
#4535=FACE_BOUND('',#4536,.T.);
#4536=EDGE_LOOP('',(#4537,#4538,#4539));
#4537=ORIENTED_EDGE('',*,*,#4540,.T.);
#4538=ORIENTED_EDGE('',*,*,#4541,.T.);
#4539=ORIENTED_EDGE('',*,*,#4542,.T.);
#4540=EDGE_CURVE('',#351,#343,#4543,.F.);
#4541=EDGE_CURVE('',#343,#337,#4544,.T.);
#4542=EDGE_CURVE('',#337,#351,#4545,.T.);
#4543=LINE('',#350,#4546);
#4544=LINE('',#342,#4547);
#4545=LINE('',#336,#4548);
#4546=VECTOR('',#4549,1.0);
#4547=VECTOR('',#4550,1.0);
#4548=VECTOR('',#4551,1.0);
#4549=DIRECTION('',(0,1,0));
#4550=DIRECTION('',(-1,0,0));
#4551=DIRECTION('',(0.5001800628983532,-0.8659214194596411,0));
#4552=FACE_SURFACE('',(#4557),#4553,.T.);
#4553=PLANE('',#4554);
#4554=AXIS2_PLACEMENT_3D('',#334,#4555,#4556);
#4555=DIRECTION('',(0,0,1));
#4556=DIRECTION('',(1,0,0));
#4557=FACE_BOUND('',#4558,.T.);
#4558=EDGE_LOOP('',(#4559,#4560,#4561));
#4559=ORIENTED_EDGE('',*,*,#4562,.T.);
#4560=ORIENTED_EDGE('',*,*,#4563,.T.);
#4561=ORIENTED_EDGE('',*,*,#4564,.T.);
#4562=EDGE_CURVE('',#335,#349,#4565,.F.);
#4563=EDGE_CURVE('',#349,#341,#4566,.T.);
#4564=EDGE_CURVE('',#341,#335,#4567,.T.);
#4565=LINE('',#334,#4568);
#4566=LINE('',#348,#4569);
#4567=LINE('',#340,#4570);
#4568=VECTOR('',#4571,1.0);
#4569=VECTOR('',#4572,1.0);
#4570=VECTOR('',#4573,1.0);
#4571=DIRECTION('',(1,0,0));
#4572=DIRECTION('',(0,1,0));
#4573=DIRECTION('',(-0.5849241075118339,-0.8110880275601932,0));
#4574=FACE_SURFACE('',(#4579),#4575,.T.);
#4575=PLANE('',#4576);
#4576=AXIS2_PLACEMENT_3D('',#340,#4577,#4578);
#4577=DIRECTION('',(0,0,1));
#4578=DIRECTION('',(-1,0,0));
#4579=FACE_BOUND('',#4580,.T.);
#4580=EDGE_LOOP('',(#4581,#4582,#4583));
#4581=ORIENTED_EDGE('',*,*,#4584,.T.);
#4582=ORIENTED_EDGE('',*,*,#4585,.T.);
#4583=ORIENTED_EDGE('',*,*,#4586,.T.);
#4584=EDGE_CURVE('',#341,#339,#4587,.F.);
#4585=EDGE_CURVE('',#339,#353,#4588,.T.);
#4586=EDGE_CURVE('',#353,#341,#4589,.T.);
#4587=LINE('',#340,#4590);
#4588=LINE('',#338,#4591);
#4589=LINE('',#352,#4592);
#4590=VECTOR('',#4593,1.0);
#4591=VECTOR('',#4594,1.0);
#4592=VECTOR('',#4595,1.0);
#4593=DIRECTION('',(-1,0,0));
#4594=DIRECTION('',(0,-1,0));
#4595=DIRECTION('',(0.9865896428164513,0.16322033172159364,0));
#4596=FACE_SURFACE('',(#4601),#4597,.T.);
#4597=PLANE('',#4598);
#4598=AXIS2_PLACEMENT_3D('',#350,#4599,#4600);
#4599=DIRECTION('',(0,0,1));
#4600=DIRECTION('',(-0.5001800628983532,0.8659214194596411,0));
#4601=FACE_BOUND('',#4602,.T.);
#4602=EDGE_LOOP('',(#4603,#4604,#4605));
#4603=ORIENTED_EDGE('',*,*,#4606,.T.);
#4604=ORIENTED_EDGE('',*,*,#4607,.T.);
#4605=ORIENTED_EDGE('',*,*,#4608,.T.);
#4606=EDGE_CURVE('',#351,#337,#4609,.F.);
#4607=EDGE_CURVE('',#337,#335,#4610,.T.);
#4608=EDGE_CURVE('',#335,#351,#4611,.T.);
#4609=LINE('',#350,#4612);
#4610=LINE('',#336,#4613);
#4611=LINE('',#334,#4614);
#4612=VECTOR('',#4615,1.0);
#4613=VECTOR('',#4616,1.0);
#4614=VECTOR('',#4617,1.0);
#4615=DIRECTION('',(-0.5001800628983532,0.8659214194596411,0));
#4616=DIRECTION('',(0,-1,0));
#4617=DIRECTION('',(0.05901602599424698,0.9982570353750814,0));
#4618=FACE_SURFACE('',(#4623),#4619,.T.);
#4619=PLANE('',#4620);
#4620=AXIS2_PLACEMENT_3D('',#334,#4621,#4622);
#4621=DIRECTION('',(0,0,1));
#4622=DIRECTION('',(0.5849241075118339,0.8110880275601932,0));
#4623=FACE_BOUND('',#4624,.T.);
#4624=EDGE_LOOP('',(#4625,#4626,#4627));
#4625=ORIENTED_EDGE('',*,*,#4628,.T.);
#4626=ORIENTED_EDGE('',*,*,#4629,.T.);
#4627=ORIENTED_EDGE('',*,*,#4630,.T.);
#4628=EDGE_CURVE('',#335,#341,#4631,.F.);
#4629=EDGE_CURVE('',#341,#353,#4632,.T.);
#4630=EDGE_CURVE('',#353,#335,#4633,.T.);
#4631=LINE('',#334,#4634);
#4632=LINE('',#340,#4635);
#4633=LINE('',#352,#4636);
#4634=VECTOR('',#4637,1.0);
#4635=VECTOR('',#4638,1.0);
#4636=VECTOR('',#4639,1.0);
#4637=DIRECTION('',(0.5849241075118339,0.8110880275601932,0));
#4638=DIRECTION('',(-0.9865896428164513,-0.16322033172159364,0));
#4639=DIRECTION('',(-0.1736448322504815,-0.9848083428935308,0));
#4640=FACE_SURFACE('',(#4645),#4641,.T.);
#4641=PLANE('',#4642);
#4642=AXIS2_PLACEMENT_3D('',#334,#4643,#4644);
#4643=DIRECTION('',(0,0,1));
#4644=DIRECTION('',(0.1736448322504815,0.9848083428935308,0));
#4645=FACE_BOUND('',#4646,.T.);
#4646=EDGE_LOOP('',(#4647,#4648,#4649));
#4647=ORIENTED_EDGE('',*,*,#4650,.T.);
#4648=ORIENTED_EDGE('',*,*,#4651,.T.);
#4649=ORIENTED_EDGE('',*,*,#4652,.T.);
#4650=EDGE_CURVE('',#335,#353,#4653,.F.);
#4651=EDGE_CURVE('',#353,#351,#4654,.T.);
#4652=EDGE_CURVE('',#351,#335,#4655,.T.);
#4653=LINE('',#334,#4656);
#4654=LINE('',#352,#4657);
#4655=LINE('',#350,#4658);
#4656=VECTOR('',#4659,1.0);
#4657=VECTOR('',#4660,1.0);
#4658=VECTOR('',#4661,1.0);
#4659=DIRECTION('',(0.1736448322504815,0.9848083428935308,0));
#4660=DIRECTION('',(-1,0,0));
#4661=DIRECTION('',(-0.05901602599424698,-0.9982570353750814,0));
#4662=FACE_SURFACE('',(#4667),#4663,.T.);
#4663=PLANE('',#4664);
#4664=AXIS2_PLACEMENT_3D('',#252,#4665,#4666);
#4665=DIRECTION('',(-0.09801922488037212,-0.9951845213596577,-0));
#4666=DIRECTION('',(0,0,-1));
#4667=FACE_BOUND('',#4668,.T.);
#4668=EDGE_LOOP('',(#4669,#4670,#4671));
#4669=ORIENTED_EDGE('',*,*,#4672,.T.);
#4670=ORIENTED_EDGE('',*,*,#4673,.T.);
#4671=ORIENTED_EDGE('',*,*,#4674,.T.);
#4672=EDGE_CURVE('',#253,#355,#4675,.F.);
#4673=EDGE_CURVE('',#355,#357,#4676,.T.);
#4674=EDGE_CURVE('',#357,#253,#4677,.T.);
#4675=LINE('',#252,#4678);
#4676=LINE('',#354,#4679);
#4677=LINE('',#356,#4680);
#4678=VECTOR('',#4681,1.0);
#4679=VECTOR('',#4682,1.0);
#4680=VECTOR('',#4683,1.0);
#4681=DIRECTION('',(0,0,-1));
#4682=DIRECTION('',(0.9951845213596577,-0.09801922488037212,0));
#4683=DIRECTION('',(-0.06437800015873986,0.006340815737655179,0.9979054399848426));
#4684=FACE_SURFACE('',(#4689),#4685,.T.);
#4685=PLANE('',#4686);
#4686=AXIS2_PLACEMENT_3D('',#252,#4687,#4688);
#4687=DIRECTION('',(-0.09801922488037212,-0.9951845213596577,0));
#4688=DIRECTION('',(0.06437800015873986,-0.006340815737655179,-0.9979054399848426));
#4689=FACE_BOUND('',#4690,.T.);
#4690=EDGE_LOOP('',(#4691,#4692,#4693));
#4691=ORIENTED_EDGE('',*,*,#4694,.T.);
#4692=ORIENTED_EDGE('',*,*,#4695,.T.);
#4693=ORIENTED_EDGE('',*,*,#4696,.T.);
#4694=EDGE_CURVE('',#253,#357,#4697,.F.);
#4695=EDGE_CURVE('',#357,#249,#4698,.T.);
#4696=EDGE_CURVE('',#249,#253,#4699,.T.);
#4697=LINE('',#252,#4700);
#4698=LINE('',#356,#4701);
#4699=LINE('',#248,#4702);
#4700=VECTOR('',#4703,1.0);
#4701=VECTOR('',#4704,1.0);
#4702=VECTOR('',#4705,1.0);
#4703=DIRECTION('',(0.06437800015873986,-0.006340815737655179,-0.9979054399848426));
#4704=DIRECTION('',(0,0,1));
#4705=DIRECTION('',(-0.9951845213596577,0.09801922488037212,0));
#4706=FACE_SURFACE('',(#4711),#4707,.T.);
#4707=PLANE('',#4708);
#4708=AXIS2_PLACEMENT_3D('',#248,#4709,#4710);
#4709=DIRECTION('',(-0.290283184153951,-0.9569407886580252,-0));
#4710=DIRECTION('',(0,0,-1));
#4711=FACE_BOUND('',#4712,.T.);
#4712=EDGE_LOOP('',(#4713,#4714,#4715));
#4713=ORIENTED_EDGE('',*,*,#4716,.T.);
#4714=ORIENTED_EDGE('',*,*,#4717,.T.);
#4715=ORIENTED_EDGE('',*,*,#4718,.T.);
#4716=EDGE_CURVE('',#249,#357,#4719,.F.);
#4717=EDGE_CURVE('',#357,#359,#4720,.T.);
#4718=EDGE_CURVE('',#359,#249,#4721,.T.);
#4719=LINE('',#248,#4722);
#4720=LINE('',#356,#4723);
#4721=LINE('',#358,#4724);
#4722=VECTOR('',#4725,1.0);
#4723=VECTOR('',#4726,1.0);
#4724=VECTOR('',#4727,1.0);
#4725=DIRECTION('',(0,0,-1));
#4726=DIRECTION('',(0.9569407886580253,-0.29028318415395105,0));
#4727=DIRECTION('',(-0.061903631738518955,0.01877815591594823,0.9979054670849229));
#4728=FACE_SURFACE('',(#4733),#4729,.T.);
#4729=PLANE('',#4730);
#4730=AXIS2_PLACEMENT_3D('',#248,#4731,#4732);
#4731=DIRECTION('',(-0.290283184153951,-0.9569407886580252,0));
#4732=DIRECTION('',(0.061903631738518955,-0.01877815591594823,-0.9979054670849229));
#4733=FACE_BOUND('',#4734,.T.);
#4734=EDGE_LOOP('',(#4735,#4736,#4737));
#4735=ORIENTED_EDGE('',*,*,#4738,.T.);
#4736=ORIENTED_EDGE('',*,*,#4739,.T.);
#4737=ORIENTED_EDGE('',*,*,#4740,.T.);
#4738=EDGE_CURVE('',#249,#359,#4741,.F.);
#4739=EDGE_CURVE('',#359,#245,#4742,.T.);
#4740=EDGE_CURVE('',#245,#249,#4743,.T.);
#4741=LINE('',#248,#4744);
#4742=LINE('',#358,#4745);
#4743=LINE('',#244,#4746);
#4744=VECTOR('',#4747,1.0);
#4745=VECTOR('',#4748,1.0);
#4746=VECTOR('',#4749,1.0);
#4747=DIRECTION('',(0.061903631738518955,-0.01877815591594823,-0.9979054670849229));
#4748=DIRECTION('',(0,0,1));
#4749=DIRECTION('',(-0.9569407886580253,0.29028318415395105,0));
#4750=FACE_SURFACE('',(#4755),#4751,.T.);
#4751=PLANE('',#4752);
#4752=AXIS2_PLACEMENT_3D('',#244,#4753,#4754);
#4753=DIRECTION('',(-0.4713928124400884,-0.8819233619650992,-0));
#4754=DIRECTION('',(0,0,-1));
#4755=FACE_BOUND('',#4756,.T.);
#4756=EDGE_LOOP('',(#4757,#4758,#4759));
#4757=ORIENTED_EDGE('',*,*,#4760,.T.);
#4758=ORIENTED_EDGE('',*,*,#4761,.T.);
#4759=ORIENTED_EDGE('',*,*,#4762,.T.);
#4760=EDGE_CURVE('',#245,#359,#4763,.F.);
#4761=EDGE_CURVE('',#359,#361,#4764,.T.);
#4762=EDGE_CURVE('',#361,#245,#4765,.T.);
#4763=LINE('',#244,#4766);
#4764=LINE('',#358,#4767);
#4765=LINE('',#360,#4768);
#4766=VECTOR('',#4769,1.0);
#4767=VECTOR('',#4770,1.0);
#4768=VECTOR('',#4771,1.0);
#4769=DIRECTION('',(0,0,-1));
#4770=DIRECTION('',(0.8819233619650994,-0.47139281244008846,0));
#4771=DIRECTION('',(-0.05705054122977042,0.03049382320659622,0.9979054877550454));
#4772=FACE_SURFACE('',(#4777),#4773,.T.);
#4773=PLANE('',#4774);
#4774=AXIS2_PLACEMENT_3D('',#244,#4775,#4776);
#4775=DIRECTION('',(-0.4713928124400884,-0.8819233619650992,0));
#4776=DIRECTION('',(0.05705054122977042,-0.03049382320659622,-0.9979054877550454));
#4777=FACE_BOUND('',#4778,.T.);
#4778=EDGE_LOOP('',(#4779,#4780,#4781));
#4779=ORIENTED_EDGE('',*,*,#4782,.T.);
#4780=ORIENTED_EDGE('',*,*,#4783,.T.);
#4781=ORIENTED_EDGE('',*,*,#4784,.T.);
#4782=EDGE_CURVE('',#245,#361,#4785,.F.);
#4783=EDGE_CURVE('',#361,#241,#4786,.T.);
#4784=EDGE_CURVE('',#241,#245,#4787,.T.);
#4785=LINE('',#244,#4788);
#4786=LINE('',#360,#4789);
#4787=LINE('',#240,#4790);
#4788=VECTOR('',#4791,1.0);
#4789=VECTOR('',#4792,1.0);
#4790=VECTOR('',#4793,1.0);
#4791=DIRECTION('',(0.05705054122977042,-0.03049382320659622,-0.9979054877550454));
#4792=DIRECTION('',(0,0,1));
#4793=DIRECTION('',(-0.8819233619650994,0.47139281244008846,0));
#4794=FACE_SURFACE('',(#4799),#4795,.T.);
#4795=PLANE('',#4796);
#4796=AXIS2_PLACEMENT_3D('',#240,#4797,#4798);
#4797=DIRECTION('',(-0.634398055434882,-0.7730065376569852,-0));
#4798=DIRECTION('',(0,0,-1));
#4799=FACE_BOUND('',#4800,.T.);
#4800=EDGE_LOOP('',(#4801,#4802,#4803));
#4801=ORIENTED_EDGE('',*,*,#4804,.T.);
#4802=ORIENTED_EDGE('',*,*,#4805,.T.);
#4803=ORIENTED_EDGE('',*,*,#4806,.T.);
#4804=EDGE_CURVE('',#241,#361,#4807,.F.);
#4805=EDGE_CURVE('',#361,#363,#4808,.T.);
#4806=EDGE_CURVE('',#363,#241,#4809,.T.);
#4807=LINE('',#240,#4810);
#4808=LINE('',#360,#4811);
#4809=LINE('',#362,#4812);
#4810=VECTOR('',#4813,1.0);
#4811=VECTOR('',#4814,1.0);
#4812=VECTOR('',#4815,1.0);
#4813=DIRECTION('',(0,0,-1));
#4814=DIRECTION('',(0.7730065376569853,-0.634398055434882,0));
#4815=DIRECTION('',(-0.05000485492737182,0.04103844040489196,0.9979054869539632));
#4816=FACE_SURFACE('',(#4821),#4817,.T.);
#4817=PLANE('',#4818);
#4818=AXIS2_PLACEMENT_3D('',#240,#4819,#4820);
#4819=DIRECTION('',(-0.634398055434882,-0.7730065376569852,0));
#4820=DIRECTION('',(0.05000485492737182,-0.04103844040489196,-0.9979054869539632));
#4821=FACE_BOUND('',#4822,.T.);
#4822=EDGE_LOOP('',(#4823,#4824,#4825));
#4823=ORIENTED_EDGE('',*,*,#4826,.T.);
#4824=ORIENTED_EDGE('',*,*,#4827,.T.);
#4825=ORIENTED_EDGE('',*,*,#4828,.T.);
#4826=EDGE_CURVE('',#241,#363,#4829,.F.);
#4827=EDGE_CURVE('',#363,#237,#4830,.T.);
#4828=EDGE_CURVE('',#237,#241,#4831,.T.);
#4829=LINE('',#240,#4832);
#4830=LINE('',#362,#4833);
#4831=LINE('',#236,#4834);
#4832=VECTOR('',#4835,1.0);
#4833=VECTOR('',#4836,1.0);
#4834=VECTOR('',#4837,1.0);
#4835=DIRECTION('',(0.05000485492737182,-0.04103844040489196,-0.9979054869539632));
#4836=DIRECTION('',(0,0,1));
#4837=DIRECTION('',(-0.7730065376569853,0.634398055434882,0));
#4838=FACE_SURFACE('',(#4843),#4839,.T.);
#4839=PLANE('',#4840);
#4840=AXIS2_PLACEMENT_3D('',#236,#4841,#4842);
#4841=DIRECTION('',(-0.7730092181654995,-0.6343947892528462,-0));
#4842=DIRECTION('',(0,0,-1));
#4843=FACE_BOUND('',#4844,.T.);
#4844=EDGE_LOOP('',(#4845,#4846,#4847));
#4845=ORIENTED_EDGE('',*,*,#4848,.T.);
#4846=ORIENTED_EDGE('',*,*,#4849,.T.);
#4847=ORIENTED_EDGE('',*,*,#4850,.T.);
#4848=EDGE_CURVE('',#237,#363,#4851,.F.);
#4849=EDGE_CURVE('',#363,#365,#4852,.T.);
#4850=EDGE_CURVE('',#365,#237,#4853,.T.);
#4851=LINE('',#236,#4854);
#4852=LINE('',#362,#4855);
#4853=LINE('',#364,#4856);
#4854=VECTOR('',#4857,1.0);
#4855=VECTOR('',#4858,1.0);
#4856=VECTOR('',#4859,1.0);
#4857=DIRECTION('',(0,0,-1));
#4858=DIRECTION('',(0.6343947892528462,-0.7730092181654996,0));
#4859=DIRECTION('',(-0.04103843952073222,0.05000528469979237,0.9979054654544167));
#4860=FACE_SURFACE('',(#4865),#4861,.T.);
#4861=PLANE('',#4862);
#4862=AXIS2_PLACEMENT_3D('',#236,#4863,#4864);
#4863=DIRECTION('',(-0.7730092181654995,-0.6343947892528462,0));
#4864=DIRECTION('',(0.04103843952073222,-0.05000528469979237,-0.9979054654544167));
#4865=FACE_BOUND('',#4866,.T.);
#4866=EDGE_LOOP('',(#4867,#4868,#4869));
#4867=ORIENTED_EDGE('',*,*,#4870,.T.);
#4868=ORIENTED_EDGE('',*,*,#4871,.T.);
#4869=ORIENTED_EDGE('',*,*,#4872,.T.);
#4870=EDGE_CURVE('',#237,#365,#4873,.F.);
#4871=EDGE_CURVE('',#365,#233,#4874,.T.);
#4872=EDGE_CURVE('',#233,#237,#4875,.T.);
#4873=LINE('',#236,#4876);
#4874=LINE('',#364,#4877);
#4875=LINE('',#232,#4878);
#4876=VECTOR('',#4879,1.0);
#4877=VECTOR('',#4880,1.0);
#4878=VECTOR('',#4881,1.0);
#4879=DIRECTION('',(0.04103843952073222,-0.05000528469979237,-0.9979054654544167));
#4880=DIRECTION('',(0,0,1));
#4881=DIRECTION('',(-0.6343947892528462,0.7730092181654996,0));
#4882=FACE_SURFACE('',(#4887),#4883,.T.);
#4883=PLANE('',#4884);
#4884=AXIS2_PLACEMENT_3D('',#364,#4885,#4886);
#4885=DIRECTION('',(-0.8819205930364279,-0.4713979927601255,0));
#4886=DIRECTION('',(0.47139799276012556,-0.881920593036428,0));
#4887=FACE_BOUND('',#4888,.T.);
#4888=EDGE_LOOP('',(#4889,#4890,#4891));
#4889=ORIENTED_EDGE('',*,*,#4892,.T.);
#4890=ORIENTED_EDGE('',*,*,#4893,.T.);
#4891=ORIENTED_EDGE('',*,*,#4894,.T.);
#4892=EDGE_CURVE('',#365,#367,#4895,.F.);
#4893=EDGE_CURVE('',#367,#229,#4896,.T.);
#4894=EDGE_CURVE('',#229,#365,#4897,.T.);
#4895=LINE('',#364,#4898);
#4896=LINE('',#366,#4899);
#4897=LINE('',#228,#4900);
#4898=VECTOR('',#4901,1.0);
#4899=VECTOR('',#4902,1.0);
#4900=VECTOR('',#4903,1.0);
#4901=DIRECTION('',(0.47139799276012556,-0.881920593036428,0));
#4902=DIRECTION('',(0,0,1));
#4903=DIRECTION('',(-0.030494253655720435,0.05705054048022049,-0.9979054746442146));
#4904=FACE_SURFACE('',(#4909),#4905,.T.);
#4905=PLANE('',#4906);
#4906=AXIS2_PLACEMENT_3D('',#364,#4907,#4908);
#4907=DIRECTION('',(-0.8819205930364279,-0.4713979927601255,0));
#4908=DIRECTION('',(0.030494253655720435,-0.05705054048022049,0.9979054746442146));
#4909=FACE_BOUND('',#4910,.T.);
#4910=EDGE_LOOP('',(#4911,#4912,#4913));
#4911=ORIENTED_EDGE('',*,*,#4914,.T.);
#4912=ORIENTED_EDGE('',*,*,#4915,.T.);
#4913=ORIENTED_EDGE('',*,*,#4916,.T.);
#4914=EDGE_CURVE('',#365,#229,#4917,.F.);
#4915=EDGE_CURVE('',#229,#233,#4918,.T.);
#4916=EDGE_CURVE('',#233,#365,#4919,.T.);
#4917=LINE('',#364,#4920);
#4918=LINE('',#228,#4921);
#4919=LINE('',#232,#4922);
#4920=VECTOR('',#4923,1.0);
#4921=VECTOR('',#4924,1.0);
#4922=VECTOR('',#4925,1.0);
#4923=DIRECTION('',(0.030494253655720435,-0.05705054048022049,0.9979054746442146));
#4924=DIRECTION('',(-0.47139799276012556,0.881920593036428,0));
#4925=DIRECTION('',(0,0,-1));
#4926=FACE_SURFACE('',(#4931),#4927,.T.);
#4927=PLANE('',#4928);
#4928=AXIS2_PLACEMENT_3D('',#366,#4929,#4930);
#4929=DIRECTION('',(-0.9569402274256692,-0.29028503429303487,0));
#4930=DIRECTION('',(0.29028503429303487,-0.9569402274256693,0));
#4931=FACE_BOUND('',#4932,.T.);
#4932=EDGE_LOOP('',(#4933,#4934,#4935));
#4933=ORIENTED_EDGE('',*,*,#4936,.T.);
#4934=ORIENTED_EDGE('',*,*,#4937,.T.);
#4935=ORIENTED_EDGE('',*,*,#4938,.T.);
#4936=EDGE_CURVE('',#367,#369,#4939,.F.);
#4937=EDGE_CURVE('',#369,#225,#4940,.T.);
#4938=EDGE_CURVE('',#225,#367,#4941,.T.);
#4939=LINE('',#366,#4942);
#4940=LINE('',#368,#4943);
#4941=LINE('',#224,#4944);
#4942=VECTOR('',#4945,1.0);
#4943=VECTOR('',#4946,1.0);
#4944=VECTOR('',#4947,1.0);
#4945=DIRECTION('',(0.29028503429303487,-0.9569402274256693,0));
#4946=DIRECTION('',(0,0,1));
#4947=DIRECTION('',(-0.0187781564167818,0.0619032025397843,-0.9979054937001326));
#4948=FACE_SURFACE('',(#4953),#4949,.T.);
#4949=PLANE('',#4950);
#4950=AXIS2_PLACEMENT_3D('',#366,#4951,#4952);
#4951=DIRECTION('',(-0.9569402274256692,-0.29028503429303487,0));
#4952=DIRECTION('',(0.0187781564167818,-0.0619032025397843,0.9979054937001326));
#4953=FACE_BOUND('',#4954,.T.);
#4954=EDGE_LOOP('',(#4955,#4956,#4957));
#4955=ORIENTED_EDGE('',*,*,#4958,.T.);
#4956=ORIENTED_EDGE('',*,*,#4959,.T.);
#4957=ORIENTED_EDGE('',*,*,#4960,.T.);
#4958=EDGE_CURVE('',#367,#225,#4961,.F.);
#4959=EDGE_CURVE('',#225,#229,#4962,.T.);
#4960=EDGE_CURVE('',#229,#367,#4963,.T.);
#4961=LINE('',#366,#4964);
#4962=LINE('',#224,#4965);
#4963=LINE('',#228,#4966);
#4964=VECTOR('',#4967,1.0);
#4965=VECTOR('',#4968,1.0);
#4966=VECTOR('',#4969,1.0);
#4967=DIRECTION('',(0.0187781564167818,-0.0619032025397843,0.9979054937001326));
#4968=DIRECTION('',(-0.29028503429303487,0.9569402274256693,0));
#4969=DIRECTION('',(0,0,-1));
#4970=FACE_SURFACE('',(#4975),#4971,.T.);
#4971=PLANE('',#4972);
#4972=AXIS2_PLACEMENT_3D('',#368,#4973,#4974);
#4973=DIRECTION('',(-0.9951851070468029,-0.09801327824455061,0));
#4974=DIRECTION('',(0.0980132782445506,-0.9951851070468029,0));
#4975=FACE_BOUND('',#4976,.T.);
#4976=EDGE_LOOP('',(#4977,#4978,#4979));
#4977=ORIENTED_EDGE('',*,*,#4980,.T.);
#4978=ORIENTED_EDGE('',*,*,#4981,.T.);
#4979=ORIENTED_EDGE('',*,*,#4982,.T.);
#4980=EDGE_CURVE('',#369,#371,#4983,.F.);
#4981=EDGE_CURVE('',#371,#221,#4984,.T.);
#4982=EDGE_CURVE('',#221,#369,#4985,.T.);
#4983=LINE('',#368,#4986);
#4984=LINE('',#370,#4987);
#4985=LINE('',#220,#4988);
#4986=VECTOR('',#4989,1.0);
#4987=VECTOR('',#4990,1.0);
#4988=VECTOR('',#4991,1.0);
#4989=DIRECTION('',(0.0980132782445506,-0.9951851070468029,0));
#4990=DIRECTION('',(0,0,1));
#4991=DIRECTION('',(-0.006340385081092613,0.06437757127051225,-0.9979054703900232));
#4992=FACE_SURFACE('',(#4997),#4993,.T.);
#4993=PLANE('',#4994);
#4994=AXIS2_PLACEMENT_3D('',#368,#4995,#4996);
#4995=DIRECTION('',(-0.9951851070468029,-0.09801327824455061,0));
#4996=DIRECTION('',(0.006340385081092613,-0.06437757127051225,0.9979054703900232));
#4997=FACE_BOUND('',#4998,.T.);
#4998=EDGE_LOOP('',(#4999,#5000,#5001));
#4999=ORIENTED_EDGE('',*,*,#5002,.T.);
#5000=ORIENTED_EDGE('',*,*,#5003,.T.);
#5001=ORIENTED_EDGE('',*,*,#5004,.T.);
#5002=EDGE_CURVE('',#369,#221,#5005,.F.);
#5003=EDGE_CURVE('',#221,#225,#5006,.T.);
#5004=EDGE_CURVE('',#225,#369,#5007,.T.);
#5005=LINE('',#368,#5008);
#5006=LINE('',#220,#5009);
#5007=LINE('',#224,#5010);
#5008=VECTOR('',#5011,1.0);
#5009=VECTOR('',#5012,1.0);
#5010=VECTOR('',#5013,1.0);
#5011=DIRECTION('',(0.006340385081092613,-0.06437757127051225,0.9979054703900232));
#5012=DIRECTION('',(-0.0980132782445506,0.9951851070468029,0));
#5013=DIRECTION('',(0,0,-1));
#5014=FACE_SURFACE('',(#5019),#5015,.T.);
#5015=PLANE('',#5016);
#5016=AXIS2_PLACEMENT_3D('',#370,#5017,#5018);
#5017=DIRECTION('',(-0.9951851070468029,0.09801327824455061,0));
#5018=DIRECTION('',(-0.0980132782445506,-0.9951851070468029,0));
#5019=FACE_BOUND('',#5020,.T.);
#5020=EDGE_LOOP('',(#5021,#5022,#5023));
#5021=ORIENTED_EDGE('',*,*,#5024,.T.);
#5022=ORIENTED_EDGE('',*,*,#5025,.T.);
#5023=ORIENTED_EDGE('',*,*,#5026,.T.);
#5024=EDGE_CURVE('',#371,#373,#5027,.F.);
#5025=EDGE_CURVE('',#373,#213,#5028,.T.);
#5026=EDGE_CURVE('',#213,#371,#5029,.T.);
#5027=LINE('',#370,#5030);
#5028=LINE('',#372,#5031);
#5029=LINE('',#212,#5032);
#5030=VECTOR('',#5033,1.0);
#5031=VECTOR('',#5034,1.0);
#5032=VECTOR('',#5035,1.0);
#5033=DIRECTION('',(-0.0980132782445506,-0.9951851070468029,0));
#5034=DIRECTION('',(0,0,1));
#5035=DIRECTION('',(0.006340385081092613,0.06437757127051225,-0.9979054703900232));
#5036=FACE_SURFACE('',(#5041),#5037,.T.);
#5037=PLANE('',#5038);
#5038=AXIS2_PLACEMENT_3D('',#370,#5039,#5040);
#5039=DIRECTION('',(-0.9951851070468029,0.09801327824455061,0));
#5040=DIRECTION('',(-0.006340385081092613,-0.06437757127051225,0.9979054703900232));
#5041=FACE_BOUND('',#5042,.T.);
#5042=EDGE_LOOP('',(#5043,#5044,#5045));
#5043=ORIENTED_EDGE('',*,*,#5046,.T.);
#5044=ORIENTED_EDGE('',*,*,#5047,.T.);
#5045=ORIENTED_EDGE('',*,*,#5048,.T.);
#5046=EDGE_CURVE('',#371,#213,#5049,.F.);
#5047=EDGE_CURVE('',#213,#221,#5050,.T.);
#5048=EDGE_CURVE('',#221,#371,#5051,.T.);
#5049=LINE('',#370,#5052);
#5050=LINE('',#212,#5053);
#5051=LINE('',#220,#5054);
#5052=VECTOR('',#5055,1.0);
#5053=VECTOR('',#5056,1.0);
#5054=VECTOR('',#5057,1.0);
#5055=DIRECTION('',(-0.006340385081092613,-0.06437757127051225,0.9979054703900232));
#5056=DIRECTION('',(0.0980132782445506,0.9951851070468029,0));
#5057=DIRECTION('',(0,0,-1));
#5058=FACE_SURFACE('',(#5063),#5059,.T.);
#5059=PLANE('',#5060);
#5060=AXIS2_PLACEMENT_3D('',#372,#5061,#5062);
#5061=DIRECTION('',(-0.9569413498796503,0.2902813340373658,0));
#5062=DIRECTION('',(-0.2902813340373658,-0.9569413498796503,0));
#5063=FACE_BOUND('',#5064,.T.);
#5064=EDGE_LOOP('',(#5065,#5066,#5067));
#5065=ORIENTED_EDGE('',*,*,#5068,.T.);
#5066=ORIENTED_EDGE('',*,*,#5069,.T.);
#5067=ORIENTED_EDGE('',*,*,#5070,.T.);
#5068=EDGE_CURVE('',#373,#375,#5071,.F.);
#5069=EDGE_CURVE('',#375,#211,#5072,.T.);
#5070=EDGE_CURVE('',#211,#373,#5073,.T.);
#5071=LINE('',#372,#5074);
#5072=LINE('',#374,#5075);
#5073=LINE('',#210,#5076);
#5074=VECTOR('',#5077,1.0);
#5075=VECTOR('',#5078,1.0);
#5076=VECTOR('',#5079,1.0);
#5077=DIRECTION('',(-0.2902813340373658,-0.9569413498796503,0));
#5078=DIRECTION('',(0,0,1));
#5079=DIRECTION('',(0.018778155415111217,0.06190406093721927,-0.9979054404695301));
#5080=FACE_SURFACE('',(#5085),#5081,.T.);
#5081=PLANE('',#5082);
#5082=AXIS2_PLACEMENT_3D('',#372,#5083,#5084);
#5083=DIRECTION('',(-0.9569413498796503,0.2902813340373658,0));
#5084=DIRECTION('',(-0.018778155415111217,-0.06190406093721927,0.9979054404695301));
#5085=FACE_BOUND('',#5086,.T.);
#5086=EDGE_LOOP('',(#5087,#5088,#5089));
#5087=ORIENTED_EDGE('',*,*,#5090,.T.);
#5088=ORIENTED_EDGE('',*,*,#5091,.T.);
#5089=ORIENTED_EDGE('',*,*,#5092,.T.);
#5090=EDGE_CURVE('',#373,#211,#5093,.F.);
#5091=EDGE_CURVE('',#211,#213,#5094,.T.);
#5092=EDGE_CURVE('',#213,#373,#5095,.T.);
#5093=LINE('',#372,#5096);
#5094=LINE('',#210,#5097);
#5095=LINE('',#212,#5098);
#5096=VECTOR('',#5099,1.0);
#5097=VECTOR('',#5100,1.0);
#5098=VECTOR('',#5101,1.0);
#5099=DIRECTION('',(-0.018778155415111217,-0.06190406093721927,0.9979054404695301));
#5100=DIRECTION('',(0.2902813340373658,0.9569413498796503,0));
#5101=DIRECTION('',(0,0,-1));
#5102=FACE_SURFACE('',(#5107),#5103,.T.);
#5103=PLANE('',#5104);
#5104=AXIS2_PLACEMENT_3D('',#374,#5105,#5106);
#5105=DIRECTION('',(-0.8819205930364279,0.4713979927601255,0));
#5106=DIRECTION('',(-0.47139799276012556,-0.881920593036428,0));
#5107=FACE_BOUND('',#5108,.T.);
#5108=EDGE_LOOP('',(#5109,#5110,#5111));
#5109=ORIENTED_EDGE('',*,*,#5112,.T.);
#5110=ORIENTED_EDGE('',*,*,#5113,.T.);
#5111=ORIENTED_EDGE('',*,*,#5114,.T.);
#5112=EDGE_CURVE('',#375,#377,#5115,.F.);
#5113=EDGE_CURVE('',#377,#203,#5116,.T.);
#5114=EDGE_CURVE('',#203,#375,#5117,.T.);
#5115=LINE('',#374,#5118);
#5116=LINE('',#376,#5119);
#5117=LINE('',#202,#5120);
#5118=VECTOR('',#5121,1.0);
#5119=VECTOR('',#5122,1.0);
#5120=VECTOR('',#5123,1.0);
#5121=DIRECTION('',(-0.47139799276012556,-0.881920593036428,0));
#5122=DIRECTION('',(0,0,1));
#5123=DIRECTION('',(0.030494253655720435,0.05705054048022049,-0.9979054746442146));
#5124=FACE_SURFACE('',(#5129),#5125,.T.);
#5125=PLANE('',#5126);
#5126=AXIS2_PLACEMENT_3D('',#374,#5127,#5128);
#5127=DIRECTION('',(-0.8819205930364279,0.4713979927601255,0));
#5128=DIRECTION('',(-0.030494253655720435,-0.05705054048022049,0.9979054746442146));
#5129=FACE_BOUND('',#5130,.T.);
#5130=EDGE_LOOP('',(#5131,#5132,#5133));
#5131=ORIENTED_EDGE('',*,*,#5134,.T.);
#5132=ORIENTED_EDGE('',*,*,#5135,.T.);
#5133=ORIENTED_EDGE('',*,*,#5136,.T.);
#5134=EDGE_CURVE('',#375,#203,#5137,.F.);
#5135=EDGE_CURVE('',#203,#211,#5138,.T.);
#5136=EDGE_CURVE('',#211,#375,#5139,.T.);
#5137=LINE('',#374,#5140);
#5138=LINE('',#202,#5141);
#5139=LINE('',#210,#5142);
#5140=VECTOR('',#5143,1.0);
#5141=VECTOR('',#5144,1.0);
#5142=VECTOR('',#5145,1.0);
#5143=DIRECTION('',(-0.030494253655720435,-0.05705054048022049,0.9979054746442146));
#5144=DIRECTION('',(0.47139799276012556,0.881920593036428,0));
#5145=DIRECTION('',(0,0,-1));
#5146=FACE_SURFACE('',(#5151),#5147,.T.);
#5147=PLANE('',#5148);
#5148=AXIS2_PLACEMENT_3D('',#376,#5149,#5150);
#5149=DIRECTION('',(-0.7730065376569852,0.634398055434882,0));
#5150=DIRECTION('',(-0.634398055434882,-0.7730065376569853,0));
#5151=FACE_BOUND('',#5152,.T.);
#5152=EDGE_LOOP('',(#5153,#5154,#5155));
#5153=ORIENTED_EDGE('',*,*,#5156,.T.);
#5154=ORIENTED_EDGE('',*,*,#5157,.T.);
#5155=ORIENTED_EDGE('',*,*,#5158,.T.);
#5156=EDGE_CURVE('',#377,#379,#5159,.F.);
#5157=EDGE_CURVE('',#379,#141,#5160,.T.);
#5158=EDGE_CURVE('',#141,#377,#5161,.T.);
#5159=LINE('',#376,#5162);
#5160=LINE('',#378,#5163);
#5161=LINE('',#140,#5164);
#5162=VECTOR('',#5165,1.0);
#5163=VECTOR('',#5166,1.0);
#5164=VECTOR('',#5167,1.0);
#5165=DIRECTION('',(-0.634398055434882,-0.7730065376569853,0));
#5166=DIRECTION('',(0,0,1));
#5167=DIRECTION('',(0.04103844040489196,0.05000485492737182,-0.9979054869539632));
#5168=FACE_SURFACE('',(#5173),#5169,.T.);
#5169=PLANE('',#5170);
#5170=AXIS2_PLACEMENT_3D('',#376,#5171,#5172);
#5171=DIRECTION('',(-0.7730065376569852,0.634398055434882,0));
#5172=DIRECTION('',(-0.04103844040489196,-0.05000485492737182,0.9979054869539632));
#5173=FACE_BOUND('',#5174,.T.);
#5174=EDGE_LOOP('',(#5175,#5176,#5177));
#5175=ORIENTED_EDGE('',*,*,#5178,.T.);
#5176=ORIENTED_EDGE('',*,*,#5179,.T.);
#5177=ORIENTED_EDGE('',*,*,#5180,.T.);
#5178=EDGE_CURVE('',#377,#141,#5181,.F.);
#5179=EDGE_CURVE('',#141,#203,#5182,.T.);
#5180=EDGE_CURVE('',#203,#377,#5183,.T.);
#5181=LINE('',#376,#5184);
#5182=LINE('',#140,#5185);
#5183=LINE('',#202,#5186);
#5184=VECTOR('',#5187,1.0);
#5185=VECTOR('',#5188,1.0);
#5186=VECTOR('',#5189,1.0);
#5187=DIRECTION('',(-0.04103844040489196,-0.05000485492737182,0.9979054869539632));
#5188=DIRECTION('',(0.634398055434882,0.7730065376569853,0));
#5189=DIRECTION('',(0,0,-1));
#5190=FACE_SURFACE('',(#5195),#5191,.T.);
#5191=PLANE('',#5192);
#5192=AXIS2_PLACEMENT_3D('',#378,#5193,#5194);
#5193=DIRECTION('',(-0.634398055434882,0.7730065376569852,0));
#5194=DIRECTION('',(-0.7730065376569853,-0.634398055434882,0));
#5195=FACE_BOUND('',#5196,.T.);
#5196=EDGE_LOOP('',(#5197,#5198,#5199));
#5197=ORIENTED_EDGE('',*,*,#5200,.T.);
#5198=ORIENTED_EDGE('',*,*,#5201,.T.);
#5199=ORIENTED_EDGE('',*,*,#5202,.T.);
#5200=EDGE_CURVE('',#379,#381,#5203,.F.);
#5201=EDGE_CURVE('',#381,#143,#5204,.T.);
#5202=EDGE_CURVE('',#143,#379,#5205,.T.);
#5203=LINE('',#378,#5206);
#5204=LINE('',#380,#5207);
#5205=LINE('',#142,#5208);
#5206=VECTOR('',#5209,1.0);
#5207=VECTOR('',#5210,1.0);
#5208=VECTOR('',#5211,1.0);
#5209=DIRECTION('',(-0.7730065376569853,-0.634398055434882,0));
#5210=DIRECTION('',(0,0,1));
#5211=DIRECTION('',(0.05000485492737182,0.04103844040489196,-0.9979054869539632));
#5212=FACE_SURFACE('',(#5217),#5213,.T.);
#5213=PLANE('',#5214);
#5214=AXIS2_PLACEMENT_3D('',#378,#5215,#5216);
#5215=DIRECTION('',(-0.634398055434882,0.7730065376569852,0));
#5216=DIRECTION('',(-0.05000485492737182,-0.04103844040489196,0.9979054869539632));
#5217=FACE_BOUND('',#5218,.T.);
#5218=EDGE_LOOP('',(#5219,#5220,#5221));
#5219=ORIENTED_EDGE('',*,*,#5222,.T.);
#5220=ORIENTED_EDGE('',*,*,#5223,.T.);
#5221=ORIENTED_EDGE('',*,*,#5224,.T.);
#5222=EDGE_CURVE('',#379,#143,#5225,.F.);
#5223=EDGE_CURVE('',#143,#141,#5226,.T.);
#5224=EDGE_CURVE('',#141,#379,#5227,.T.);
#5225=LINE('',#378,#5228);
#5226=LINE('',#142,#5229);
#5227=LINE('',#140,#5230);
#5228=VECTOR('',#5231,1.0);
#5229=VECTOR('',#5232,1.0);
#5230=VECTOR('',#5233,1.0);
#5231=DIRECTION('',(-0.05000485492737182,-0.04103844040489196,0.9979054869539632));
#5232=DIRECTION('',(0.7730065376569853,0.634398055434882,0));
#5233=DIRECTION('',(0,0,-1));
#5234=FACE_SURFACE('',(#5239),#5235,.T.);
#5235=PLANE('',#5236);
#5236=AXIS2_PLACEMENT_3D('',#380,#5237,#5238);
#5237=DIRECTION('',(-0.4713979927601255,0.8819205930364279,0));
#5238=DIRECTION('',(-0.881920593036428,-0.47139799276012556,0));
#5239=FACE_BOUND('',#5240,.T.);
#5240=EDGE_LOOP('',(#5241,#5242,#5243));
#5241=ORIENTED_EDGE('',*,*,#5244,.T.);
#5242=ORIENTED_EDGE('',*,*,#5245,.T.);
#5243=ORIENTED_EDGE('',*,*,#5246,.T.);
#5244=EDGE_CURVE('',#381,#383,#5247,.F.);
#5245=EDGE_CURVE('',#383,#149,#5248,.T.);
#5246=EDGE_CURVE('',#149,#381,#5249,.T.);
#5247=LINE('',#380,#5250);
#5248=LINE('',#382,#5251);
#5249=LINE('',#148,#5252);
#5250=VECTOR('',#5253,1.0);
#5251=VECTOR('',#5254,1.0);
#5252=VECTOR('',#5255,1.0);
#5253=DIRECTION('',(-0.881920593036428,-0.47139799276012556,0));
#5254=DIRECTION('',(0,0,1));
#5255=DIRECTION('',(0.05705054048022049,0.030494253655720435,-0.9979054746442146));
#5256=FACE_SURFACE('',(#5261),#5257,.T.);
#5257=PLANE('',#5258);
#5258=AXIS2_PLACEMENT_3D('',#380,#5259,#5260);
#5259=DIRECTION('',(-0.4713979927601255,0.8819205930364279,0));
#5260=DIRECTION('',(-0.05705054048022049,-0.030494253655720435,0.9979054746442146));
#5261=FACE_BOUND('',#5262,.T.);
#5262=EDGE_LOOP('',(#5263,#5264,#5265));
#5263=ORIENTED_EDGE('',*,*,#5266,.T.);
#5264=ORIENTED_EDGE('',*,*,#5267,.T.);
#5265=ORIENTED_EDGE('',*,*,#5268,.T.);
#5266=EDGE_CURVE('',#381,#149,#5269,.F.);
#5267=EDGE_CURVE('',#149,#143,#5270,.T.);
#5268=EDGE_CURVE('',#143,#381,#5271,.T.);
#5269=LINE('',#380,#5272);
#5270=LINE('',#148,#5273);
#5271=LINE('',#142,#5274);
#5272=VECTOR('',#5275,1.0);
#5273=VECTOR('',#5276,1.0);
#5274=VECTOR('',#5277,1.0);
#5275=DIRECTION('',(-0.05705054048022049,-0.030494253655720435,0.9979054746442146));
#5276=DIRECTION('',(0.881920593036428,0.47139799276012556,0));
#5277=DIRECTION('',(0,0,-1));
#5278=FACE_SURFACE('',(#5283),#5279,.T.);
#5279=PLANE('',#5280);
#5280=AXIS2_PLACEMENT_3D('',#382,#5281,#5282);
#5281=DIRECTION('',(-0.290283184153951,0.9569407886580252,0));
#5282=DIRECTION('',(-0.9569407886580253,-0.29028318415395105,0));
#5283=FACE_BOUND('',#5284,.T.);
#5284=EDGE_LOOP('',(#5285,#5286,#5287));
#5285=ORIENTED_EDGE('',*,*,#5288,.T.);
#5286=ORIENTED_EDGE('',*,*,#5289,.T.);
#5287=ORIENTED_EDGE('',*,*,#5290,.T.);
#5288=EDGE_CURVE('',#383,#385,#5291,.F.);
#5289=EDGE_CURVE('',#385,#151,#5292,.T.);
#5290=EDGE_CURVE('',#151,#383,#5293,.T.);
#5291=LINE('',#382,#5294);
#5292=LINE('',#384,#5295);
#5293=LINE('',#150,#5296);
#5294=VECTOR('',#5297,1.0);
#5295=VECTOR('',#5298,1.0);
#5296=VECTOR('',#5299,1.0);
#5297=DIRECTION('',(-0.9569407886580253,-0.29028318415395105,0));
#5298=DIRECTION('',(0,0,1));
#5299=DIRECTION('',(0.061903631738518955,0.01877815591594823,-0.9979054670849229));
#5300=FACE_SURFACE('',(#5305),#5301,.T.);
#5301=PLANE('',#5302);
#5302=AXIS2_PLACEMENT_3D('',#382,#5303,#5304);
#5303=DIRECTION('',(-0.290283184153951,0.9569407886580252,0));
#5304=DIRECTION('',(-0.061903631738518955,-0.01877815591594823,0.9979054670849229));
#5305=FACE_BOUND('',#5306,.T.);
#5306=EDGE_LOOP('',(#5307,#5308,#5309));
#5307=ORIENTED_EDGE('',*,*,#5310,.T.);
#5308=ORIENTED_EDGE('',*,*,#5311,.T.);
#5309=ORIENTED_EDGE('',*,*,#5312,.T.);
#5310=EDGE_CURVE('',#383,#151,#5313,.F.);
#5311=EDGE_CURVE('',#151,#149,#5314,.T.);
#5312=EDGE_CURVE('',#149,#383,#5315,.T.);
#5313=LINE('',#382,#5316);
#5314=LINE('',#150,#5317);
#5315=LINE('',#148,#5318);
#5316=VECTOR('',#5319,1.0);
#5317=VECTOR('',#5320,1.0);
#5318=VECTOR('',#5321,1.0);
#5319=DIRECTION('',(-0.061903631738518955,-0.01877815591594823,0.9979054670849229));
#5320=DIRECTION('',(0.9569407886580253,0.29028318415395105,0));
#5321=DIRECTION('',(0,0,-1));
#5322=FACE_SURFACE('',(#5327),#5323,.T.);
#5323=PLANE('',#5324);
#5324=AXIS2_PLACEMENT_3D('',#384,#5325,#5326);
#5325=DIRECTION('',(-0.09801922488037212,0.9951845213596577,0));
#5326=DIRECTION('',(-0.9951845213596577,-0.09801922488037212,0));
#5327=FACE_BOUND('',#5328,.T.);
#5328=EDGE_LOOP('',(#5329,#5330,#5331));
#5329=ORIENTED_EDGE('',*,*,#5332,.T.);
#5330=ORIENTED_EDGE('',*,*,#5333,.T.);
#5331=ORIENTED_EDGE('',*,*,#5334,.T.);
#5332=EDGE_CURVE('',#385,#387,#5335,.F.);
#5333=EDGE_CURVE('',#387,#155,#5336,.T.);
#5334=EDGE_CURVE('',#155,#385,#5337,.T.);
#5335=LINE('',#384,#5338);
#5336=LINE('',#386,#5339);
#5337=LINE('',#154,#5340);
#5338=VECTOR('',#5341,1.0);
#5339=VECTOR('',#5342,1.0);
#5340=VECTOR('',#5343,1.0);
#5341=DIRECTION('',(-0.9951845213596577,-0.09801922488037212,0));
#5342=DIRECTION('',(0,0,1));
#5343=DIRECTION('',(0.06437800015873986,0.006340815737655179,-0.9979054399848426));
#5344=FACE_SURFACE('',(#5349),#5345,.T.);
#5345=PLANE('',#5346);
#5346=AXIS2_PLACEMENT_3D('',#384,#5347,#5348);
#5347=DIRECTION('',(-0.09801922488037212,0.9951845213596577,0));
#5348=DIRECTION('',(-0.06437800015873986,-0.006340815737655179,0.9979054399848426));
#5349=FACE_BOUND('',#5350,.T.);
#5350=EDGE_LOOP('',(#5351,#5352,#5353));
#5351=ORIENTED_EDGE('',*,*,#5354,.T.);
#5352=ORIENTED_EDGE('',*,*,#5355,.T.);
#5353=ORIENTED_EDGE('',*,*,#5356,.T.);
#5354=EDGE_CURVE('',#385,#155,#5357,.F.);
#5355=EDGE_CURVE('',#155,#151,#5358,.T.);
#5356=EDGE_CURVE('',#151,#385,#5359,.T.);
#5357=LINE('',#384,#5360);
#5358=LINE('',#154,#5361);
#5359=LINE('',#150,#5362);
#5360=VECTOR('',#5363,1.0);
#5361=VECTOR('',#5364,1.0);
#5362=VECTOR('',#5365,1.0);
#5363=DIRECTION('',(-0.06437800015873986,-0.006340815737655179,0.9979054399848426));
#5364=DIRECTION('',(0.9951845213596577,0.09801922488037212,0));
#5365=DIRECTION('',(0,0,-1));
#5366=FACE_SURFACE('',(#5371),#5367,.T.);
#5367=PLANE('',#5368);
#5368=AXIS2_PLACEMENT_3D('',#386,#5369,#5370);
#5369=DIRECTION('',(0.09801987457565724,0.9951844573686691,0));
#5370=DIRECTION('',(-0.9951844573686692,0.09801987457565724,0));
#5371=FACE_BOUND('',#5372,.T.);
#5372=EDGE_LOOP('',(#5373,#5374,#5375));
#5373=ORIENTED_EDGE('',*,*,#5376,.T.);
#5374=ORIENTED_EDGE('',*,*,#5377,.T.);
#5375=ORIENTED_EDGE('',*,*,#5378,.T.);
#5376=EDGE_CURVE('',#387,#389,#5379,.F.);
#5377=EDGE_CURVE('',#389,#159,#5380,.T.);
#5378=EDGE_CURVE('',#159,#387,#5381,.T.);
#5379=LINE('',#386,#5382);
#5380=LINE('',#388,#5383);
#5381=LINE('',#158,#5384);
#5382=VECTOR('',#5385,1.0);
#5383=VECTOR('',#5386,1.0);
#5384=VECTOR('',#5387,1.0);
#5385=DIRECTION('',(-0.9951844573686692,0.09801987457565724,0));
#5386=DIRECTION('',(0,0,1));
#5387=DIRECTION('',(0.06437757109464262,-0.006340815913531358,-0.9979054676638989));
#5388=FACE_SURFACE('',(#5393),#5389,.T.);
#5389=PLANE('',#5390);
#5390=AXIS2_PLACEMENT_3D('',#386,#5391,#5392);
#5391=DIRECTION('',(0.09801987457565724,0.9951844573686691,-0));
#5392=DIRECTION('',(-0.06437757109464262,0.006340815913531358,0.9979054676638989));
#5393=FACE_BOUND('',#5394,.T.);
#5394=EDGE_LOOP('',(#5395,#5396,#5397));
#5395=ORIENTED_EDGE('',*,*,#5398,.T.);
#5396=ORIENTED_EDGE('',*,*,#5399,.T.);
#5397=ORIENTED_EDGE('',*,*,#5400,.T.);
#5398=EDGE_CURVE('',#387,#159,#5401,.F.);
#5399=EDGE_CURVE('',#159,#155,#5402,.T.);
#5400=EDGE_CURVE('',#155,#387,#5403,.T.);
#5401=LINE('',#386,#5404);
#5402=LINE('',#158,#5405);
#5403=LINE('',#154,#5406);
#5404=VECTOR('',#5407,1.0);
#5405=VECTOR('',#5408,1.0);
#5406=VECTOR('',#5409,1.0);
#5407=DIRECTION('',(-0.06437757109464262,0.006340815913531358,0.9979054676638989));
#5408=DIRECTION('',(0.9951844573686692,-0.09801987457565724,0));
#5409=DIRECTION('',(0,0,-1));
#5410=FACE_SURFACE('',(#5415),#5411,.T.);
#5411=PLANE('',#5412);
#5412=AXIS2_PLACEMENT_3D('',#388,#5413,#5414);
#5413=DIRECTION('',(0.290283184153951,0.9569407886580252,0));
#5414=DIRECTION('',(-0.9569407886580253,0.29028318415395105,0));
#5415=FACE_BOUND('',#5416,.T.);
#5416=EDGE_LOOP('',(#5417,#5418,#5419));
#5417=ORIENTED_EDGE('',*,*,#5420,.T.);
#5418=ORIENTED_EDGE('',*,*,#5421,.T.);
#5419=ORIENTED_EDGE('',*,*,#5422,.T.);
#5420=EDGE_CURVE('',#389,#391,#5423,.F.);
#5421=EDGE_CURVE('',#391,#163,#5424,.T.);
#5422=EDGE_CURVE('',#163,#389,#5425,.T.);
#5423=LINE('',#388,#5426);
#5424=LINE('',#390,#5427);
#5425=LINE('',#162,#5428);
#5426=VECTOR('',#5429,1.0);
#5427=VECTOR('',#5430,1.0);
#5428=VECTOR('',#5431,1.0);
#5429=DIRECTION('',(-0.9569407886580253,0.29028318415395105,0));
#5430=DIRECTION('',(0,0,1));
#5431=DIRECTION('',(0.061903631738518955,-0.01877815591594823,-0.9979054670849229));
#5432=FACE_SURFACE('',(#5437),#5433,.T.);
#5433=PLANE('',#5434);
#5434=AXIS2_PLACEMENT_3D('',#388,#5435,#5436);
#5435=DIRECTION('',(0.290283184153951,0.9569407886580252,-0));
#5436=DIRECTION('',(-0.061903631738518955,0.01877815591594823,0.9979054670849229));
#5437=FACE_BOUND('',#5438,.T.);
#5438=EDGE_LOOP('',(#5439,#5440,#5441));
#5439=ORIENTED_EDGE('',*,*,#5442,.T.);
#5440=ORIENTED_EDGE('',*,*,#5443,.T.);
#5441=ORIENTED_EDGE('',*,*,#5444,.T.);
#5442=EDGE_CURVE('',#389,#163,#5445,.F.);
#5443=EDGE_CURVE('',#163,#159,#5446,.T.);
#5444=EDGE_CURVE('',#159,#389,#5447,.T.);
#5445=LINE('',#388,#5448);
#5446=LINE('',#162,#5449);
#5447=LINE('',#158,#5450);
#5448=VECTOR('',#5451,1.0);
#5449=VECTOR('',#5452,1.0);
#5450=VECTOR('',#5453,1.0);
#5451=DIRECTION('',(-0.061903631738518955,0.01877815591594823,0.9979054670849229));
#5452=DIRECTION('',(0.9569407886580253,-0.29028318415395105,0));
#5453=DIRECTION('',(0,0,-1));
#5454=FACE_SURFACE('',(#5459),#5455,.T.);
#5455=PLANE('',#5456);
#5456=AXIS2_PLACEMENT_3D('',#390,#5457,#5458);
#5457=DIRECTION('',(0.4713979927601255,0.8819205930364279,0));
#5458=DIRECTION('',(-0.881920593036428,0.47139799276012556,0));
#5459=FACE_BOUND('',#5460,.T.);
#5460=EDGE_LOOP('',(#5461,#5462,#5463));
#5461=ORIENTED_EDGE('',*,*,#5464,.T.);
#5462=ORIENTED_EDGE('',*,*,#5465,.T.);
#5463=ORIENTED_EDGE('',*,*,#5466,.T.);
#5464=EDGE_CURVE('',#391,#393,#5467,.F.);
#5465=EDGE_CURVE('',#393,#167,#5468,.T.);
#5466=EDGE_CURVE('',#167,#391,#5469,.T.);
#5467=LINE('',#390,#5470);
#5468=LINE('',#392,#5471);
#5469=LINE('',#166,#5472);
#5470=VECTOR('',#5473,1.0);
#5471=VECTOR('',#5474,1.0);
#5472=VECTOR('',#5475,1.0);
#5473=DIRECTION('',(-0.881920593036428,0.47139799276012556,0));
#5474=DIRECTION('',(0,0,1));
#5475=DIRECTION('',(0.05705054048022049,-0.030494253655720435,-0.9979054746442146));
#5476=FACE_SURFACE('',(#5481),#5477,.T.);
#5477=PLANE('',#5478);
#5478=AXIS2_PLACEMENT_3D('',#390,#5479,#5480);
#5479=DIRECTION('',(0.4713979927601255,0.8819205930364279,-0));
#5480=DIRECTION('',(-0.05705054048022049,0.030494253655720435,0.9979054746442146));
#5481=FACE_BOUND('',#5482,.T.);
#5482=EDGE_LOOP('',(#5483,#5484,#5485));
#5483=ORIENTED_EDGE('',*,*,#5486,.T.);
#5484=ORIENTED_EDGE('',*,*,#5487,.T.);
#5485=ORIENTED_EDGE('',*,*,#5488,.T.);
#5486=EDGE_CURVE('',#391,#167,#5489,.F.);
#5487=EDGE_CURVE('',#167,#163,#5490,.T.);
#5488=EDGE_CURVE('',#163,#391,#5491,.T.);
#5489=LINE('',#390,#5492);
#5490=LINE('',#166,#5493);
#5491=LINE('',#162,#5494);
#5492=VECTOR('',#5495,1.0);
#5493=VECTOR('',#5496,1.0);
#5494=VECTOR('',#5497,1.0);
#5495=DIRECTION('',(-0.05705054048022049,0.030494253655720435,0.9979054746442146));
#5496=DIRECTION('',(0.881920593036428,-0.47139799276012556,0));
#5497=DIRECTION('',(0,0,-1));
#5498=FACE_SURFACE('',(#5503),#5499,.T.);
#5499=PLANE('',#5500);
#5500=AXIS2_PLACEMENT_3D('',#392,#5501,#5502);
#5501=DIRECTION('',(0.634398055434882,0.7730065376569852,0));
#5502=DIRECTION('',(-0.7730065376569853,0.634398055434882,0));
#5503=FACE_BOUND('',#5504,.T.);
#5504=EDGE_LOOP('',(#5505,#5506,#5507));
#5505=ORIENTED_EDGE('',*,*,#5508,.T.);
#5506=ORIENTED_EDGE('',*,*,#5509,.T.);
#5507=ORIENTED_EDGE('',*,*,#5510,.T.);
#5508=EDGE_CURVE('',#393,#395,#5511,.F.);
#5509=EDGE_CURVE('',#395,#171,#5512,.T.);
#5510=EDGE_CURVE('',#171,#393,#5513,.T.);
#5511=LINE('',#392,#5514);
#5512=LINE('',#394,#5515);
#5513=LINE('',#170,#5516);
#5514=VECTOR('',#5517,1.0);
#5515=VECTOR('',#5518,1.0);
#5516=VECTOR('',#5519,1.0);
#5517=DIRECTION('',(-0.7730065376569853,0.634398055434882,0));
#5518=DIRECTION('',(0,0,1));
#5519=DIRECTION('',(0.05000485492737182,-0.04103844040489196,-0.9979054869539632));
#5520=FACE_SURFACE('',(#5525),#5521,.T.);
#5521=PLANE('',#5522);
#5522=AXIS2_PLACEMENT_3D('',#392,#5523,#5524);
#5523=DIRECTION('',(0.634398055434882,0.7730065376569852,-0));
#5524=DIRECTION('',(-0.05000485492737182,0.04103844040489196,0.9979054869539632));
#5525=FACE_BOUND('',#5526,.T.);
#5526=EDGE_LOOP('',(#5527,#5528,#5529));
#5527=ORIENTED_EDGE('',*,*,#5530,.T.);
#5528=ORIENTED_EDGE('',*,*,#5531,.T.);
#5529=ORIENTED_EDGE('',*,*,#5532,.T.);
#5530=EDGE_CURVE('',#393,#171,#5533,.F.);
#5531=EDGE_CURVE('',#171,#167,#5534,.T.);
#5532=EDGE_CURVE('',#167,#393,#5535,.T.);
#5533=LINE('',#392,#5536);
#5534=LINE('',#170,#5537);
#5535=LINE('',#166,#5538);
#5536=VECTOR('',#5539,1.0);
#5537=VECTOR('',#5540,1.0);
#5538=VECTOR('',#5541,1.0);
#5539=DIRECTION('',(-0.05000485492737182,0.04103844040489196,0.9979054869539632));
#5540=DIRECTION('',(0.7730065376569853,-0.634398055434882,0));
#5541=DIRECTION('',(0,0,-1));
#5542=FACE_SURFACE('',(#5547),#5543,.T.);
#5543=PLANE('',#5544);
#5544=AXIS2_PLACEMENT_3D('',#394,#5545,#5546);
#5545=DIRECTION('',(0.7730065376569852,0.634398055434882,0));
#5546=DIRECTION('',(-0.634398055434882,0.7730065376569853,0));
#5547=FACE_BOUND('',#5548,.T.);
#5548=EDGE_LOOP('',(#5549,#5550,#5551));
#5549=ORIENTED_EDGE('',*,*,#5552,.T.);
#5550=ORIENTED_EDGE('',*,*,#5553,.T.);
#5551=ORIENTED_EDGE('',*,*,#5554,.T.);
#5552=EDGE_CURVE('',#395,#397,#5555,.F.);
#5553=EDGE_CURVE('',#397,#175,#5556,.T.);
#5554=EDGE_CURVE('',#175,#395,#5557,.T.);
#5555=LINE('',#394,#5558);
#5556=LINE('',#396,#5559);
#5557=LINE('',#174,#5560);
#5558=VECTOR('',#5561,1.0);
#5559=VECTOR('',#5562,1.0);
#5560=VECTOR('',#5563,1.0);
#5561=DIRECTION('',(-0.634398055434882,0.7730065376569853,0));
#5562=DIRECTION('',(0,0,1));
#5563=DIRECTION('',(0.04103844040489196,-0.05000485492737182,-0.9979054869539632));
#5564=FACE_SURFACE('',(#5569),#5565,.T.);
#5565=PLANE('',#5566);
#5566=AXIS2_PLACEMENT_3D('',#394,#5567,#5568);
#5567=DIRECTION('',(0.7730065376569852,0.634398055434882,-0));
#5568=DIRECTION('',(-0.04103844040489196,0.05000485492737182,0.9979054869539632));
#5569=FACE_BOUND('',#5570,.T.);
#5570=EDGE_LOOP('',(#5571,#5572,#5573));
#5571=ORIENTED_EDGE('',*,*,#5574,.T.);
#5572=ORIENTED_EDGE('',*,*,#5575,.T.);
#5573=ORIENTED_EDGE('',*,*,#5576,.T.);
#5574=EDGE_CURVE('',#395,#175,#5577,.F.);
#5575=EDGE_CURVE('',#175,#171,#5578,.T.);
#5576=EDGE_CURVE('',#171,#395,#5579,.T.);
#5577=LINE('',#394,#5580);
#5578=LINE('',#174,#5581);
#5579=LINE('',#170,#5582);
#5580=VECTOR('',#5583,1.0);
#5581=VECTOR('',#5584,1.0);
#5582=VECTOR('',#5585,1.0);
#5583=DIRECTION('',(-0.04103844040489196,0.05000485492737182,0.9979054869539632));
#5584=DIRECTION('',(0.634398055434882,-0.7730065376569853,0));
#5585=DIRECTION('',(0,0,-1));
#5586=FACE_SURFACE('',(#5591),#5587,.T.);
#5587=PLANE('',#5588);
#5588=AXIS2_PLACEMENT_3D('',#174,#5589,#5590);
#5589=DIRECTION('',(0.8819205930364279,0.4713979927601255,0));
#5590=DIRECTION('',(0,0,-1));
#5591=FACE_BOUND('',#5592,.T.);
#5592=EDGE_LOOP('',(#5593,#5594,#5595));
#5593=ORIENTED_EDGE('',*,*,#5596,.T.);
#5594=ORIENTED_EDGE('',*,*,#5597,.T.);
#5595=ORIENTED_EDGE('',*,*,#5598,.T.);
#5596=EDGE_CURVE('',#175,#397,#5599,.F.);
#5597=EDGE_CURVE('',#397,#399,#5600,.T.);
#5598=EDGE_CURVE('',#399,#175,#5601,.T.);
#5599=LINE('',#174,#5602);
#5600=LINE('',#396,#5603);
#5601=LINE('',#398,#5604);
#5602=VECTOR('',#5605,1.0);
#5603=VECTOR('',#5606,1.0);
#5604=VECTOR('',#5607,1.0);
#5605=DIRECTION('',(0,0,-1));
#5606=DIRECTION('',(-0.47139799276012556,0.881920593036428,0));
#5607=DIRECTION('',(0.030494253655720435,-0.05705054048022049,0.9979054746442146));
#5608=FACE_SURFACE('',(#5613),#5609,.T.);
#5609=PLANE('',#5610);
#5610=AXIS2_PLACEMENT_3D('',#174,#5611,#5612);
#5611=DIRECTION('',(0.8819205930364279,0.4713979927601255,0));
#5612=DIRECTION('',(-0.030494253655720435,0.05705054048022049,-0.9979054746442146));
#5613=FACE_BOUND('',#5614,.T.);
#5614=EDGE_LOOP('',(#5615,#5616,#5617));
#5615=ORIENTED_EDGE('',*,*,#5618,.T.);
#5616=ORIENTED_EDGE('',*,*,#5619,.T.);
#5617=ORIENTED_EDGE('',*,*,#5620,.T.);
#5618=EDGE_CURVE('',#175,#399,#5621,.F.);
#5619=EDGE_CURVE('',#399,#179,#5622,.T.);
#5620=EDGE_CURVE('',#179,#175,#5623,.T.);
#5621=LINE('',#174,#5624);
#5622=LINE('',#398,#5625);
#5623=LINE('',#178,#5626);
#5624=VECTOR('',#5627,1.0);
#5625=VECTOR('',#5628,1.0);
#5626=VECTOR('',#5629,1.0);
#5627=DIRECTION('',(-0.030494253655720435,0.05705054048022049,-0.9979054746442146));
#5628=DIRECTION('',(0,0,1));
#5629=DIRECTION('',(0.47139799276012556,-0.881920593036428,0));
#5630=FACE_SURFACE('',(#5635),#5631,.T.);
#5631=PLANE('',#5632);
#5632=AXIS2_PLACEMENT_3D('',#178,#5633,#5634);
#5633=DIRECTION('',(0.9569413498796503,0.2902813340373658,0));
#5634=DIRECTION('',(0,0,-1));
#5635=FACE_BOUND('',#5636,.T.);
#5636=EDGE_LOOP('',(#5637,#5638,#5639));
#5637=ORIENTED_EDGE('',*,*,#5640,.T.);
#5638=ORIENTED_EDGE('',*,*,#5641,.T.);
#5639=ORIENTED_EDGE('',*,*,#5642,.T.);
#5640=EDGE_CURVE('',#179,#399,#5643,.F.);
#5641=EDGE_CURVE('',#399,#401,#5644,.T.);
#5642=EDGE_CURVE('',#401,#179,#5645,.T.);
#5643=LINE('',#178,#5646);
#5644=LINE('',#398,#5647);
#5645=LINE('',#400,#5648);
#5646=VECTOR('',#5649,1.0);
#5647=VECTOR('',#5650,1.0);
#5648=VECTOR('',#5651,1.0);
#5649=DIRECTION('',(0,0,-1));
#5650=DIRECTION('',(-0.2902813340373658,0.9569413498796503,0));
#5651=DIRECTION('',(0.018778155415111217,-0.06190406093721927,0.9979054404695301));
#5652=FACE_SURFACE('',(#5657),#5653,.T.);
#5653=PLANE('',#5654);
#5654=AXIS2_PLACEMENT_3D('',#178,#5655,#5656);
#5655=DIRECTION('',(0.9569413498796503,0.2902813340373658,0));
#5656=DIRECTION('',(-0.018778155415111217,0.06190406093721927,-0.9979054404695301));
#5657=FACE_BOUND('',#5658,.T.);
#5658=EDGE_LOOP('',(#5659,#5660,#5661));
#5659=ORIENTED_EDGE('',*,*,#5662,.T.);
#5660=ORIENTED_EDGE('',*,*,#5663,.T.);
#5661=ORIENTED_EDGE('',*,*,#5664,.T.);
#5662=EDGE_CURVE('',#179,#401,#5665,.F.);
#5663=EDGE_CURVE('',#401,#183,#5666,.T.);
#5664=EDGE_CURVE('',#183,#179,#5667,.T.);
#5665=LINE('',#178,#5668);
#5666=LINE('',#400,#5669);
#5667=LINE('',#182,#5670);
#5668=VECTOR('',#5671,1.0);
#5669=VECTOR('',#5672,1.0);
#5670=VECTOR('',#5673,1.0);
#5671=DIRECTION('',(-0.018778155415111217,0.06190406093721927,-0.9979054404695301));
#5672=DIRECTION('',(0,0,1));
#5673=DIRECTION('',(0.2902813340373658,-0.9569413498796503,0));
#5674=FACE_SURFACE('',(#5679),#5675,.T.);
#5675=PLANE('',#5676);
#5676=AXIS2_PLACEMENT_3D('',#182,#5677,#5678);
#5677=DIRECTION('',(0.9951851070468029,0.09801327824455061,0));
#5678=DIRECTION('',(0,0,-1));
#5679=FACE_BOUND('',#5680,.T.);
#5680=EDGE_LOOP('',(#5681,#5682,#5683));
#5681=ORIENTED_EDGE('',*,*,#5684,.T.);
#5682=ORIENTED_EDGE('',*,*,#5685,.T.);
#5683=ORIENTED_EDGE('',*,*,#5686,.T.);
#5684=EDGE_CURVE('',#183,#401,#5687,.F.);
#5685=EDGE_CURVE('',#401,#403,#5688,.T.);
#5686=EDGE_CURVE('',#403,#183,#5689,.T.);
#5687=LINE('',#182,#5690);
#5688=LINE('',#400,#5691);
#5689=LINE('',#402,#5692);
#5690=VECTOR('',#5693,1.0);
#5691=VECTOR('',#5694,1.0);
#5692=VECTOR('',#5695,1.0);
#5693=DIRECTION('',(0,0,-1));
#5694=DIRECTION('',(-0.0980132782445506,0.9951851070468029,0));
#5695=DIRECTION('',(0.006340385081092613,-0.06437757127051225,0.9979054703900232));
#5696=FACE_SURFACE('',(#5701),#5697,.T.);
#5697=PLANE('',#5698);
#5698=AXIS2_PLACEMENT_3D('',#182,#5699,#5700);
#5699=DIRECTION('',(0.9951851070468029,0.09801327824455061,0));
#5700=DIRECTION('',(-0.006340385081092613,0.06437757127051225,-0.9979054703900232));
#5701=FACE_BOUND('',#5702,.T.);
#5702=EDGE_LOOP('',(#5703,#5704,#5705));
#5703=ORIENTED_EDGE('',*,*,#5706,.T.);
#5704=ORIENTED_EDGE('',*,*,#5707,.T.);
#5705=ORIENTED_EDGE('',*,*,#5708,.T.);
#5706=EDGE_CURVE('',#183,#403,#5709,.F.);
#5707=EDGE_CURVE('',#403,#187,#5710,.T.);
#5708=EDGE_CURVE('',#187,#183,#5711,.T.);
#5709=LINE('',#182,#5712);
#5710=LINE('',#402,#5713);
#5711=LINE('',#186,#5714);
#5712=VECTOR('',#5715,1.0);
#5713=VECTOR('',#5716,1.0);
#5714=VECTOR('',#5717,1.0);
#5715=DIRECTION('',(-0.006340385081092613,0.06437757127051225,-0.9979054703900232));
#5716=DIRECTION('',(0,0,1));
#5717=DIRECTION('',(0.0980132782445506,-0.9951851070468029,0));
#5718=FACE_SURFACE('',(#5723),#5719,.T.);
#5719=PLANE('',#5720);
#5720=AXIS2_PLACEMENT_3D('',#186,#5721,#5722);
#5721=DIRECTION('',(0.9951851070468029,-0.09801327824455061,0));
#5722=DIRECTION('',(0,0,-1));
#5723=FACE_BOUND('',#5724,.T.);
#5724=EDGE_LOOP('',(#5725,#5726,#5727));
#5725=ORIENTED_EDGE('',*,*,#5728,.T.);
#5726=ORIENTED_EDGE('',*,*,#5729,.T.);
#5727=ORIENTED_EDGE('',*,*,#5730,.T.);
#5728=EDGE_CURVE('',#187,#403,#5731,.F.);
#5729=EDGE_CURVE('',#403,#405,#5732,.T.);
#5730=EDGE_CURVE('',#405,#187,#5733,.T.);
#5731=LINE('',#186,#5734);
#5732=LINE('',#402,#5735);
#5733=LINE('',#404,#5736);
#5734=VECTOR('',#5737,1.0);
#5735=VECTOR('',#5738,1.0);
#5736=VECTOR('',#5739,1.0);
#5737=DIRECTION('',(0,0,-1));
#5738=DIRECTION('',(0.0980132782445506,0.9951851070468029,0));
#5739=DIRECTION('',(-0.006340385081092613,-0.06437757127051225,0.9979054703900232));
#5740=FACE_SURFACE('',(#5745),#5741,.T.);
#5741=PLANE('',#5742);
#5742=AXIS2_PLACEMENT_3D('',#186,#5743,#5744);
#5743=DIRECTION('',(0.9951851070468029,-0.09801327824455061,0));
#5744=DIRECTION('',(0.006340385081092613,0.06437757127051225,-0.9979054703900232));
#5745=FACE_BOUND('',#5746,.T.);
#5746=EDGE_LOOP('',(#5747,#5748,#5749));
#5747=ORIENTED_EDGE('',*,*,#5750,.T.);
#5748=ORIENTED_EDGE('',*,*,#5751,.T.);
#5749=ORIENTED_EDGE('',*,*,#5752,.T.);
#5750=EDGE_CURVE('',#187,#405,#5753,.F.);
#5751=EDGE_CURVE('',#405,#199,#5754,.T.);
#5752=EDGE_CURVE('',#199,#187,#5755,.T.);
#5753=LINE('',#186,#5756);
#5754=LINE('',#404,#5757);
#5755=LINE('',#198,#5758);
#5756=VECTOR('',#5759,1.0);
#5757=VECTOR('',#5760,1.0);
#5758=VECTOR('',#5761,1.0);
#5759=DIRECTION('',(0.006340385081092613,0.06437757127051225,-0.9979054703900232));
#5760=DIRECTION('',(0,0,1));
#5761=DIRECTION('',(-0.0980132782445506,-0.9951851070468029,0));
#5762=FACE_SURFACE('',(#5767),#5763,.T.);
#5763=PLANE('',#5764);
#5764=AXIS2_PLACEMENT_3D('',#198,#5765,#5766);
#5765=DIRECTION('',(0.9569402274256692,-0.29028503429303487,0));
#5766=DIRECTION('',(0,0,-1));
#5767=FACE_BOUND('',#5768,.T.);
#5768=EDGE_LOOP('',(#5769,#5770,#5771));
#5769=ORIENTED_EDGE('',*,*,#5772,.T.);
#5770=ORIENTED_EDGE('',*,*,#5773,.T.);
#5771=ORIENTED_EDGE('',*,*,#5774,.T.);
#5772=EDGE_CURVE('',#199,#405,#5775,.F.);
#5773=EDGE_CURVE('',#405,#407,#5776,.T.);
#5774=EDGE_CURVE('',#407,#199,#5777,.T.);
#5775=LINE('',#198,#5778);
#5776=LINE('',#404,#5779);
#5777=LINE('',#406,#5780);
#5778=VECTOR('',#5781,1.0);
#5779=VECTOR('',#5782,1.0);
#5780=VECTOR('',#5783,1.0);
#5781=DIRECTION('',(0,0,-1));
#5782=DIRECTION('',(0.29028503429303487,0.9569402274256693,0));
#5783=DIRECTION('',(-0.0187781564167818,-0.0619032025397843,0.9979054937001326));
#5784=FACE_SURFACE('',(#5789),#5785,.T.);
#5785=PLANE('',#5786);
#5786=AXIS2_PLACEMENT_3D('',#198,#5787,#5788);
#5787=DIRECTION('',(0.9569402274256692,-0.29028503429303487,0));
#5788=DIRECTION('',(0.0187781564167818,0.0619032025397843,-0.9979054937001326));
#5789=FACE_BOUND('',#5790,.T.);
#5790=EDGE_LOOP('',(#5791,#5792,#5793));
#5791=ORIENTED_EDGE('',*,*,#5794,.T.);
#5792=ORIENTED_EDGE('',*,*,#5795,.T.);
#5793=ORIENTED_EDGE('',*,*,#5796,.T.);
#5794=EDGE_CURVE('',#199,#407,#5797,.F.);
#5795=EDGE_CURVE('',#407,#197,#5798,.T.);
#5796=EDGE_CURVE('',#197,#199,#5799,.T.);
#5797=LINE('',#198,#5800);
#5798=LINE('',#406,#5801);
#5799=LINE('',#196,#5802);
#5800=VECTOR('',#5803,1.0);
#5801=VECTOR('',#5804,1.0);
#5802=VECTOR('',#5805,1.0);
#5803=DIRECTION('',(0.0187781564167818,0.0619032025397843,-0.9979054937001326));
#5804=DIRECTION('',(0,0,1));
#5805=DIRECTION('',(-0.29028503429303487,-0.9569402274256693,0));
#5806=FACE_SURFACE('',(#5811),#5807,.T.);
#5807=PLANE('',#5808);
#5808=AXIS2_PLACEMENT_3D('',#196,#5809,#5810);
#5809=DIRECTION('',(0.8819205930364279,-0.4713979927601255,0));
#5810=DIRECTION('',(0,0,-1));
#5811=FACE_BOUND('',#5812,.T.);
#5812=EDGE_LOOP('',(#5813,#5814,#5815));
#5813=ORIENTED_EDGE('',*,*,#5816,.T.);
#5814=ORIENTED_EDGE('',*,*,#5817,.T.);
#5815=ORIENTED_EDGE('',*,*,#5818,.T.);
#5816=EDGE_CURVE('',#197,#407,#5819,.F.);
#5817=EDGE_CURVE('',#407,#409,#5820,.T.);
#5818=EDGE_CURVE('',#409,#197,#5821,.T.);
#5819=LINE('',#196,#5822);
#5820=LINE('',#406,#5823);
#5821=LINE('',#408,#5824);
#5822=VECTOR('',#5825,1.0);
#5823=VECTOR('',#5826,1.0);
#5824=VECTOR('',#5827,1.0);
#5825=DIRECTION('',(0,0,-1));
#5826=DIRECTION('',(0.47139799276012556,0.881920593036428,0));
#5827=DIRECTION('',(-0.030494253655720435,-0.05705054048022049,0.9979054746442146));
#5828=FACE_SURFACE('',(#5833),#5829,.T.);
#5829=PLANE('',#5830);
#5830=AXIS2_PLACEMENT_3D('',#196,#5831,#5832);
#5831=DIRECTION('',(0.8819205930364279,-0.4713979927601255,0));
#5832=DIRECTION('',(0.030494253655720435,0.05705054048022049,-0.9979054746442146));
#5833=FACE_BOUND('',#5834,.T.);
#5834=EDGE_LOOP('',(#5835,#5836,#5837));
#5835=ORIENTED_EDGE('',*,*,#5838,.T.);
#5836=ORIENTED_EDGE('',*,*,#5839,.T.);
#5837=ORIENTED_EDGE('',*,*,#5840,.T.);
#5838=EDGE_CURVE('',#197,#409,#5841,.F.);
#5839=EDGE_CURVE('',#409,#189,#5842,.T.);
#5840=EDGE_CURVE('',#189,#197,#5843,.T.);
#5841=LINE('',#196,#5844);
#5842=LINE('',#408,#5845);
#5843=LINE('',#188,#5846);
#5844=VECTOR('',#5847,1.0);
#5845=VECTOR('',#5848,1.0);
#5846=VECTOR('',#5849,1.0);
#5847=DIRECTION('',(0.030494253655720435,0.05705054048022049,-0.9979054746442146));
#5848=DIRECTION('',(0,0,1));
#5849=DIRECTION('',(-0.47139799276012556,-0.881920593036428,0));
#5850=FACE_SURFACE('',(#5855),#5851,.T.);
#5851=PLANE('',#5852);
#5852=AXIS2_PLACEMENT_3D('',#190,#5853,#5854);
#5853=DIRECTION('',(0.7730087170055134,-0.6343953999151398,0));
#5854=DIRECTION('',(-0.6343953999151397,-0.7730087170055133,0));
#5855=FACE_BOUND('',#5856,.T.);
#5856=EDGE_LOOP('',(#5857,#5858,#5859));
#5857=ORIENTED_EDGE('',*,*,#5860,.T.);
#5858=ORIENTED_EDGE('',*,*,#5861,.T.);
#5859=ORIENTED_EDGE('',*,*,#5862,.T.);
#5860=EDGE_CURVE('',#191,#189,#5863,.F.);
#5861=EDGE_CURVE('',#189,#409,#5864,.T.);
#5862=EDGE_CURVE('',#409,#191,#5865,.T.);
#5863=LINE('',#190,#5866);
#5864=LINE('',#188,#5867);
#5865=LINE('',#408,#5868);
#5866=VECTOR('',#5869,1.0);
#5867=VECTOR('',#5870,1.0);
#5868=VECTOR('',#5871,1.0);
#5869=DIRECTION('',(-0.6343953999151397,-0.7730087170055133,0));
#5870=DIRECTION('',(0,0,-1));
#5871=DIRECTION('',(0.02331708843310513,0.028411795886902277,0.9993243133445137));
#5872=FACE_SURFACE('',(#5877),#5873,.T.);
#5873=PLANE('',#5874);
#5874=AXIS2_PLACEMENT_3D('',#408,#5875,#5876);
#5875=DIRECTION('',(0.7730092181654995,-0.6343947892528462,0));
#5876=DIRECTION('',(0.6343947892528462,0.7730092181654996,0));
#5877=FACE_BOUND('',#5878,.T.);
#5878=EDGE_LOOP('',(#5879,#5880,#5881));
#5879=ORIENTED_EDGE('',*,*,#5882,.T.);
#5880=ORIENTED_EDGE('',*,*,#5883,.T.);
#5881=ORIENTED_EDGE('',*,*,#5884,.T.);
#5882=EDGE_CURVE('',#409,#411,#5885,.F.);
#5883=EDGE_CURVE('',#411,#255,#5886,.T.);
#5884=EDGE_CURVE('',#255,#409,#5887,.T.);
#5885=LINE('',#408,#5888);
#5886=LINE('',#410,#5889);
#5887=LINE('',#254,#5890);
#5888=VECTOR('',#5891,1.0);
#5889=VECTOR('',#5892,1.0);
#5890=VECTOR('',#5893,1.0);
#5891=DIRECTION('',(0.6343947892528462,0.7730092181654996,0));
#5892=DIRECTION('',(0,0,1));
#5893=DIRECTION('',(-0.04103843952073222,-0.05000528469979237,-0.9979054654544167));
#5894=FACE_SURFACE('',(#5899),#5895,.T.);
#5895=PLANE('',#5896);
#5896=AXIS2_PLACEMENT_3D('',#190,#5897,#5898);
#5897=DIRECTION('',(0.7730098754067516,-0.6343939884043938,-6.715947808337017E-08));
#5898=DIRECTION('',(-0.02331708843310513,-0.028411795886902277,-0.9993243133445137));
#5899=FACE_BOUND('',#5900,.T.);
#5900=EDGE_LOOP('',(#5901,#5902,#5903));
#5901=ORIENTED_EDGE('',*,*,#5904,.T.);
#5902=ORIENTED_EDGE('',*,*,#5905,.T.);
#5903=ORIENTED_EDGE('',*,*,#5906,.T.);
#5904=EDGE_CURVE('',#191,#409,#5907,.F.);
#5905=EDGE_CURVE('',#409,#255,#5908,.T.);
#5906=EDGE_CURVE('',#255,#191,#5909,.T.);
#5907=LINE('',#190,#5910);
#5908=LINE('',#408,#5911);
#5909=LINE('',#254,#5912);
#5910=VECTOR('',#5913,1.0);
#5911=VECTOR('',#5914,1.0);
#5912=VECTOR('',#5915,1.0);
#5913=DIRECTION('',(-0.02331708843310513,-0.028411795886902277,-0.9993243133445137));
#5914=DIRECTION('',(0.04103843952073222,0.05000528469979237,0.9979054654544167));
#5915=DIRECTION('',(-0.6343939884043952,-0.7730098754067533,0));
#5916=FACE_SURFACE('',(#5921),#5917,.T.);
#5917=PLANE('',#5918);
#5918=AXIS2_PLACEMENT_3D('',#254,#5919,#5920);
#5919=DIRECTION('',(0.634398055434882,-0.7730065376569852,0));
#5920=DIRECTION('',(0,0,-1));
#5921=FACE_BOUND('',#5922,.T.);
#5922=EDGE_LOOP('',(#5923,#5924,#5925));
#5923=ORIENTED_EDGE('',*,*,#5926,.T.);
#5924=ORIENTED_EDGE('',*,*,#5927,.T.);
#5925=ORIENTED_EDGE('',*,*,#5928,.T.);
#5926=EDGE_CURVE('',#255,#411,#5929,.F.);
#5927=EDGE_CURVE('',#411,#413,#5930,.T.);
#5928=EDGE_CURVE('',#413,#255,#5931,.T.);
#5929=LINE('',#254,#5932);
#5930=LINE('',#410,#5933);
#5931=LINE('',#412,#5934);
#5932=VECTOR('',#5935,1.0);
#5933=VECTOR('',#5936,1.0);
#5934=VECTOR('',#5937,1.0);
#5935=DIRECTION('',(0,0,-1));
#5936=DIRECTION('',(0.7730065376569853,0.634398055434882,0));
#5937=DIRECTION('',(-0.05000485492737182,-0.04103844040489196,0.9979054869539632));
#5938=FACE_SURFACE('',(#5943),#5939,.T.);
#5939=PLANE('',#5940);
#5940=AXIS2_PLACEMENT_3D('',#254,#5941,#5942);
#5941=DIRECTION('',(0.634398055434882,-0.7730065376569852,0));
#5942=DIRECTION('',(0.05000485492737182,0.04103844040489196,-0.9979054869539632));
#5943=FACE_BOUND('',#5944,.T.);
#5944=EDGE_LOOP('',(#5945,#5946,#5947));
#5945=ORIENTED_EDGE('',*,*,#5948,.T.);
#5946=ORIENTED_EDGE('',*,*,#5949,.T.);
#5947=ORIENTED_EDGE('',*,*,#5950,.T.);
#5948=EDGE_CURVE('',#255,#413,#5951,.F.);
#5949=EDGE_CURVE('',#413,#263,#5952,.T.);
#5950=EDGE_CURVE('',#263,#255,#5953,.T.);
#5951=LINE('',#254,#5954);
#5952=LINE('',#412,#5955);
#5953=LINE('',#262,#5956);
#5954=VECTOR('',#5957,1.0);
#5955=VECTOR('',#5958,1.0);
#5956=VECTOR('',#5959,1.0);
#5957=DIRECTION('',(0.05000485492737182,0.04103844040489196,-0.9979054869539632));
#5958=DIRECTION('',(0,0,1));
#5959=DIRECTION('',(-0.7730065376569853,-0.634398055434882,0));
#5960=FACE_SURFACE('',(#5965),#5961,.T.);
#5961=PLANE('',#5962);
#5962=AXIS2_PLACEMENT_3D('',#262,#5963,#5964);
#5963=DIRECTION('',(0.4713928124400884,-0.8819233619650992,0));
#5964=DIRECTION('',(0,0,-1));
#5965=FACE_BOUND('',#5966,.T.);
#5966=EDGE_LOOP('',(#5967,#5968,#5969));
#5967=ORIENTED_EDGE('',*,*,#5970,.T.);
#5968=ORIENTED_EDGE('',*,*,#5971,.T.);
#5969=ORIENTED_EDGE('',*,*,#5972,.T.);
#5970=EDGE_CURVE('',#263,#413,#5973,.F.);
#5971=EDGE_CURVE('',#413,#415,#5974,.T.);
#5972=EDGE_CURVE('',#415,#263,#5975,.T.);
#5973=LINE('',#262,#5976);
#5974=LINE('',#412,#5977);
#5975=LINE('',#414,#5978);
#5976=VECTOR('',#5979,1.0);
#5977=VECTOR('',#5980,1.0);
#5978=VECTOR('',#5981,1.0);
#5979=DIRECTION('',(0,0,-1));
#5980=DIRECTION('',(0.8819233619650994,0.47139281244008846,0));
#5981=DIRECTION('',(-0.05705054122977042,-0.03049382320659622,0.9979054877550454));
#5982=FACE_SURFACE('',(#5987),#5983,.T.);
#5983=PLANE('',#5984);
#5984=AXIS2_PLACEMENT_3D('',#262,#5985,#5986);
#5985=DIRECTION('',(0.4713928124400884,-0.8819233619650992,0));
#5986=DIRECTION('',(0.05705054122977042,0.03049382320659622,-0.9979054877550454));
#5987=FACE_BOUND('',#5988,.T.);
#5988=EDGE_LOOP('',(#5989,#5990,#5991));
#5989=ORIENTED_EDGE('',*,*,#5992,.T.);
#5990=ORIENTED_EDGE('',*,*,#5993,.T.);
#5991=ORIENTED_EDGE('',*,*,#5994,.T.);
#5992=EDGE_CURVE('',#263,#415,#5995,.F.);
#5993=EDGE_CURVE('',#415,#265,#5996,.T.);
#5994=EDGE_CURVE('',#265,#263,#5997,.T.);
#5995=LINE('',#262,#5998);
#5996=LINE('',#414,#5999);
#5997=LINE('',#264,#6000);
#5998=VECTOR('',#6001,1.0);
#5999=VECTOR('',#6002,1.0);
#6000=VECTOR('',#6003,1.0);
#6001=DIRECTION('',(0.05705054122977042,0.03049382320659622,-0.9979054877550454));
#6002=DIRECTION('',(0,0,1));
#6003=DIRECTION('',(-0.8819233619650994,-0.47139281244008846,0));
#6004=FACE_SURFACE('',(#6009),#6005,.T.);
#6005=PLANE('',#6006);
#6006=AXIS2_PLACEMENT_3D('',#264,#6007,#6008);
#6007=DIRECTION('',(0.290283184153951,-0.9569407886580252,0));
#6008=DIRECTION('',(0,0,-1));
#6009=FACE_BOUND('',#6010,.T.);
#6010=EDGE_LOOP('',(#6011,#6012,#6013));
#6011=ORIENTED_EDGE('',*,*,#6014,.T.);
#6012=ORIENTED_EDGE('',*,*,#6015,.T.);
#6013=ORIENTED_EDGE('',*,*,#6016,.T.);
#6014=EDGE_CURVE('',#265,#415,#6017,.F.);
#6015=EDGE_CURVE('',#415,#417,#6018,.T.);
#6016=EDGE_CURVE('',#417,#265,#6019,.T.);
#6017=LINE('',#264,#6020);
#6018=LINE('',#414,#6021);
#6019=LINE('',#416,#6022);
#6020=VECTOR('',#6023,1.0);
#6021=VECTOR('',#6024,1.0);
#6022=VECTOR('',#6025,1.0);
#6023=DIRECTION('',(0,0,-1));
#6024=DIRECTION('',(0.9569407886580253,0.29028318415395105,0));
#6025=DIRECTION('',(-0.061903631738518955,-0.01877815591594823,0.9979054670849229));
#6026=FACE_SURFACE('',(#6031),#6027,.T.);
#6027=PLANE('',#6028);
#6028=AXIS2_PLACEMENT_3D('',#264,#6029,#6030);
#6029=DIRECTION('',(0.290283184153951,-0.9569407886580252,0));
#6030=DIRECTION('',(0.061903631738518955,0.01877815591594823,-0.9979054670849229));
#6031=FACE_BOUND('',#6032,.T.);
#6032=EDGE_LOOP('',(#6033,#6034,#6035));
#6033=ORIENTED_EDGE('',*,*,#6036,.T.);
#6034=ORIENTED_EDGE('',*,*,#6037,.T.);
#6035=ORIENTED_EDGE('',*,*,#6038,.T.);
#6036=EDGE_CURVE('',#265,#417,#6039,.F.);
#6037=EDGE_CURVE('',#417,#269,#6040,.T.);
#6038=EDGE_CURVE('',#269,#265,#6041,.T.);
#6039=LINE('',#264,#6042);
#6040=LINE('',#416,#6043);
#6041=LINE('',#268,#6044);
#6042=VECTOR('',#6045,1.0);
#6043=VECTOR('',#6046,1.0);
#6044=VECTOR('',#6047,1.0);
#6045=DIRECTION('',(0.061903631738518955,0.01877815591594823,-0.9979054670849229));
#6046=DIRECTION('',(0,0,1));
#6047=DIRECTION('',(-0.9569407886580253,-0.29028318415395105,0));
#6048=FACE_SURFACE('',(#6053),#6049,.T.);
#6049=PLANE('',#6050);
#6050=AXIS2_PLACEMENT_3D('',#268,#6051,#6052);
#6051=DIRECTION('',(0.09801987457565724,-0.9951844573686691,0));
#6052=DIRECTION('',(0,0,-1));
#6053=FACE_BOUND('',#6054,.T.);
#6054=EDGE_LOOP('',(#6055,#6056,#6057));
#6055=ORIENTED_EDGE('',*,*,#6058,.T.);
#6056=ORIENTED_EDGE('',*,*,#6059,.T.);
#6057=ORIENTED_EDGE('',*,*,#6060,.T.);
#6058=EDGE_CURVE('',#269,#417,#6061,.F.);
#6059=EDGE_CURVE('',#417,#355,#6062,.T.);
#6060=EDGE_CURVE('',#355,#269,#6063,.T.);
#6061=LINE('',#268,#6064);
#6062=LINE('',#416,#6065);
#6063=LINE('',#354,#6066);
#6064=VECTOR('',#6067,1.0);
#6065=VECTOR('',#6068,1.0);
#6066=VECTOR('',#6069,1.0);
#6067=DIRECTION('',(0,0,-1));
#6068=DIRECTION('',(0.9951844573686692,0.09801987457565724,0));
#6069=DIRECTION('',(-0.06437757109464262,-0.006340815913531358,0.9979054676638989));
#6070=FACE_SURFACE('',(#6075),#6071,.T.);
#6071=PLANE('',#6072);
#6072=AXIS2_PLACEMENT_3D('',#268,#6073,#6074);
#6073=DIRECTION('',(0.09801987457565724,-0.9951844573686691,0));
#6074=DIRECTION('',(0.06437757109464262,0.006340815913531358,-0.9979054676638989));
#6075=FACE_BOUND('',#6076,.T.);
#6076=EDGE_LOOP('',(#6077,#6078,#6079));
#6077=ORIENTED_EDGE('',*,*,#6080,.T.);
#6078=ORIENTED_EDGE('',*,*,#6081,.T.);
#6079=ORIENTED_EDGE('',*,*,#6082,.T.);
#6080=EDGE_CURVE('',#269,#355,#6083,.F.);
#6081=EDGE_CURVE('',#355,#253,#6084,.T.);
#6082=EDGE_CURVE('',#253,#269,#6085,.T.);
#6083=LINE('',#268,#6086);
#6084=LINE('',#354,#6087);
#6085=LINE('',#252,#6088);
#6086=VECTOR('',#6089,1.0);
#6087=VECTOR('',#6090,1.0);
#6088=VECTOR('',#6091,1.0);
#6089=DIRECTION('',(0.06437757109464262,0.006340815913531358,-0.9979054676638989));
#6090=DIRECTION('',(0,0,1));
#6091=DIRECTION('',(-0.9951844573686692,-0.09801987457565724,0));
#6092=FACE_SURFACE('',(#6097),#6093,.T.);
#6093=PLANE('',#6094);
#6094=AXIS2_PLACEMENT_3D('',#372,#6095,#6096);
#6095=DIRECTION('',(0,0,1));
#6096=DIRECTION('',(0.0980132782445506,0.9951851070468029,0));
#6097=FACE_BOUND('',#6098,.T.);
#6098=EDGE_LOOP('',(#6099,#6100,#6101));
#6099=ORIENTED_EDGE('',*,*,#6102,.T.);
#6100=ORIENTED_EDGE('',*,*,#6103,.T.);
#6101=ORIENTED_EDGE('',*,*,#6104,.T.);
#6102=EDGE_CURVE('',#373,#371,#6105,.F.);
#6103=EDGE_CURVE('',#371,#369,#6106,.T.);
#6104=EDGE_CURVE('',#369,#373,#6107,.T.);
#6105=LINE('',#372,#6108);
#6106=LINE('',#370,#6109);
#6107=LINE('',#368,#6110);
#6108=VECTOR('',#6111,1.0);
#6109=VECTOR('',#6112,1.0);
#6110=VECTOR('',#6113,1.0);
#6111=DIRECTION('',(0.0980132782445506,0.9951851070468029,0));
#6112=DIRECTION('',(-0.0980132782445506,0.9951851070468029,0));
#6113=DIRECTION('',(0,-1,0));
#6114=FACE_SURFACE('',(#6119),#6115,.T.);
#6115=PLANE('',#6116);
#6116=AXIS2_PLACEMENT_3D('',#368,#6117,#6118);
#6117=DIRECTION('',(0,0,1));
#6118=DIRECTION('',(-0.29028503429303487,0.9569402274256693,0));
#6119=FACE_BOUND('',#6120,.T.);
#6120=EDGE_LOOP('',(#6121,#6122,#6123));
#6121=ORIENTED_EDGE('',*,*,#6124,.T.);
#6122=ORIENTED_EDGE('',*,*,#6125,.T.);
#6123=ORIENTED_EDGE('',*,*,#6126,.T.);
#6124=EDGE_CURVE('',#369,#367,#6127,.F.);
#6125=EDGE_CURVE('',#367,#365,#6128,.T.);
#6126=EDGE_CURVE('',#365,#369,#6129,.T.);
#6127=LINE('',#368,#6130);
#6128=LINE('',#366,#6131);
#6129=LINE('',#364,#6132);
#6130=VECTOR('',#6133,1.0);
#6131=VECTOR('',#6134,1.0);
#6132=VECTOR('',#6135,1.0);
#6133=DIRECTION('',(-0.29028503429303487,0.9569402274256693,0));
#6134=DIRECTION('',(-0.47139799276012556,0.881920593036428,0));
#6135=DIRECTION('',(0.38268447017942475,-0.9238791026338311,0));
#6136=FACE_SURFACE('',(#6141),#6137,.T.);
#6137=PLANE('',#6138);
#6138=AXIS2_PLACEMENT_3D('',#364,#6139,#6140);
#6139=DIRECTION('',(0,0,1));
#6140=DIRECTION('',(-0.6343947892528462,0.7730092181654996,0));
#6141=FACE_BOUND('',#6142,.T.);
#6142=EDGE_LOOP('',(#6143,#6144,#6145));
#6143=ORIENTED_EDGE('',*,*,#6146,.T.);
#6144=ORIENTED_EDGE('',*,*,#6147,.T.);
#6145=ORIENTED_EDGE('',*,*,#6148,.T.);
#6146=EDGE_CURVE('',#365,#363,#6149,.F.);
#6147=EDGE_CURVE('',#363,#361,#6150,.T.);
#6148=EDGE_CURVE('',#361,#365,#6151,.T.);
#6149=LINE('',#364,#6152);
#6150=LINE('',#362,#6153);
#6151=LINE('',#360,#6154);
#6152=VECTOR('',#6155,1.0);
#6153=VECTOR('',#6156,1.0);
#6154=VECTOR('',#6157,1.0);
#6155=DIRECTION('',(-0.6343947892528462,0.7730092181654996,0));
#6156=DIRECTION('',(-0.7730065376569853,0.634398055434882,0));
#6157=DIRECTION('',(0.7071051080461417,-0.7071084543229945,0));
#6158=FACE_SURFACE('',(#6163),#6159,.T.);
#6159=PLANE('',#6160);
#6160=AXIS2_PLACEMENT_3D('',#360,#6161,#6162);
#6161=DIRECTION('',(0,0,1));
#6162=DIRECTION('',(-0.8819233619650994,0.47139281244008846,0));
#6163=FACE_BOUND('',#6164,.T.);
#6164=EDGE_LOOP('',(#6165,#6166,#6167));
#6165=ORIENTED_EDGE('',*,*,#6168,.T.);
#6166=ORIENTED_EDGE('',*,*,#6169,.T.);
#6167=ORIENTED_EDGE('',*,*,#6170,.T.);
#6168=EDGE_CURVE('',#361,#359,#6171,.F.);
#6169=EDGE_CURVE('',#359,#357,#6172,.T.);
#6170=EDGE_CURVE('',#357,#361,#6173,.T.);
#6171=LINE('',#360,#6174);
#6172=LINE('',#358,#6175);
#6173=LINE('',#356,#6176);
#6174=VECTOR('',#6177,1.0);
#6175=VECTOR('',#6178,1.0);
#6176=VECTOR('',#6179,1.0);
#6177=DIRECTION('',(-0.8819233619650994,0.47139281244008846,0));
#6178=DIRECTION('',(-0.9569407886580253,0.29028318415395105,0));
#6179=DIRECTION('',(0.9238807757696612,-0.38268043086007003,0));
#6180=FACE_SURFACE('',(#6185),#6181,.T.);
#6181=PLANE('',#6182);
#6182=AXIS2_PLACEMENT_3D('',#356,#6183,#6184);
#6183=DIRECTION('',(0,0,1));
#6184=DIRECTION('',(-0.9951845213596577,0.09801922488037212,0));
#6185=FACE_BOUND('',#6186,.T.);
#6186=EDGE_LOOP('',(#6187,#6188,#6189));
#6187=ORIENTED_EDGE('',*,*,#6190,.T.);
#6188=ORIENTED_EDGE('',*,*,#6191,.T.);
#6189=ORIENTED_EDGE('',*,*,#6192,.T.);
#6190=EDGE_CURVE('',#357,#355,#6193,.F.);
#6191=EDGE_CURVE('',#355,#417,#6194,.T.);
#6192=EDGE_CURVE('',#417,#357,#6195,.T.);
#6193=LINE('',#356,#6196);
#6194=LINE('',#354,#6197);
#6195=LINE('',#416,#6198);
#6196=VECTOR('',#6199,1.0);
#6197=VECTOR('',#6200,1.0);
#6198=VECTOR('',#6201,1.0);
#6199=DIRECTION('',(-0.9951845213596577,0.09801922488037212,0));
#6200=DIRECTION('',(-0.9951844573686692,-0.09801987457565724,0));
#6201=DIRECTION('',(1,0,0));
#6202=FACE_SURFACE('',(#6207),#6203,.T.);
#6203=PLANE('',#6204);
#6204=AXIS2_PLACEMENT_3D('',#416,#6205,#6206);
#6205=DIRECTION('',(0,0,1));
#6206=DIRECTION('',(-0.9569407886580253,-0.29028318415395105,0));
#6207=FACE_BOUND('',#6208,.T.);
#6208=EDGE_LOOP('',(#6209,#6210,#6211));
#6209=ORIENTED_EDGE('',*,*,#6212,.T.);
#6210=ORIENTED_EDGE('',*,*,#6213,.T.);
#6211=ORIENTED_EDGE('',*,*,#6214,.T.);
#6212=EDGE_CURVE('',#417,#415,#6215,.F.);
#6213=EDGE_CURVE('',#415,#413,#6216,.T.);
#6214=EDGE_CURVE('',#413,#417,#6217,.T.);
#6215=LINE('',#416,#6218);
#6216=LINE('',#414,#6219);
#6217=LINE('',#412,#6220);
#6218=VECTOR('',#6221,1.0);
#6219=VECTOR('',#6222,1.0);
#6220=VECTOR('',#6223,1.0);
#6221=DIRECTION('',(-0.9569407886580253,-0.29028318415395105,0));
#6222=DIRECTION('',(-0.8819233619650994,-0.47139281244008846,0));
#6223=DIRECTION('',(0.9238807757696612,0.38268043086007003,0));
#6224=FACE_SURFACE('',(#6229),#6225,.T.);
#6225=PLANE('',#6226);
#6226=AXIS2_PLACEMENT_3D('',#412,#6227,#6228);
#6227=DIRECTION('',(0,0,1));
#6228=DIRECTION('',(-0.7730065376569853,-0.634398055434882,0));
#6229=FACE_BOUND('',#6230,.T.);
#6230=EDGE_LOOP('',(#6231,#6232,#6233));
#6231=ORIENTED_EDGE('',*,*,#6234,.T.);
#6232=ORIENTED_EDGE('',*,*,#6235,.T.);
#6233=ORIENTED_EDGE('',*,*,#6236,.T.);
#6234=EDGE_CURVE('',#413,#411,#6237,.F.);
#6235=EDGE_CURVE('',#411,#409,#6238,.T.);
#6236=EDGE_CURVE('',#409,#413,#6239,.T.);
#6237=LINE('',#412,#6240);
#6238=LINE('',#410,#6241);
#6239=LINE('',#408,#6242);
#6240=VECTOR('',#6243,1.0);
#6241=VECTOR('',#6244,1.0);
#6242=VECTOR('',#6245,1.0);
#6243=DIRECTION('',(-0.7730065376569853,-0.634398055434882,0));
#6244=DIRECTION('',(-0.6343947892528462,-0.7730092181654996,0));
#6245=DIRECTION('',(0.7071051080461417,0.7071084543229945,0));
#6246=FACE_SURFACE('',(#6251),#6247,.T.);
#6247=PLANE('',#6248);
#6248=AXIS2_PLACEMENT_3D('',#408,#6249,#6250);
#6249=DIRECTION('',(0,0,1));
#6250=DIRECTION('',(-0.47139799276012556,-0.881920593036428,0));
#6251=FACE_BOUND('',#6252,.T.);
#6252=EDGE_LOOP('',(#6253,#6254,#6255));
#6253=ORIENTED_EDGE('',*,*,#6256,.T.);
#6254=ORIENTED_EDGE('',*,*,#6257,.T.);
#6255=ORIENTED_EDGE('',*,*,#6258,.T.);
#6256=EDGE_CURVE('',#409,#407,#6259,.F.);
#6257=EDGE_CURVE('',#407,#405,#6260,.T.);
#6258=EDGE_CURVE('',#405,#409,#6261,.T.);
#6259=LINE('',#408,#6262);
#6260=LINE('',#406,#6263);
#6261=LINE('',#404,#6264);
#6262=VECTOR('',#6265,1.0);
#6263=VECTOR('',#6266,1.0);
#6264=VECTOR('',#6267,1.0);
#6265=DIRECTION('',(-0.47139799276012556,-0.881920593036428,0));
#6266=DIRECTION('',(-0.29028503429303487,-0.9569402274256693,0));
#6267=DIRECTION('',(0.38268447017942475,0.9238791026338311,0));
#6268=FACE_SURFACE('',(#6273),#6269,.T.);
#6269=PLANE('',#6270);
#6270=AXIS2_PLACEMENT_3D('',#404,#6271,#6272);
#6271=DIRECTION('',(0,0,1));
#6272=DIRECTION('',(-0.0980132782445506,-0.9951851070468029,0));
#6273=FACE_BOUND('',#6274,.T.);
#6274=EDGE_LOOP('',(#6275,#6276,#6277));
#6275=ORIENTED_EDGE('',*,*,#6278,.T.);
#6276=ORIENTED_EDGE('',*,*,#6279,.T.);
#6277=ORIENTED_EDGE('',*,*,#6280,.T.);
#6278=EDGE_CURVE('',#405,#403,#6281,.F.);
#6279=EDGE_CURVE('',#403,#401,#6282,.T.);
#6280=EDGE_CURVE('',#401,#405,#6283,.T.);
#6281=LINE('',#404,#6284);
#6282=LINE('',#402,#6285);
#6283=LINE('',#400,#6286);
#6284=VECTOR('',#6287,1.0);
#6285=VECTOR('',#6288,1.0);
#6286=VECTOR('',#6289,1.0);
#6287=DIRECTION('',(-0.0980132782445506,-0.9951851070468029,0));
#6288=DIRECTION('',(0.0980132782445506,-0.9951851070468029,0));
#6289=DIRECTION('',(0,1,0));
#6290=FACE_SURFACE('',(#6295),#6291,.T.);
#6291=PLANE('',#6292);
#6292=AXIS2_PLACEMENT_3D('',#400,#6293,#6294);
#6293=DIRECTION('',(0,0,1));
#6294=DIRECTION('',(0.2902813340373658,-0.9569413498796503,0));
#6295=FACE_BOUND('',#6296,.T.);
#6296=EDGE_LOOP('',(#6297,#6298,#6299));
#6297=ORIENTED_EDGE('',*,*,#6300,.T.);
#6298=ORIENTED_EDGE('',*,*,#6301,.T.);
#6299=ORIENTED_EDGE('',*,*,#6302,.T.);
#6300=EDGE_CURVE('',#401,#399,#6303,.F.);
#6301=EDGE_CURVE('',#399,#397,#6304,.T.);
#6302=EDGE_CURVE('',#397,#401,#6305,.T.);
#6303=LINE('',#400,#6306);
#6304=LINE('',#398,#6307);
#6305=LINE('',#396,#6308);
#6306=VECTOR('',#6309,1.0);
#6307=VECTOR('',#6310,1.0);
#6308=VECTOR('',#6311,1.0);
#6309=DIRECTION('',(0.2902813340373658,-0.9569413498796503,0));
#6310=DIRECTION('',(0.47139799276012556,-0.881920593036428,0));
#6311=DIRECTION('',(-0.38268210400684627,0.9238800827341682,0));
#6312=FACE_SURFACE('',(#6317),#6313,.T.);
#6313=PLANE('',#6314);
#6314=AXIS2_PLACEMENT_3D('',#396,#6315,#6316);
#6315=DIRECTION('',(0,0,1));
#6316=DIRECTION('',(0.634398055434882,-0.7730065376569853,0));
#6317=FACE_BOUND('',#6318,.T.);
#6318=EDGE_LOOP('',(#6319,#6320,#6321));
#6319=ORIENTED_EDGE('',*,*,#6322,.T.);
#6320=ORIENTED_EDGE('',*,*,#6323,.T.);
#6321=ORIENTED_EDGE('',*,*,#6324,.T.);
#6322=EDGE_CURVE('',#397,#395,#6325,.F.);
#6323=EDGE_CURVE('',#395,#393,#6326,.T.);
#6324=EDGE_CURVE('',#393,#397,#6327,.T.);
#6325=LINE('',#396,#6328);
#6326=LINE('',#394,#6329);
#6327=LINE('',#392,#6330);
#6328=VECTOR('',#6331,1.0);
#6329=VECTOR('',#6332,1.0);
#6330=VECTOR('',#6333,1.0);
#6331=DIRECTION('',(0.634398055434882,-0.7730065376569853,0));
#6332=DIRECTION('',(0.7730065376569853,-0.634398055434882,0));
#6333=DIRECTION('',(-0.7071067811865476,0.7071067811865476,0));
#6334=FACE_SURFACE('',(#6339),#6335,.T.);
#6335=PLANE('',#6336);
#6336=AXIS2_PLACEMENT_3D('',#392,#6337,#6338);
#6337=DIRECTION('',(0,0,1));
#6338=DIRECTION('',(0.881920593036428,-0.47139799276012556,0));
#6339=FACE_BOUND('',#6340,.T.);
#6340=EDGE_LOOP('',(#6341,#6342,#6343));
#6341=ORIENTED_EDGE('',*,*,#6344,.T.);
#6342=ORIENTED_EDGE('',*,*,#6345,.T.);
#6343=ORIENTED_EDGE('',*,*,#6346,.T.);
#6344=EDGE_CURVE('',#393,#391,#6347,.F.);
#6345=EDGE_CURVE('',#391,#389,#6348,.T.);
#6346=EDGE_CURVE('',#389,#393,#6349,.T.);
#6347=LINE('',#392,#6350);
#6348=LINE('',#390,#6351);
#6349=LINE('',#388,#6352);
#6350=VECTOR('',#6353,1.0);
#6351=VECTOR('',#6354,1.0);
#6352=VECTOR('',#6355,1.0);
#6353=DIRECTION('',(0.881920593036428,-0.47139799276012556,0));
#6354=DIRECTION('',(0.9569407886580253,-0.29028318415395105,0));
#6355=DIRECTION('',(-0.9238795926862721,0.38268328708979166,0));
#6356=FACE_SURFACE('',(#6361),#6357,.T.);
#6357=PLANE('',#6358);
#6358=AXIS2_PLACEMENT_3D('',#388,#6359,#6360);
#6359=DIRECTION('',(-0,0,1));
#6360=DIRECTION('',(0.9951844573686692,-0.09801987457565724,0));
#6361=FACE_BOUND('',#6362,.T.);
#6362=EDGE_LOOP('',(#6363,#6364,#6365));
#6363=ORIENTED_EDGE('',*,*,#6366,.T.);
#6364=ORIENTED_EDGE('',*,*,#6367,.T.);
#6365=ORIENTED_EDGE('',*,*,#6368,.T.);
#6366=EDGE_CURVE('',#389,#387,#6369,.F.);
#6367=EDGE_CURVE('',#387,#385,#6370,.T.);
#6368=EDGE_CURVE('',#385,#389,#6371,.T.);
#6369=LINE('',#388,#6372);
#6370=LINE('',#386,#6373);
#6371=LINE('',#384,#6374);
#6372=VECTOR('',#6375,1.0);
#6373=VECTOR('',#6376,1.0);
#6374=VECTOR('',#6377,1.0);
#6375=DIRECTION('',(0.9951844573686692,-0.09801987457565724,0));
#6376=DIRECTION('',(0.9951845213596577,0.09801922488037212,0));
#6377=DIRECTION('',(-1,0,0));
#6378=FACE_SURFACE('',(#6383),#6379,.T.);
#6379=PLANE('',#6380);
#6380=AXIS2_PLACEMENT_3D('',#384,#6381,#6382);
#6381=DIRECTION('',(0,0,1));
#6382=DIRECTION('',(0.9569407886580253,0.29028318415395105,0));
#6383=FACE_BOUND('',#6384,.T.);
#6384=EDGE_LOOP('',(#6385,#6386,#6387));
#6385=ORIENTED_EDGE('',*,*,#6388,.T.);
#6386=ORIENTED_EDGE('',*,*,#6389,.T.);
#6387=ORIENTED_EDGE('',*,*,#6390,.T.);
#6388=EDGE_CURVE('',#385,#383,#6391,.F.);
#6389=EDGE_CURVE('',#383,#381,#6392,.T.);
#6390=EDGE_CURVE('',#381,#385,#6393,.T.);
#6391=LINE('',#384,#6394);
#6392=LINE('',#382,#6395);
#6393=LINE('',#380,#6396);
#6394=VECTOR('',#6397,1.0);
#6395=VECTOR('',#6398,1.0);
#6396=VECTOR('',#6399,1.0);
#6397=DIRECTION('',(0.9569407886580253,0.29028318415395105,0));
#6398=DIRECTION('',(0.881920593036428,0.47139799276012556,0));
#6399=DIRECTION('',(-0.9238795926862721,-0.38268328708979166,0));
#6400=FACE_SURFACE('',(#6405),#6401,.T.);
#6401=PLANE('',#6402);
#6402=AXIS2_PLACEMENT_3D('',#380,#6403,#6404);
#6403=DIRECTION('',(0,0,1));
#6404=DIRECTION('',(0.7730065376569853,0.634398055434882,0));
#6405=FACE_BOUND('',#6406,.T.);
#6406=EDGE_LOOP('',(#6407,#6408,#6409));
#6407=ORIENTED_EDGE('',*,*,#6410,.T.);
#6408=ORIENTED_EDGE('',*,*,#6411,.T.);
#6409=ORIENTED_EDGE('',*,*,#6412,.T.);
#6410=EDGE_CURVE('',#381,#379,#6413,.F.);
#6411=EDGE_CURVE('',#379,#377,#6414,.T.);
#6412=EDGE_CURVE('',#377,#381,#6415,.T.);
#6413=LINE('',#380,#6416);
#6414=LINE('',#378,#6417);
#6415=LINE('',#376,#6418);
#6416=VECTOR('',#6419,1.0);
#6417=VECTOR('',#6420,1.0);
#6418=VECTOR('',#6421,1.0);
#6419=DIRECTION('',(0.7730065376569853,0.634398055434882,0));
#6420=DIRECTION('',(0.634398055434882,0.7730065376569853,0));
#6421=DIRECTION('',(-0.7071067811865476,-0.7071067811865476,0));
#6422=FACE_SURFACE('',(#6427),#6423,.T.);
#6423=PLANE('',#6424);
#6424=AXIS2_PLACEMENT_3D('',#376,#6425,#6426);
#6425=DIRECTION('',(0,0,1));
#6426=DIRECTION('',(0.47139799276012556,0.881920593036428,0));
#6427=FACE_BOUND('',#6428,.T.);
#6428=EDGE_LOOP('',(#6429,#6430,#6431));
#6429=ORIENTED_EDGE('',*,*,#6432,.T.);
#6430=ORIENTED_EDGE('',*,*,#6433,.T.);
#6431=ORIENTED_EDGE('',*,*,#6434,.T.);
#6432=EDGE_CURVE('',#377,#375,#6435,.F.);
#6433=EDGE_CURVE('',#375,#373,#6436,.T.);
#6434=EDGE_CURVE('',#373,#377,#6437,.T.);
#6435=LINE('',#376,#6438);
#6436=LINE('',#374,#6439);
#6437=LINE('',#372,#6440);
#6438=VECTOR('',#6441,1.0);
#6439=VECTOR('',#6442,1.0);
#6440=VECTOR('',#6443,1.0);
#6441=DIRECTION('',(0.47139799276012556,0.881920593036428,0));
#6442=DIRECTION('',(0.2902813340373658,0.9569413498796503,0));
#6443=DIRECTION('',(-0.38268210400684627,-0.9238800827341682,0));
#6444=FACE_SURFACE('',(#6449),#6445,.T.);
#6445=PLANE('',#6446);
#6446=AXIS2_PLACEMENT_3D('',#372,#6447,#6448);
#6447=DIRECTION('',(0,-0,1));
#6448=DIRECTION('',(0,1,0));
#6449=FACE_BOUND('',#6450,.T.);
#6450=EDGE_LOOP('',(#6451,#6452,#6453));
#6451=ORIENTED_EDGE('',*,*,#6454,.T.);
#6452=ORIENTED_EDGE('',*,*,#6455,.T.);
#6453=ORIENTED_EDGE('',*,*,#6456,.T.);
#6454=EDGE_CURVE('',#373,#369,#6457,.F.);
#6455=EDGE_CURVE('',#369,#365,#6458,.T.);
#6456=EDGE_CURVE('',#365,#373,#6459,.T.);
#6457=LINE('',#372,#6460);
#6458=LINE('',#368,#6461);
#6459=LINE('',#364,#6462);
#6460=VECTOR('',#6463,1.0);
#6461=VECTOR('',#6464,1.0);
#6462=VECTOR('',#6465,1.0);
#6463=DIRECTION('',(0,1,0));
#6464=DIRECTION('',(-0.38268447017942475,0.9238791026338311,0));
#6465=DIRECTION('',(0.19509050861323338,-0.9807852432867401,0));
#6466=FACE_SURFACE('',(#6471),#6467,.T.);
#6467=PLANE('',#6468);
#6468=AXIS2_PLACEMENT_3D('',#364,#6469,#6470);
#6469=DIRECTION('',(0,0,1));
#6470=DIRECTION('',(-0.7071051080461417,0.7071084543229945,0));
#6471=FACE_BOUND('',#6472,.T.);
#6472=EDGE_LOOP('',(#6473,#6474,#6475));
#6473=ORIENTED_EDGE('',*,*,#6476,.T.);
#6474=ORIENTED_EDGE('',*,*,#6477,.T.);
#6475=ORIENTED_EDGE('',*,*,#6478,.T.);
#6476=EDGE_CURVE('',#365,#361,#6479,.F.);
#6477=EDGE_CURVE('',#361,#357,#6480,.T.);
#6478=EDGE_CURVE('',#357,#365,#6481,.T.);
#6479=LINE('',#364,#6482);
#6480=LINE('',#360,#6483);
#6481=LINE('',#356,#6484);
#6482=VECTOR('',#6485,1.0);
#6483=VECTOR('',#6486,1.0);
#6484=VECTOR('',#6487,1.0);
#6485=DIRECTION('',(-0.7071051080461417,0.7071084543229945,0));
#6486=DIRECTION('',(-0.9238807757696612,0.38268043086007003,0));
#6487=DIRECTION('',(0.8314698271654363,-0.5555699114544268,0));
#6488=FACE_SURFACE('',(#6493),#6489,.T.);
#6489=PLANE('',#6490);
#6490=AXIS2_PLACEMENT_3D('',#356,#6491,#6492);
#6491=DIRECTION('',(0,0,1));
#6492=DIRECTION('',(-1,0,0));
#6493=FACE_BOUND('',#6494,.T.);
#6494=EDGE_LOOP('',(#6495,#6496,#6497));
#6495=ORIENTED_EDGE('',*,*,#6498,.T.);
#6496=ORIENTED_EDGE('',*,*,#6499,.T.);
#6497=ORIENTED_EDGE('',*,*,#6500,.T.);
#6498=EDGE_CURVE('',#357,#417,#6501,.F.);
#6499=EDGE_CURVE('',#417,#413,#6502,.T.);
#6500=EDGE_CURVE('',#413,#357,#6503,.T.);
#6501=LINE('',#356,#6504);
#6502=LINE('',#416,#6505);
#6503=LINE('',#412,#6506);
#6504=VECTOR('',#6507,1.0);
#6505=VECTOR('',#6508,1.0);
#6506=VECTOR('',#6509,1.0);
#6507=DIRECTION('',(-1,0,0));
#6508=DIRECTION('',(-0.9238807757696612,-0.38268043086007003,0));
#6509=DIRECTION('',(0.9807856995518318,0.19508821480198124,0));
#6510=FACE_SURFACE('',(#6515),#6511,.T.);
#6511=PLANE('',#6512);
#6512=AXIS2_PLACEMENT_3D('',#412,#6513,#6514);
#6513=DIRECTION('',(0,0,1));
#6514=DIRECTION('',(-0.7071051080461417,-0.7071084543229945,0));
#6515=FACE_BOUND('',#6516,.T.);
#6516=EDGE_LOOP('',(#6517,#6518,#6519));
#6517=ORIENTED_EDGE('',*,*,#6520,.T.);
#6518=ORIENTED_EDGE('',*,*,#6521,.T.);
#6519=ORIENTED_EDGE('',*,*,#6522,.T.);
#6520=EDGE_CURVE('',#413,#409,#6523,.F.);
#6521=EDGE_CURVE('',#409,#405,#6524,.T.);
#6522=EDGE_CURVE('',#405,#413,#6525,.T.);
#6523=LINE('',#412,#6526);
#6524=LINE('',#408,#6527);
#6525=LINE('',#404,#6528);
#6526=VECTOR('',#6529,1.0);
#6527=VECTOR('',#6530,1.0);
#6528=VECTOR('',#6531,1.0);
#6529=DIRECTION('',(-0.7071051080461417,-0.7071084543229945,0));
#6530=DIRECTION('',(-0.38268447017942475,-0.9238791026338311,0));
#6531=DIRECTION('',(0.5555699114544268,0.8314698271654363,0));
#6532=FACE_SURFACE('',(#6537),#6533,.T.);
#6533=PLANE('',#6534);
#6534=AXIS2_PLACEMENT_3D('',#404,#6535,#6536);
#6535=DIRECTION('',(0,0,1));
#6536=DIRECTION('',(0,-1,0));
#6537=FACE_BOUND('',#6538,.T.);
#6538=EDGE_LOOP('',(#6539,#6540,#6541));
#6539=ORIENTED_EDGE('',*,*,#6542,.T.);
#6540=ORIENTED_EDGE('',*,*,#6543,.T.);
#6541=ORIENTED_EDGE('',*,*,#6544,.T.);
#6542=EDGE_CURVE('',#405,#401,#6545,.F.);
#6543=EDGE_CURVE('',#401,#397,#6546,.T.);
#6544=EDGE_CURVE('',#397,#405,#6547,.T.);
#6545=LINE('',#404,#6548);
#6546=LINE('',#400,#6549);
#6547=LINE('',#396,#6550);
#6548=VECTOR('',#6551,1.0);
#6549=VECTOR('',#6552,1.0);
#6550=VECTOR('',#6553,1.0);
#6551=DIRECTION('',(0,-1,0));
#6552=DIRECTION('',(0.38268210400684627,-0.9238800827341682,0));
#6553=DIRECTION('',(-0.19508985578815177,0.9807853731416257,0));
#6554=FACE_SURFACE('',(#6559),#6555,.T.);
#6555=PLANE('',#6556);
#6556=AXIS2_PLACEMENT_3D('',#396,#6557,#6558);
#6557=DIRECTION('',(0,0,1));
#6558=DIRECTION('',(0.7071067811865476,-0.7071067811865476,0));
#6559=FACE_BOUND('',#6560,.T.);
#6560=EDGE_LOOP('',(#6561,#6562,#6563));
#6561=ORIENTED_EDGE('',*,*,#6564,.T.);
#6562=ORIENTED_EDGE('',*,*,#6565,.T.);
#6563=ORIENTED_EDGE('',*,*,#6566,.T.);
#6564=EDGE_CURVE('',#397,#393,#6567,.F.);
#6565=EDGE_CURVE('',#393,#389,#6568,.T.);
#6566=EDGE_CURVE('',#389,#397,#6569,.T.);
#6567=LINE('',#396,#6570);
#6568=LINE('',#392,#6571);
#6569=LINE('',#388,#6572);
#6570=VECTOR('',#6573,1.0);
#6571=VECTOR('',#6574,1.0);
#6572=VECTOR('',#6575,1.0);
#6573=DIRECTION('',(0.7071067811865476,-0.7071067811865476,0));
#6574=DIRECTION('',(0.9238795926862721,-0.38268328708979166,0));
#6575=DIRECTION('',(-0.8314698271654363,0.5555699114544268,0));
#6576=FACE_SURFACE('',(#6581),#6577,.T.);
#6577=PLANE('',#6578);
#6578=AXIS2_PLACEMENT_3D('',#388,#6579,#6580);
#6579=DIRECTION('',(0,0,1));
#6580=DIRECTION('',(1,0,0));
#6581=FACE_BOUND('',#6582,.T.);
#6582=EDGE_LOOP('',(#6583,#6584,#6585));
#6583=ORIENTED_EDGE('',*,*,#6586,.T.);
#6584=ORIENTED_EDGE('',*,*,#6587,.T.);
#6585=ORIENTED_EDGE('',*,*,#6588,.T.);
#6586=EDGE_CURVE('',#389,#385,#6589,.F.);
#6587=EDGE_CURVE('',#385,#381,#6590,.T.);
#6588=EDGE_CURVE('',#381,#389,#6591,.T.);
#6589=LINE('',#388,#6592);
#6590=LINE('',#384,#6593);
#6591=LINE('',#380,#6594);
#6592=VECTOR('',#6595,1.0);
#6593=VECTOR('',#6596,1.0);
#6594=VECTOR('',#6597,1.0);
#6595=DIRECTION('',(1,0,0));
#6596=DIRECTION('',(0.9238795926862721,0.38268328708979166,0));
#6597=DIRECTION('',(-0.9807853731416257,-0.19508985578815177,0));
#6598=FACE_SURFACE('',(#6603),#6599,.T.);
#6599=PLANE('',#6600);
#6600=AXIS2_PLACEMENT_3D('',#380,#6601,#6602);
#6601=DIRECTION('',(0,0,1));
#6602=DIRECTION('',(0.7071067811865476,0.7071067811865476,0));
#6603=FACE_BOUND('',#6604,.T.);
#6604=EDGE_LOOP('',(#6605,#6606,#6607));
#6605=ORIENTED_EDGE('',*,*,#6608,.T.);
#6606=ORIENTED_EDGE('',*,*,#6609,.T.);
#6607=ORIENTED_EDGE('',*,*,#6610,.T.);
#6608=EDGE_CURVE('',#381,#377,#6611,.F.);
#6609=EDGE_CURVE('',#377,#373,#6612,.T.);
#6610=EDGE_CURVE('',#373,#381,#6613,.T.);
#6611=LINE('',#380,#6614);
#6612=LINE('',#376,#6615);
#6613=LINE('',#372,#6616);
#6614=VECTOR('',#6617,1.0);
#6615=VECTOR('',#6618,1.0);
#6616=VECTOR('',#6619,1.0);
#6617=DIRECTION('',(0.7071067811865476,0.7071067811865476,0));
#6618=DIRECTION('',(0.38268210400684627,0.9238800827341682,0));
#6619=DIRECTION('',(-0.5555691234239235,-0.8314703537096036,0));
#6620=FACE_SURFACE('',(#6625),#6621,.T.);
#6621=PLANE('',#6622);
#6622=AXIS2_PLACEMENT_3D('',#372,#6623,#6624);
#6623=DIRECTION('',(0,0,1));
#6624=DIRECTION('',(-0.19509050861323338,0.9807852432867401,0));
#6625=FACE_BOUND('',#6626,.T.);
#6626=EDGE_LOOP('',(#6627,#6628,#6629));
#6627=ORIENTED_EDGE('',*,*,#6630,.T.);
#6628=ORIENTED_EDGE('',*,*,#6631,.T.);
#6629=ORIENTED_EDGE('',*,*,#6632,.T.);
#6630=EDGE_CURVE('',#373,#365,#6633,.F.);
#6631=EDGE_CURVE('',#365,#357,#6634,.T.);
#6632=EDGE_CURVE('',#357,#373,#6635,.T.);
#6633=LINE('',#372,#6636);
#6634=LINE('',#364,#6637);
#6635=LINE('',#356,#6638);
#6636=VECTOR('',#6639,1.0);
#6637=VECTOR('',#6640,1.0);
#6638=VECTOR('',#6641,1.0);
#6639=DIRECTION('',(-0.19509050861323338,0.9807852432867401,0));
#6640=DIRECTION('',(-0.8314698271654363,0.5555699114544268,0));
#6641=DIRECTION('',(0.5555704335352165,-0.8314694783222601,0));
#6642=FACE_SURFACE('',(#6647),#6643,.T.);
#6643=PLANE('',#6644);
#6644=AXIS2_PLACEMENT_3D('',#356,#6645,#6646);
#6645=DIRECTION('',(0,0,1));
#6646=DIRECTION('',(-0.9807856995518318,-0.19508821480198124,0));
#6647=FACE_BOUND('',#6648,.T.);
#6648=EDGE_LOOP('',(#6649,#6650,#6651));
#6649=ORIENTED_EDGE('',*,*,#6652,.T.);
#6650=ORIENTED_EDGE('',*,*,#6653,.T.);
#6651=ORIENTED_EDGE('',*,*,#6654,.T.);
#6652=EDGE_CURVE('',#357,#413,#6655,.F.);
#6653=EDGE_CURVE('',#413,#405,#6656,.T.);
#6654=EDGE_CURVE('',#405,#357,#6657,.T.);
#6655=LINE('',#356,#6658);
#6656=LINE('',#412,#6659);
#6657=LINE('',#404,#6660);
#6658=VECTOR('',#6661,1.0);
#6659=VECTOR('',#6662,1.0);
#6660=VECTOR('',#6663,1.0);
#6661=DIRECTION('',(-0.9807856995518318,-0.19508821480198124,0));
#6662=DIRECTION('',(-0.5555699114544268,-0.8314698271654363,0));
#6663=DIRECTION('',(0.8314704747291414,0.5555689423048199,0));
#6664=FACE_SURFACE('',(#6669),#6665,.T.);
#6665=PLANE('',#6666);
#6666=AXIS2_PLACEMENT_3D('',#404,#6667,#6668);
#6667=DIRECTION('',(0,0,1));
#6668=DIRECTION('',(0.19508985578815177,-0.9807853731416257,0));
#6669=FACE_BOUND('',#6670,.T.);
#6670=EDGE_LOOP('',(#6671,#6672,#6673));
#6671=ORIENTED_EDGE('',*,*,#6674,.T.);
#6672=ORIENTED_EDGE('',*,*,#6675,.T.);
#6673=ORIENTED_EDGE('',*,*,#6676,.T.);
#6674=EDGE_CURVE('',#405,#397,#6677,.F.);
#6675=EDGE_CURVE('',#397,#389,#6678,.T.);
#6676=EDGE_CURVE('',#389,#405,#6679,.T.);
#6677=LINE('',#404,#6680);
#6678=LINE('',#396,#6681);
#6679=LINE('',#388,#6682);
#6680=VECTOR('',#6683,1.0);
#6681=VECTOR('',#6684,1.0);
#6682=VECTOR('',#6685,1.0);
#6683=DIRECTION('',(0.19508985578815177,-0.9807853731416257,0));
#6684=DIRECTION('',(0.8314698271654363,-0.5555699114544268,0));
#6685=DIRECTION('',(-0.5555695805768427,0.8314700482504892,0));
#6686=FACE_SURFACE('',(#6691),#6687,.T.);
#6687=PLANE('',#6688);
#6688=AXIS2_PLACEMENT_3D('',#388,#6689,#6690);
#6689=DIRECTION('',(0,0,1));
#6690=DIRECTION('',(0.9807853731416257,0.19508985578815177,0));
#6691=FACE_BOUND('',#6692,.T.);
#6692=EDGE_LOOP('',(#6693,#6694,#6695));
#6693=ORIENTED_EDGE('',*,*,#6696,.T.);
#6694=ORIENTED_EDGE('',*,*,#6697,.T.);
#6695=ORIENTED_EDGE('',*,*,#6698,.T.);
#6696=EDGE_CURVE('',#389,#381,#6699,.F.);
#6697=EDGE_CURVE('',#381,#373,#6700,.T.);
#6698=EDGE_CURVE('',#373,#389,#6701,.T.);
#6699=LINE('',#388,#6702);
#6700=LINE('',#380,#6703);
#6701=LINE('',#372,#6704);
#6702=VECTOR('',#6705,1.0);
#6703=VECTOR('',#6706,1.0);
#6704=VECTOR('',#6707,1.0);
#6705=DIRECTION('',(0.9807853731416257,0.19508985578815177,0));
#6706=DIRECTION('',(0.5555691234239235,0.8314703537096036,0));
#6707=DIRECTION('',(-0.8314696217717847,-0.5555702188478834,0));
#6708=FACE_SURFACE('',(#6713),#6709,.T.);
#6709=PLANE('',#6710);
#6710=AXIS2_PLACEMENT_3D('',#372,#6711,#6712);
#6711=DIRECTION('',(0,0,1));
#6712=DIRECTION('',(-0.5555704335352165,0.8314694783222601,0));
#6713=FACE_BOUND('',#6714,.T.);
#6714=EDGE_LOOP('',(#6715,#6716,#6717));
#6715=ORIENTED_EDGE('',*,*,#6718,.T.);
#6716=ORIENTED_EDGE('',*,*,#6719,.T.);
#6717=ORIENTED_EDGE('',*,*,#6720,.T.);
#6718=EDGE_CURVE('',#373,#357,#6721,.F.);
#6719=EDGE_CURVE('',#357,#405,#6722,.T.);
#6720=EDGE_CURVE('',#405,#373,#6723,.T.);
#6721=LINE('',#372,#6724);
#6722=LINE('',#356,#6725);
#6723=LINE('',#404,#6726);
#6724=VECTOR('',#6727,1.0);
#6725=VECTOR('',#6728,1.0);
#6726=VECTOR('',#6729,1.0);
#6727=DIRECTION('',(-0.5555704335352165,0.8314694783222601,0));
#6728=DIRECTION('',(-0.8314704747291414,-0.5555689423048199,0));
#6729=DIRECTION('',(0.9807852522313606,-0.19509046364562888,0));
#6730=FACE_SURFACE('',(#6735),#6731,.T.);
#6731=PLANE('',#6732);
#6732=AXIS2_PLACEMENT_3D('',#404,#6733,#6734);
#6733=DIRECTION('',(0,0,1));
#6734=DIRECTION('',(0.5555695805768427,-0.8314700482504892,0));
#6735=FACE_BOUND('',#6736,.T.);
#6736=EDGE_LOOP('',(#6737,#6738,#6739));
#6737=ORIENTED_EDGE('',*,*,#6740,.T.);
#6738=ORIENTED_EDGE('',*,*,#6741,.T.);
#6739=ORIENTED_EDGE('',*,*,#6742,.T.);
#6740=EDGE_CURVE('',#405,#389,#6743,.F.);
#6741=EDGE_CURVE('',#389,#373,#6744,.T.);
#6742=EDGE_CURVE('',#373,#405,#6745,.T.);
#6743=LINE('',#404,#6746);
#6744=LINE('',#388,#6747);
#6745=LINE('',#372,#6748);
#6746=VECTOR('',#6749,1.0);
#6747=VECTOR('',#6750,1.0);
#6748=VECTOR('',#6751,1.0);
#6749=DIRECTION('',(0.5555695805768427,-0.8314700482504892,0));
#6750=DIRECTION('',(0.8314696217717847,0.5555702188478834,0));
#6751=DIRECTION('',(-0.9807852522313606,0.19509046364562888,0));
#6752=FACE_SURFACE('',(#6757),#6753,.T.);
#6753=PLANE('',#6754);
#6754=AXIS2_PLACEMENT_3D('',#250,#6755,#6756);
#6755=DIRECTION('',(-0.09802052427951331,-0.9951843933764082,-0));
#6756=DIRECTION('',(0,0,-1));
#6757=FACE_BOUND('',#6758,.T.);
#6758=EDGE_LOOP('',(#6759,#6760,#6761));
#6759=ORIENTED_EDGE('',*,*,#6762,.T.);
#6760=ORIENTED_EDGE('',*,*,#6763,.T.);
#6761=ORIENTED_EDGE('',*,*,#6764,.T.);
#6762=EDGE_CURVE('',#251,#419,#6765,.F.);
#6763=EDGE_CURVE('',#419,#421,#6766,.T.);
#6764=EDGE_CURVE('',#421,#251,#6767,.T.);
#6765=LINE('',#250,#6768);
#6766=LINE('',#418,#6769);
#6767=LINE('',#420,#6770);
#6768=VECTOR('',#6771,1.0);
#6769=VECTOR('',#6772,1.0);
#6770=VECTOR('',#6773,1.0);
#6771=DIRECTION('',(0,0,-1));
#6772=DIRECTION('',(0.9951843933764081,-0.0980205242795133,0));
#6773=DIRECTION('',(-0.06437714203050969,0.0063408160894063755,0.9979054953427724));
#6774=FACE_SURFACE('',(#6779),#6775,.T.);
#6775=PLANE('',#6776);
#6776=AXIS2_PLACEMENT_3D('',#250,#6777,#6778);
#6777=DIRECTION('',(-0.09802052427951331,-0.9951843933764082,0));
#6778=DIRECTION('',(0.06437714203050969,-0.0063408160894063755,-0.9979054953427724));
#6779=FACE_BOUND('',#6780,.T.);
#6780=EDGE_LOOP('',(#6781,#6782,#6783));
#6781=ORIENTED_EDGE('',*,*,#6784,.T.);
#6782=ORIENTED_EDGE('',*,*,#6785,.T.);
#6783=ORIENTED_EDGE('',*,*,#6786,.T.);
#6784=EDGE_CURVE('',#251,#421,#6787,.F.);
#6785=EDGE_CURVE('',#421,#267,#6788,.T.);
#6786=EDGE_CURVE('',#267,#251,#6789,.T.);
#6787=LINE('',#250,#6790);
#6788=LINE('',#420,#6791);
#6789=LINE('',#266,#6792);
#6790=VECTOR('',#6793,1.0);
#6791=VECTOR('',#6794,1.0);
#6792=VECTOR('',#6795,1.0);
#6793=DIRECTION('',(0.06437714203050969,-0.0063408160894063755,-0.9979054953427724));
#6794=DIRECTION('',(0,0,1));
#6795=DIRECTION('',(-0.9951843933764081,0.0980205242795133,0));
#6796=FACE_SURFACE('',(#6801),#6797,.T.);
#6797=PLANE('',#6798);
#6798=AXIS2_PLACEMENT_3D('',#266,#6799,#6800);
#6799=DIRECTION('',(-0.29028503429303487,-0.9569402274256692,-0));
#6800=DIRECTION('',(0,0,-1));
#6801=FACE_BOUND('',#6802,.T.);
#6802=EDGE_LOOP('',(#6803,#6804,#6805));
#6803=ORIENTED_EDGE('',*,*,#6806,.T.);
#6804=ORIENTED_EDGE('',*,*,#6807,.T.);
#6805=ORIENTED_EDGE('',*,*,#6808,.T.);
#6806=EDGE_CURVE('',#267,#421,#6809,.F.);
#6807=EDGE_CURVE('',#421,#423,#6810,.T.);
#6808=EDGE_CURVE('',#423,#267,#6811,.T.);
#6809=LINE('',#266,#6812);
#6810=LINE('',#420,#6813);
#6811=LINE('',#422,#6814);
#6812=VECTOR('',#6815,1.0);
#6813=VECTOR('',#6816,1.0);
#6814=VECTOR('',#6817,1.0);
#6815=DIRECTION('',(0,0,-1));
#6816=DIRECTION('',(0.9569402274256693,-0.29028503429303487,0));
#6817=DIRECTION('',(-0.0619032025397843,0.0187781564167818,0.9979054937001326));
#6818=FACE_SURFACE('',(#6823),#6819,.T.);
#6819=PLANE('',#6820);
#6820=AXIS2_PLACEMENT_3D('',#266,#6821,#6822);
#6821=DIRECTION('',(-0.29028503429303487,-0.9569402274256692,0));
#6822=DIRECTION('',(0.0619032025397843,-0.0187781564167818,-0.9979054937001326));
#6823=FACE_BOUND('',#6824,.T.);
#6824=EDGE_LOOP('',(#6825,#6826,#6827));
#6825=ORIENTED_EDGE('',*,*,#6828,.T.);
#6826=ORIENTED_EDGE('',*,*,#6829,.T.);
#6827=ORIENTED_EDGE('',*,*,#6830,.T.);
#6828=EDGE_CURVE('',#267,#423,#6831,.F.);
#6829=EDGE_CURVE('',#423,#261,#6832,.T.);
#6830=EDGE_CURVE('',#261,#267,#6833,.T.);
#6831=LINE('',#266,#6834);
#6832=LINE('',#422,#6835);
#6833=LINE('',#260,#6836);
#6834=VECTOR('',#6837,1.0);
#6835=VECTOR('',#6838,1.0);
#6836=VECTOR('',#6839,1.0);
#6837=DIRECTION('',(0.0619032025397843,-0.0187781564167818,-0.9979054937001326));
#6838=DIRECTION('',(0,0,1));
#6839=DIRECTION('',(-0.9569402274256693,0.29028503429303487,0));
#6840=FACE_SURFACE('',(#6845),#6841,.T.);
#6841=PLANE('',#6842);
#6842=AXIS2_PLACEMENT_3D('',#260,#6843,#6844);
#6843=DIRECTION('',(-0.4713955813761801,-0.8819218819481764,-0));
#6844=DIRECTION('',(0,0,-1));
#6845=FACE_BOUND('',#6846,.T.);
#6846=EDGE_LOOP('',(#6847,#6848,#6849));
#6847=ORIENTED_EDGE('',*,*,#6850,.T.);
#6848=ORIENTED_EDGE('',*,*,#6851,.T.);
#6849=ORIENTED_EDGE('',*,*,#6852,.T.);
#6850=EDGE_CURVE('',#261,#423,#6853,.F.);
#6851=EDGE_CURVE('',#423,#425,#6854,.T.);
#6852=EDGE_CURVE('',#425,#261,#6855,.T.);
#6853=LINE('',#260,#6856);
#6854=LINE('',#422,#6857);
#6855=LINE('',#424,#6858);
#6856=VECTOR('',#6859,1.0);
#6857=VECTOR('',#6860,1.0);
#6858=VECTOR('',#6861,1.0);
#6859=DIRECTION('',(0,0,-1));
#6860=DIRECTION('',(0.8819218819481763,-0.47139558137618004,0));
#6861=DIRECTION('',(-0.057050111782300635,0.030493823956138068,0.9979055122836825));
#6862=FACE_SURFACE('',(#6867),#6863,.T.);
#6863=PLANE('',#6864);
#6864=AXIS2_PLACEMENT_3D('',#260,#6865,#6866);
#6865=DIRECTION('',(-0.4713955813761801,-0.8819218819481764,0));
#6866=DIRECTION('',(0.057050111782300635,-0.030493823956138068,-0.9979055122836825));
#6867=FACE_BOUND('',#6868,.T.);
#6868=EDGE_LOOP('',(#6869,#6870,#6871));
#6869=ORIENTED_EDGE('',*,*,#6872,.T.);
#6870=ORIENTED_EDGE('',*,*,#6873,.T.);
#6871=ORIENTED_EDGE('',*,*,#6874,.T.);
#6872=EDGE_CURVE('',#261,#425,#6875,.F.);
#6873=EDGE_CURVE('',#425,#257,#6876,.T.);
#6874=EDGE_CURVE('',#257,#261,#6877,.T.);
#6875=LINE('',#260,#6878);
#6876=LINE('',#424,#6879);
#6877=LINE('',#256,#6880);
#6878=VECTOR('',#6881,1.0);
#6879=VECTOR('',#6882,1.0);
#6880=VECTOR('',#6883,1.0);
#6881=DIRECTION('',(0.057050111782300635,-0.030493823956138068,-0.9979055122836825));
#6882=DIRECTION('',(0,0,1));
#6883=DIRECTION('',(-0.8819218819481763,0.47139558137618004,0));
#6884=FACE_SURFACE('',(#6889),#6885,.T.);
#6885=PLANE('',#6886);
#6886=AXIS2_PLACEMENT_3D('',#256,#6887,#6888);
#6887=DIRECTION('',(-0.6343915230931161,-0.7730118986326124,-0));
#6888=DIRECTION('',(0,0,-1));
#6889=FACE_BOUND('',#6890,.T.);
#6890=EDGE_LOOP('',(#6891,#6892,#6893));
#6891=ORIENTED_EDGE('',*,*,#6894,.T.);
#6892=ORIENTED_EDGE('',*,*,#6895,.T.);
#6893=ORIENTED_EDGE('',*,*,#6896,.T.);
#6894=EDGE_CURVE('',#257,#425,#6897,.F.);
#6895=EDGE_CURVE('',#425,#427,#6898,.T.);
#6896=EDGE_CURVE('',#427,#257,#6899,.T.);
#6897=LINE('',#256,#6900);
#6898=LINE('',#424,#6901);
#6899=LINE('',#426,#6902);
#6900=VECTOR('',#6903,1.0);
#6901=VECTOR('',#6904,1.0);
#6902=VECTOR('',#6905,1.0);
#6903=DIRECTION('',(0,0,-1));
#6904=DIRECTION('',(0.7730118986326124,-0.6343915230931161,0));
#6905=DIRECTION('',(-0.05000571447218512,0.04103843863656491,0.9979054439546862));
#6906=FACE_SURFACE('',(#6911),#6907,.T.);
#6907=PLANE('',#6908);
#6908=AXIS2_PLACEMENT_3D('',#256,#6909,#6910);
#6909=DIRECTION('',(-0.6343915230931161,-0.7730118986326124,0));
#6910=DIRECTION('',(0.05000571447218512,-0.04103843863656491,-0.9979054439546862));
#6911=FACE_BOUND('',#6912,.T.);
#6912=EDGE_LOOP('',(#6913,#6914,#6915));
#6913=ORIENTED_EDGE('',*,*,#6916,.T.);
#6914=ORIENTED_EDGE('',*,*,#6917,.T.);
#6915=ORIENTED_EDGE('',*,*,#6918,.T.);
#6916=EDGE_CURVE('',#257,#427,#6919,.F.);
#6917=EDGE_CURVE('',#427,#259,#6920,.T.);
#6918=EDGE_CURVE('',#259,#257,#6921,.T.);
#6919=LINE('',#256,#6922);
#6920=LINE('',#426,#6923);
#6921=LINE('',#258,#6924);
#6922=VECTOR('',#6925,1.0);
#6923=VECTOR('',#6926,1.0);
#6924=VECTOR('',#6927,1.0);
#6925=DIRECTION('',(0.05000571447218512,-0.04103843863656491,-0.9979054439546862));
#6926=DIRECTION('',(0,0,1));
#6927=DIRECTION('',(-0.7730118986326124,0.6343915230931161,0));
#6928=FACE_SURFACE('',(#6933),#6929,.T.);
#6929=PLANE('',#6930);
#6930=AXIS2_PLACEMENT_3D('',#258,#6931,#6932);
#6931=DIRECTION('',(-0.773005951998172,-0.6343987690525571,-0));
#6932=DIRECTION('',(0,0,-1));
#6933=FACE_BOUND('',#6934,.T.);
#6934=EDGE_LOOP('',(#6935,#6936,#6937));
#6935=ORIENTED_EDGE('',*,*,#6938,.T.);
#6936=ORIENTED_EDGE('',*,*,#6939,.T.);
#6937=ORIENTED_EDGE('',*,*,#6940,.T.);
#6938=EDGE_CURVE('',#259,#427,#6941,.F.);
#6939=EDGE_CURVE('',#427,#429,#6942,.T.);
#6940=EDGE_CURVE('',#429,#259,#6943,.T.);
#6941=LINE('',#258,#6944);
#6942=LINE('',#426,#6945);
#6943=LINE('',#428,#6946);
#6944=VECTOR('',#6947,1.0);
#6945=VECTOR('',#6948,1.0);
#6946=VECTOR('',#6949,1.0);
#6947=DIRECTION('',(0,0,-1));
#6948=DIRECTION('',(0.6343987690525571,-0.773005951998172,0));
#6949=DIRECTION('',(-0.04103886964486242,0.05000528381562421,0.997905447809957));
#6950=FACE_SURFACE('',(#6955),#6951,.T.);
#6951=PLANE('',#6952);
#6952=AXIS2_PLACEMENT_3D('',#258,#6953,#6954);
#6953=DIRECTION('',(-0.773005951998172,-0.6343987690525571,0));
#6954=DIRECTION('',(0.04103886964486242,-0.05000528381562421,-0.997905447809957));
#6955=FACE_BOUND('',#6956,.T.);
#6956=EDGE_LOOP('',(#6957,#6958,#6959));
#6957=ORIENTED_EDGE('',*,*,#6960,.T.);
#6958=ORIENTED_EDGE('',*,*,#6961,.T.);
#6959=ORIENTED_EDGE('',*,*,#6962,.T.);
#6960=EDGE_CURVE('',#259,#429,#6963,.F.);
#6961=EDGE_CURVE('',#429,#323,#6964,.T.);
#6962=EDGE_CURVE('',#323,#259,#6965,.T.);
#6963=LINE('',#258,#6966);
#6964=LINE('',#428,#6967);
#6965=LINE('',#322,#6968);
#6966=VECTOR('',#6969,1.0);
#6967=VECTOR('',#6970,1.0);
#6968=VECTOR('',#6971,1.0);
#6969=DIRECTION('',(0.04103886964486242,-0.05000528381562421,-0.997905447809957));
#6970=DIRECTION('',(0,0,1));
#6971=DIRECTION('',(-0.6343987690525571,0.773005951998172,0));
#6972=FACE_SURFACE('',(#6977),#6973,.T.);
#6973=PLANE('',#6974);
#6974=AXIS2_PLACEMENT_3D('',#428,#6975,#6976);
#6975=DIRECTION('',(-0.8819261308807288,-0.47138763207125817,0));
#6976=DIRECTION('',(0.4713876320712581,-0.8819261308807287,0));
#6977=FACE_BOUND('',#6978,.T.);
#6978=EDGE_LOOP('',(#6979,#6980,#6981));
#6979=ORIENTED_EDGE('',*,*,#6982,.T.);
#6980=ORIENTED_EDGE('',*,*,#6983,.T.);
#6981=ORIENTED_EDGE('',*,*,#6984,.T.);
#6982=EDGE_CURVE('',#429,#431,#6985,.F.);
#6983=EDGE_CURVE('',#431,#325,#6986,.T.);
#6984=EDGE_CURVE('',#325,#429,#6987,.T.);
#6985=LINE('',#428,#6988);
#6986=LINE('',#430,#6989);
#6987=LINE('',#324,#6990);
#6988=VECTOR('',#6991,1.0);
#6989=VECTOR('',#6992,1.0);
#6990=VECTOR('',#6993,1.0);
#6991=DIRECTION('',(0.4713876320712581,-0.8819261308807287,0));
#6992=DIRECTION('',(0,0,1));
#6993=DIRECTION('',(-0.030493392757455037,0.0570505419793098,-0.9979055008656916));
#6994=FACE_SURFACE('',(#6999),#6995,.T.);
#6995=PLANE('',#6996);
#6996=AXIS2_PLACEMENT_3D('',#428,#6997,#6998);
#6997=DIRECTION('',(-0.8819261308807288,-0.47138763207125817,0));
#6998=DIRECTION('',(0.030493392757455037,-0.0570505419793098,0.9979055008656916));
#6999=FACE_BOUND('',#7000,.T.);
#7000=EDGE_LOOP('',(#7001,#7002,#7003));
#7001=ORIENTED_EDGE('',*,*,#7004,.T.);
#7002=ORIENTED_EDGE('',*,*,#7005,.T.);
#7003=ORIENTED_EDGE('',*,*,#7006,.T.);
#7004=EDGE_CURVE('',#429,#325,#7007,.F.);
#7005=EDGE_CURVE('',#325,#323,#7008,.T.);
#7006=EDGE_CURVE('',#323,#429,#7009,.T.);
#7007=LINE('',#428,#7010);
#7008=LINE('',#324,#7011);
#7009=LINE('',#322,#7012);
#7010=VECTOR('',#7013,1.0);
#7011=VECTOR('',#7014,1.0);
#7012=VECTOR('',#7015,1.0);
#7013=DIRECTION('',(0.030493392757455037,-0.0570505419793098,0.9979055008656916));
#7014=DIRECTION('',(-0.4713876320712581,0.8819261308807287,0));
#7015=DIRECTION('',(0,0,-1));
#7016=FACE_SURFACE('',(#7021),#7017,.T.);
#7017=PLANE('',#7018);
#7018=AXIS2_PLACEMENT_3D('',#430,#7019,#7020);
#7019=DIRECTION('',(-0.9569402274256692,-0.29028503429303487,0));
#7020=DIRECTION('',(0.29028503429303487,-0.9569402274256693,0));
#7021=FACE_BOUND('',#7022,.T.);
#7022=EDGE_LOOP('',(#7023,#7024,#7025));
#7023=ORIENTED_EDGE('',*,*,#7026,.T.);
#7024=ORIENTED_EDGE('',*,*,#7027,.T.);
#7025=ORIENTED_EDGE('',*,*,#7028,.T.);
#7026=EDGE_CURVE('',#431,#433,#7029,.F.);
#7027=EDGE_CURVE('',#433,#331,#7030,.T.);
#7028=EDGE_CURVE('',#331,#431,#7031,.T.);
#7029=LINE('',#430,#7032);
#7030=LINE('',#432,#7033);
#7031=LINE('',#330,#7034);
#7032=VECTOR('',#7035,1.0);
#7033=VECTOR('',#7036,1.0);
#7034=VECTOR('',#7037,1.0);
#7035=DIRECTION('',(0.29028503429303487,-0.9569402274256693,0));
#7036=DIRECTION('',(0,0,1));
#7037=DIRECTION('',(-0.0187781564167818,0.0619032025397843,-0.9979054937001326));
#7038=FACE_SURFACE('',(#7043),#7039,.T.);
#7039=PLANE('',#7040);
#7040=AXIS2_PLACEMENT_3D('',#430,#7041,#7042);
#7041=DIRECTION('',(-0.9569402274256692,-0.29028503429303487,0));
#7042=DIRECTION('',(0.0187781564167818,-0.0619032025397843,0.9979054937001326));
#7043=FACE_BOUND('',#7044,.T.);
#7044=EDGE_LOOP('',(#7045,#7046,#7047));
#7045=ORIENTED_EDGE('',*,*,#7048,.T.);
#7046=ORIENTED_EDGE('',*,*,#7049,.T.);
#7047=ORIENTED_EDGE('',*,*,#7050,.T.);
#7048=EDGE_CURVE('',#431,#331,#7051,.F.);
#7049=EDGE_CURVE('',#331,#325,#7052,.T.);
#7050=EDGE_CURVE('',#325,#431,#7053,.T.);
#7051=LINE('',#430,#7054);
#7052=LINE('',#330,#7055);
#7053=LINE('',#324,#7056);
#7054=VECTOR('',#7057,1.0);
#7055=VECTOR('',#7058,1.0);
#7056=VECTOR('',#7059,1.0);
#7057=DIRECTION('',(0.0187781564167818,-0.0619032025397843,0.9979054937001326));
#7058=DIRECTION('',(-0.29028503429303487,0.9569402274256693,0));
#7059=DIRECTION('',(0,0,-1));
#7060=FACE_SURFACE('',(#7065),#7061,.T.);
#7061=PLANE('',#7062);
#7062=AXIS2_PLACEMENT_3D('',#432,#7063,#7064);
#7063=DIRECTION('',(-0.9951844573686691,-0.09801987457565724,0));
#7064=DIRECTION('',(0.09801987457565724,-0.9951844573686692,0));
#7065=FACE_BOUND('',#7066,.T.);
#7066=EDGE_LOOP('',(#7067,#7068,#7069));
#7067=ORIENTED_EDGE('',*,*,#7070,.T.);
#7068=ORIENTED_EDGE('',*,*,#7071,.T.);
#7069=ORIENTED_EDGE('',*,*,#7072,.T.);
#7070=EDGE_CURVE('',#433,#435,#7073,.F.);
#7071=EDGE_CURVE('',#435,#319,#7074,.T.);
#7072=EDGE_CURVE('',#319,#433,#7075,.T.);
#7073=LINE('',#432,#7076);
#7074=LINE('',#434,#7077);
#7075=LINE('',#318,#7078);
#7076=VECTOR('',#7079,1.0);
#7077=VECTOR('',#7080,1.0);
#7078=VECTOR('',#7081,1.0);
#7079=DIRECTION('',(0.09801987457565724,-0.9951844573686692,0));
#7080=DIRECTION('',(0,0,1));
#7081=DIRECTION('',(-0.006340815913531358,0.06437757109464262,-0.9979054676638989));
#7082=FACE_SURFACE('',(#7087),#7083,.T.);
#7083=PLANE('',#7084);
#7084=AXIS2_PLACEMENT_3D('',#432,#7085,#7086);
#7085=DIRECTION('',(-0.9951844573686691,-0.09801987457565724,0));
#7086=DIRECTION('',(0.006340815913531358,-0.06437757109464262,0.9979054676638989));
#7087=FACE_BOUND('',#7088,.T.);
#7088=EDGE_LOOP('',(#7089,#7090,#7091));
#7089=ORIENTED_EDGE('',*,*,#7092,.T.);
#7090=ORIENTED_EDGE('',*,*,#7093,.T.);
#7091=ORIENTED_EDGE('',*,*,#7094,.T.);
#7092=EDGE_CURVE('',#433,#319,#7095,.F.);
#7093=EDGE_CURVE('',#319,#331,#7096,.T.);
#7094=EDGE_CURVE('',#331,#433,#7097,.T.);
#7095=LINE('',#432,#7098);
#7096=LINE('',#318,#7099);
#7097=LINE('',#330,#7100);
#7098=VECTOR('',#7101,1.0);
#7099=VECTOR('',#7102,1.0);
#7100=VECTOR('',#7103,1.0);
#7101=DIRECTION('',(0.006340815913531358,-0.06437757109464262,0.9979054676638989));
#7102=DIRECTION('',(-0.09801987457565724,0.9951844573686692,0));
#7103=DIRECTION('',(0,0,-1));
#7104=FACE_SURFACE('',(#7109),#7105,.T.);
#7105=PLANE('',#7106);
#7106=AXIS2_PLACEMENT_3D('',#434,#7107,#7108);
#7107=DIRECTION('',(-0.9951844573686691,0.09801987457565724,0));
#7108=DIRECTION('',(-0.09801987457565724,-0.9951844573686692,0));
#7109=FACE_BOUND('',#7110,.T.);
#7110=EDGE_LOOP('',(#7111,#7112,#7113));
#7111=ORIENTED_EDGE('',*,*,#7114,.T.);
#7112=ORIENTED_EDGE('',*,*,#7115,.T.);
#7113=ORIENTED_EDGE('',*,*,#7116,.T.);
#7114=EDGE_CURVE('',#435,#437,#7117,.F.);
#7115=EDGE_CURVE('',#437,#317,#7118,.T.);
#7116=EDGE_CURVE('',#317,#435,#7119,.T.);
#7117=LINE('',#434,#7120);
#7118=LINE('',#436,#7121);
#7119=LINE('',#316,#7122);
#7120=VECTOR('',#7123,1.0);
#7121=VECTOR('',#7124,1.0);
#7122=VECTOR('',#7125,1.0);
#7123=DIRECTION('',(-0.09801987457565724,-0.9951844573686692,0));
#7124=DIRECTION('',(0,0,1));
#7125=DIRECTION('',(0.006340815913531358,0.06437757109464262,-0.9979054676638989));
#7126=FACE_SURFACE('',(#7131),#7127,.T.);
#7127=PLANE('',#7128);
#7128=AXIS2_PLACEMENT_3D('',#434,#7129,#7130);
#7129=DIRECTION('',(-0.9951844573686691,0.09801987457565724,0));
#7130=DIRECTION('',(-0.006340815913531358,-0.06437757109464262,0.9979054676638989));
#7131=FACE_BOUND('',#7132,.T.);
#7132=EDGE_LOOP('',(#7133,#7134,#7135));
#7133=ORIENTED_EDGE('',*,*,#7136,.T.);
#7134=ORIENTED_EDGE('',*,*,#7137,.T.);
#7135=ORIENTED_EDGE('',*,*,#7138,.T.);
#7136=EDGE_CURVE('',#435,#317,#7139,.F.);
#7137=EDGE_CURVE('',#317,#319,#7140,.T.);
#7138=EDGE_CURVE('',#319,#435,#7141,.T.);
#7139=LINE('',#434,#7142);
#7140=LINE('',#316,#7143);
#7141=LINE('',#318,#7144);
#7142=VECTOR('',#7145,1.0);
#7143=VECTOR('',#7146,1.0);
#7144=VECTOR('',#7147,1.0);
#7145=DIRECTION('',(-0.006340815913531358,-0.06437757109464262,0.9979054676638989));
#7146=DIRECTION('',(0.09801987457565724,0.9951844573686692,0));
#7147=DIRECTION('',(0,0,-1));
#7148=FACE_SURFACE('',(#7153),#7149,.T.);
#7149=PLANE('',#7150);
#7150=AXIS2_PLACEMENT_3D('',#436,#7151,#7152);
#7151=DIRECTION('',(-0.9569413498796503,0.2902813340373658,0));
#7152=DIRECTION('',(-0.2902813340373658,-0.9569413498796503,0));
#7153=FACE_BOUND('',#7154,.T.);
#7154=EDGE_LOOP('',(#7155,#7156,#7157));
#7155=ORIENTED_EDGE('',*,*,#7158,.T.);
#7156=ORIENTED_EDGE('',*,*,#7159,.T.);
#7157=ORIENTED_EDGE('',*,*,#7160,.T.);
#7158=EDGE_CURVE('',#437,#439,#7161,.F.);
#7159=EDGE_CURVE('',#439,#313,#7162,.T.);
#7160=EDGE_CURVE('',#313,#437,#7163,.T.);
#7161=LINE('',#436,#7164);
#7162=LINE('',#438,#7165);
#7163=LINE('',#312,#7166);
#7164=VECTOR('',#7167,1.0);
#7165=VECTOR('',#7168,1.0);
#7166=VECTOR('',#7169,1.0);
#7167=DIRECTION('',(-0.2902813340373658,-0.9569413498796503,0));
#7168=DIRECTION('',(0,0,1));
#7169=DIRECTION('',(0.018778155415111217,0.06190406093721927,-0.9979054404695301));
#7170=FACE_SURFACE('',(#7175),#7171,.T.);
#7171=PLANE('',#7172);
#7172=AXIS2_PLACEMENT_3D('',#436,#7173,#7174);
#7173=DIRECTION('',(-0.9569413498796503,0.2902813340373658,0));
#7174=DIRECTION('',(-0.018778155415111217,-0.06190406093721927,0.9979054404695301));
#7175=FACE_BOUND('',#7176,.T.);
#7176=EDGE_LOOP('',(#7177,#7178,#7179));
#7177=ORIENTED_EDGE('',*,*,#7180,.T.);
#7178=ORIENTED_EDGE('',*,*,#7181,.T.);
#7179=ORIENTED_EDGE('',*,*,#7182,.T.);
#7180=EDGE_CURVE('',#437,#313,#7183,.F.);
#7181=EDGE_CURVE('',#313,#317,#7184,.T.);
#7182=EDGE_CURVE('',#317,#437,#7185,.T.);
#7183=LINE('',#436,#7186);
#7184=LINE('',#312,#7187);
#7185=LINE('',#316,#7188);
#7186=VECTOR('',#7189,1.0);
#7187=VECTOR('',#7190,1.0);
#7188=VECTOR('',#7191,1.0);
#7189=DIRECTION('',(-0.018778155415111217,-0.06190406093721927,0.9979054404695301));
#7190=DIRECTION('',(0.2902813340373658,0.9569413498796503,0));
#7191=DIRECTION('',(0,0,-1));
#7192=FACE_SURFACE('',(#7197),#7193,.T.);
#7193=PLANE('',#7194);
#7194=AXIS2_PLACEMENT_3D('',#438,#7195,#7196);
#7195=DIRECTION('',(-0.8819261308807288,0.47138763207125817,0));
#7196=DIRECTION('',(-0.4713876320712581,-0.8819261308807287,0));
#7197=FACE_BOUND('',#7198,.T.);
#7198=EDGE_LOOP('',(#7199,#7200,#7201));
#7199=ORIENTED_EDGE('',*,*,#7202,.T.);
#7200=ORIENTED_EDGE('',*,*,#7203,.T.);
#7201=ORIENTED_EDGE('',*,*,#7204,.T.);
#7202=EDGE_CURVE('',#439,#441,#7205,.F.);
#7203=EDGE_CURVE('',#441,#309,#7206,.T.);
#7204=EDGE_CURVE('',#309,#439,#7207,.T.);
#7205=LINE('',#438,#7208);
#7206=LINE('',#440,#7209);
#7207=LINE('',#308,#7210);
#7208=VECTOR('',#7211,1.0);
#7209=VECTOR('',#7212,1.0);
#7210=VECTOR('',#7213,1.0);
#7211=DIRECTION('',(-0.4713876320712581,-0.8819261308807287,0));
#7212=DIRECTION('',(0,0,1));
#7213=DIRECTION('',(0.030493392757455037,0.0570505419793098,-0.9979055008656916));
#7214=FACE_SURFACE('',(#7219),#7215,.T.);
#7215=PLANE('',#7216);
#7216=AXIS2_PLACEMENT_3D('',#438,#7217,#7218);
#7217=DIRECTION('',(-0.8819261308807288,0.47138763207125817,0));
#7218=DIRECTION('',(-0.030493392757455037,-0.0570505419793098,0.9979055008656916));
#7219=FACE_BOUND('',#7220,.T.);
#7220=EDGE_LOOP('',(#7221,#7222,#7223));
#7221=ORIENTED_EDGE('',*,*,#7224,.T.);
#7222=ORIENTED_EDGE('',*,*,#7225,.T.);
#7223=ORIENTED_EDGE('',*,*,#7226,.T.);
#7224=EDGE_CURVE('',#439,#309,#7227,.F.);
#7225=EDGE_CURVE('',#309,#313,#7228,.T.);
#7226=EDGE_CURVE('',#313,#439,#7229,.T.);
#7227=LINE('',#438,#7230);
#7228=LINE('',#308,#7231);
#7229=LINE('',#312,#7232);
#7230=VECTOR('',#7233,1.0);
#7231=VECTOR('',#7234,1.0);
#7232=VECTOR('',#7235,1.0);
#7233=DIRECTION('',(-0.030493392757455037,-0.0570505419793098,0.9979055008656916));
#7234=DIRECTION('',(0.4713876320712581,0.8819261308807287,0));
#7235=DIRECTION('',(0,0,-1));
#7236=FACE_SURFACE('',(#7241),#7237,.T.);
#7237=PLANE('',#7238);
#7238=AXIS2_PLACEMENT_3D('',#440,#7239,#7240);
#7239=DIRECTION('',(-0.7730032714673521,0.6344020352274817,0));
#7240=DIRECTION('',(-0.6344020352274818,-0.7730032714673523,0));
#7241=FACE_BOUND('',#7242,.T.);
#7242=EDGE_LOOP('',(#7243,#7244,#7245));
#7243=ORIENTED_EDGE('',*,*,#7246,.T.);
#7244=ORIENTED_EDGE('',*,*,#7247,.T.);
#7245=ORIENTED_EDGE('',*,*,#7248,.T.);
#7246=EDGE_CURVE('',#441,#443,#7249,.F.);
#7247=EDGE_CURVE('',#443,#305,#7250,.T.);
#7248=EDGE_CURVE('',#305,#441,#7251,.T.);
#7249=LINE('',#440,#7252);
#7250=LINE('',#442,#7253);
#7251=LINE('',#304,#7254);
#7252=VECTOR('',#7255,1.0);
#7253=VECTOR('',#7256,1.0);
#7254=VECTOR('',#7257,1.0);
#7255=DIRECTION('',(-0.6344020352274818,-0.7730032714673523,0));
#7256=DIRECTION('',(0,0,1));
#7257=DIRECTION('',(0.04103887052903141,0.05000485404321124,-0.9979054693095025));
#7258=FACE_SURFACE('',(#7263),#7259,.T.);
#7259=PLANE('',#7260);
#7260=AXIS2_PLACEMENT_3D('',#440,#7261,#7262);
#7261=DIRECTION('',(-0.7730032714673521,0.6344020352274817,0));
#7262=DIRECTION('',(-0.04103887052903141,-0.05000485404321124,0.9979054693095025));
#7263=FACE_BOUND('',#7264,.T.);
#7264=EDGE_LOOP('',(#7265,#7266,#7267));
#7265=ORIENTED_EDGE('',*,*,#7268,.T.);
#7266=ORIENTED_EDGE('',*,*,#7269,.T.);
#7267=ORIENTED_EDGE('',*,*,#7270,.T.);
#7268=EDGE_CURVE('',#441,#305,#7271,.F.);
#7269=EDGE_CURVE('',#305,#309,#7272,.T.);
#7270=EDGE_CURVE('',#309,#441,#7273,.T.);
#7271=LINE('',#440,#7274);
#7272=LINE('',#304,#7275);
#7273=LINE('',#308,#7276);
#7274=VECTOR('',#7277,1.0);
#7275=VECTOR('',#7278,1.0);
#7276=VECTOR('',#7279,1.0);
#7277=DIRECTION('',(-0.04103887052903141,-0.05000485404321124,0.9979054693095025));
#7278=DIRECTION('',(0.6344020352274818,0.7730032714673523,0));
#7279=DIRECTION('',(0,0,-1));
#7280=FACE_SURFACE('',(#7285),#7281,.T.);
#7281=PLANE('',#7282);
#7282=AXIS2_PLACEMENT_3D('',#442,#7283,#7284);
#7283=DIRECTION('',(-0.6343915230931161,0.7730118986326124,0));
#7284=DIRECTION('',(-0.7730118986326124,-0.6343915230931161,0));
#7285=FACE_BOUND('',#7286,.T.);
#7286=EDGE_LOOP('',(#7287,#7288,#7289));
#7287=ORIENTED_EDGE('',*,*,#7290,.T.);
#7288=ORIENTED_EDGE('',*,*,#7291,.T.);
#7289=ORIENTED_EDGE('',*,*,#7292,.T.);
#7290=EDGE_CURVE('',#443,#445,#7293,.F.);
#7291=EDGE_CURVE('',#445,#301,#7294,.T.);
#7292=EDGE_CURVE('',#301,#443,#7295,.T.);
#7293=LINE('',#442,#7296);
#7294=LINE('',#444,#7297);
#7295=LINE('',#300,#7298);
#7296=VECTOR('',#7299,1.0);
#7297=VECTOR('',#7300,1.0);
#7298=VECTOR('',#7301,1.0);
#7299=DIRECTION('',(-0.7730118986326124,-0.6343915230931161,0));
#7300=DIRECTION('',(0,0,1));
#7301=DIRECTION('',(0.05000571447218512,0.04103843863656491,-0.9979054439546862));
#7302=FACE_SURFACE('',(#7307),#7303,.T.);
#7303=PLANE('',#7304);
#7304=AXIS2_PLACEMENT_3D('',#442,#7305,#7306);
#7305=DIRECTION('',(-0.6343915230931161,0.7730118986326124,0));
#7306=DIRECTION('',(-0.05000571447218512,-0.04103843863656491,0.9979054439546862));
#7307=FACE_BOUND('',#7308,.T.);
#7308=EDGE_LOOP('',(#7309,#7310,#7311));
#7309=ORIENTED_EDGE('',*,*,#7312,.T.);
#7310=ORIENTED_EDGE('',*,*,#7313,.T.);
#7311=ORIENTED_EDGE('',*,*,#7314,.T.);
#7312=EDGE_CURVE('',#443,#301,#7315,.F.);
#7313=EDGE_CURVE('',#301,#305,#7316,.T.);
#7314=EDGE_CURVE('',#305,#443,#7317,.T.);
#7315=LINE('',#442,#7318);
#7316=LINE('',#300,#7319);
#7317=LINE('',#304,#7320);
#7318=VECTOR('',#7321,1.0);
#7319=VECTOR('',#7322,1.0);
#7320=VECTOR('',#7323,1.0);
#7321=DIRECTION('',(-0.05000571447218512,-0.04103843863656491,0.9979054439546862));
#7322=DIRECTION('',(0.7730118986326124,0.6343915230931161,0));
#7323=DIRECTION('',(0,0,-1));
#7324=FACE_SURFACE('',(#7329),#7325,.T.);
#7325=PLANE('',#7326);
#7326=AXIS2_PLACEMENT_3D('',#444,#7327,#7328);
#7327=DIRECTION('',(-0.4714007617092588,0.8819191129916228,0));
#7328=DIRECTION('',(-0.8819191129916227,-0.4714007617092588,0));
#7329=FACE_BOUND('',#7330,.T.);
#7330=EDGE_LOOP('',(#7331,#7332,#7333));
#7331=ORIENTED_EDGE('',*,*,#7334,.T.);
#7332=ORIENTED_EDGE('',*,*,#7335,.T.);
#7333=ORIENTED_EDGE('',*,*,#7336,.T.);
#7334=EDGE_CURVE('',#445,#447,#7337,.F.);
#7335=EDGE_CURVE('',#447,#297,#7338,.T.);
#7336=EDGE_CURVE('',#297,#445,#7339,.T.);
#7337=LINE('',#444,#7340);
#7338=LINE('',#446,#7341);
#7339=LINE('',#296,#7342);
#7340=VECTOR('',#7343,1.0);
#7341=VECTOR('',#7344,1.0);
#7342=VECTOR('',#7345,1.0);
#7343=DIRECTION('',(-0.8819191129916227,-0.4714007617092588,0));
#7344=DIRECTION('',(0,0,1));
#7345=DIRECTION('',(0.05705011103275631,0.03049425440527285,-0.9979054991728509));
#7346=FACE_SURFACE('',(#7351),#7347,.T.);
#7347=PLANE('',#7348);
#7348=AXIS2_PLACEMENT_3D('',#444,#7349,#7350);
#7349=DIRECTION('',(-0.4714007617092588,0.8819191129916228,0));
#7350=DIRECTION('',(-0.05705011103275631,-0.03049425440527285,0.9979054991728509));
#7351=FACE_BOUND('',#7352,.T.);
#7352=EDGE_LOOP('',(#7353,#7354,#7355));
#7353=ORIENTED_EDGE('',*,*,#7356,.T.);
#7354=ORIENTED_EDGE('',*,*,#7357,.T.);
#7355=ORIENTED_EDGE('',*,*,#7358,.T.);
#7356=EDGE_CURVE('',#445,#297,#7359,.F.);
#7357=EDGE_CURVE('',#297,#301,#7360,.T.);
#7358=EDGE_CURVE('',#301,#445,#7361,.T.);
#7359=LINE('',#444,#7362);
#7360=LINE('',#296,#7363);
#7361=LINE('',#300,#7364);
#7362=VECTOR('',#7365,1.0);
#7363=VECTOR('',#7366,1.0);
#7364=VECTOR('',#7367,1.0);
#7365=DIRECTION('',(-0.05705011103275631,-0.03049425440527285,0.9979054991728509));
#7366=DIRECTION('',(0.8819191129916227,0.4714007617092588,0));
#7367=DIRECTION('',(0,0,-1));
#7368=FACE_SURFACE('',(#7373),#7369,.T.);
#7369=PLANE('',#7370);
#7370=AXIS2_PLACEMENT_3D('',#446,#7371,#7372);
#7371=DIRECTION('',(-0.29028503429303487,0.9569402274256692,0));
#7372=DIRECTION('',(-0.9569402274256693,-0.29028503429303487,0));
#7373=FACE_BOUND('',#7374,.T.);
#7374=EDGE_LOOP('',(#7375,#7376,#7377));
#7375=ORIENTED_EDGE('',*,*,#7378,.T.);
#7376=ORIENTED_EDGE('',*,*,#7379,.T.);
#7377=ORIENTED_EDGE('',*,*,#7380,.T.);
#7378=EDGE_CURVE('',#447,#449,#7381,.F.);
#7379=EDGE_CURVE('',#449,#293,#7382,.T.);
#7380=EDGE_CURVE('',#293,#447,#7383,.T.);
#7381=LINE('',#446,#7384);
#7382=LINE('',#448,#7385);
#7383=LINE('',#292,#7386);
#7384=VECTOR('',#7387,1.0);
#7385=VECTOR('',#7388,1.0);
#7386=VECTOR('',#7389,1.0);
#7387=DIRECTION('',(-0.9569402274256693,-0.29028503429303487,0));
#7388=DIRECTION('',(0,0,1));
#7389=DIRECTION('',(0.0619032025397843,0.0187781564167818,-0.9979054937001326));
#7390=FACE_SURFACE('',(#7395),#7391,.T.);
#7391=PLANE('',#7392);
#7392=AXIS2_PLACEMENT_3D('',#446,#7393,#7394);
#7393=DIRECTION('',(-0.29028503429303487,0.9569402274256692,0));
#7394=DIRECTION('',(-0.0619032025397843,-0.0187781564167818,0.9979054937001326));
#7395=FACE_BOUND('',#7396,.T.);
#7396=EDGE_LOOP('',(#7397,#7398,#7399));
#7397=ORIENTED_EDGE('',*,*,#7400,.T.);
#7398=ORIENTED_EDGE('',*,*,#7401,.T.);
#7399=ORIENTED_EDGE('',*,*,#7402,.T.);
#7400=EDGE_CURVE('',#447,#293,#7403,.F.);
#7401=EDGE_CURVE('',#293,#297,#7404,.T.);
#7402=EDGE_CURVE('',#297,#447,#7405,.T.);
#7403=LINE('',#446,#7406);
#7404=LINE('',#292,#7407);
#7405=LINE('',#296,#7408);
#7406=VECTOR('',#7409,1.0);
#7407=VECTOR('',#7410,1.0);
#7408=VECTOR('',#7411,1.0);
#7409=DIRECTION('',(-0.0619032025397843,-0.0187781564167818,0.9979054937001326));
#7410=DIRECTION('',(0.9569402274256693,0.29028503429303487,0));
#7411=DIRECTION('',(0,0,-1));
#7412=FACE_SURFACE('',(#7417),#7413,.T.);
#7413=PLANE('',#7414);
#7414=AXIS2_PLACEMENT_3D('',#448,#7415,#7416);
#7415=DIRECTION('',(-0.09802052427951331,0.9951843933764082,0));
#7416=DIRECTION('',(-0.9951843933764081,-0.0980205242795133,0));
#7417=FACE_BOUND('',#7418,.T.);
#7418=EDGE_LOOP('',(#7419,#7420,#7421));
#7419=ORIENTED_EDGE('',*,*,#7422,.T.);
#7420=ORIENTED_EDGE('',*,*,#7423,.T.);
#7421=ORIENTED_EDGE('',*,*,#7424,.T.);
#7422=EDGE_CURVE('',#449,#451,#7425,.F.);
#7423=EDGE_CURVE('',#451,#285,#7426,.T.);
#7424=EDGE_CURVE('',#285,#449,#7427,.T.);
#7425=LINE('',#448,#7428);
#7426=LINE('',#450,#7429);
#7427=LINE('',#284,#7430);
#7428=VECTOR('',#7431,1.0);
#7429=VECTOR('',#7432,1.0);
#7430=VECTOR('',#7433,1.0);
#7431=DIRECTION('',(-0.9951843933764081,-0.0980205242795133,0));
#7432=DIRECTION('',(0,0,1));
#7433=DIRECTION('',(0.06437714203050969,0.0063408160894063755,-0.9979054953427724));
#7434=FACE_SURFACE('',(#7439),#7435,.T.);
#7435=PLANE('',#7436);
#7436=AXIS2_PLACEMENT_3D('',#448,#7437,#7438);
#7437=DIRECTION('',(-0.09802052427951331,0.9951843933764082,0));
#7438=DIRECTION('',(-0.06437714203050969,-0.0063408160894063755,0.9979054953427724));
#7439=FACE_BOUND('',#7440,.T.);
#7440=EDGE_LOOP('',(#7441,#7442,#7443));
#7441=ORIENTED_EDGE('',*,*,#7444,.T.);
#7442=ORIENTED_EDGE('',*,*,#7445,.T.);
#7443=ORIENTED_EDGE('',*,*,#7446,.T.);
#7444=EDGE_CURVE('',#449,#285,#7447,.F.);
#7445=EDGE_CURVE('',#285,#293,#7448,.T.);
#7446=EDGE_CURVE('',#293,#449,#7449,.T.);
#7447=LINE('',#448,#7450);
#7448=LINE('',#284,#7451);
#7449=LINE('',#292,#7452);
#7450=VECTOR('',#7453,1.0);
#7451=VECTOR('',#7454,1.0);
#7452=VECTOR('',#7455,1.0);
#7453=DIRECTION('',(-0.06437714203050969,-0.0063408160894063755,0.9979054953427724));
#7454=DIRECTION('',(0.9951843933764081,0.0980205242795133,0));
#7455=DIRECTION('',(0,0,-1));
#7456=FACE_SURFACE('',(#7461),#7457,.T.);
#7457=PLANE('',#7458);
#7458=AXIS2_PLACEMENT_3D('',#450,#7459,#7460);
#7459=DIRECTION('',(0.09801922488037212,0.9951845213596577,0));
#7460=DIRECTION('',(-0.9951845213596577,0.09801922488037212,0));
#7461=FACE_BOUND('',#7462,.T.);
#7462=EDGE_LOOP('',(#7463,#7464,#7465));
#7463=ORIENTED_EDGE('',*,*,#7466,.T.);
#7464=ORIENTED_EDGE('',*,*,#7467,.T.);
#7465=ORIENTED_EDGE('',*,*,#7468,.T.);
#7466=EDGE_CURVE('',#451,#453,#7469,.F.);
#7467=EDGE_CURVE('',#453,#283,#7470,.T.);
#7468=EDGE_CURVE('',#283,#451,#7471,.T.);
#7469=LINE('',#450,#7472);
#7470=LINE('',#452,#7473);
#7471=LINE('',#282,#7474);
#7472=VECTOR('',#7475,1.0);
#7473=VECTOR('',#7476,1.0);
#7474=VECTOR('',#7477,1.0);
#7475=DIRECTION('',(-0.9951845213596577,0.09801922488037212,0));
#7476=DIRECTION('',(0,0,1));
#7477=DIRECTION('',(0.06437800015873986,-0.006340815737655179,-0.9979054399848426));
#7478=FACE_SURFACE('',(#7483),#7479,.T.);
#7479=PLANE('',#7480);
#7480=AXIS2_PLACEMENT_3D('',#450,#7481,#7482);
#7481=DIRECTION('',(0.09801922488037212,0.9951845213596577,-0));
#7482=DIRECTION('',(-0.06437800015873986,0.006340815737655179,0.9979054399848426));
#7483=FACE_BOUND('',#7484,.T.);
#7484=EDGE_LOOP('',(#7485,#7486,#7487));
#7485=ORIENTED_EDGE('',*,*,#7488,.T.);
#7486=ORIENTED_EDGE('',*,*,#7489,.T.);
#7487=ORIENTED_EDGE('',*,*,#7490,.T.);
#7488=EDGE_CURVE('',#451,#283,#7491,.F.);
#7489=EDGE_CURVE('',#283,#285,#7492,.T.);
#7490=EDGE_CURVE('',#285,#451,#7493,.T.);
#7491=LINE('',#450,#7494);
#7492=LINE('',#282,#7495);
#7493=LINE('',#284,#7496);
#7494=VECTOR('',#7497,1.0);
#7495=VECTOR('',#7498,1.0);
#7496=VECTOR('',#7499,1.0);
#7497=DIRECTION('',(-0.06437800015873986,0.006340815737655179,0.9979054399848426));
#7498=DIRECTION('',(0.9951845213596577,-0.09801922488037212,0));
#7499=DIRECTION('',(0,0,-1));
#7500=FACE_SURFACE('',(#7505),#7501,.T.);
#7501=PLANE('',#7502);
#7502=AXIS2_PLACEMENT_3D('',#452,#7503,#7504);
#7503=DIRECTION('',(0.290283184153951,0.9569407886580252,0));
#7504=DIRECTION('',(-0.9569407886580253,0.29028318415395105,0));
#7505=FACE_BOUND('',#7506,.T.);
#7506=EDGE_LOOP('',(#7507,#7508,#7509));
#7507=ORIENTED_EDGE('',*,*,#7510,.T.);
#7508=ORIENTED_EDGE('',*,*,#7511,.T.);
#7509=ORIENTED_EDGE('',*,*,#7512,.T.);
#7510=EDGE_CURVE('',#453,#455,#7513,.F.);
#7511=EDGE_CURVE('',#455,#277,#7514,.T.);
#7512=EDGE_CURVE('',#277,#453,#7515,.T.);
#7513=LINE('',#452,#7516);
#7514=LINE('',#454,#7517);
#7515=LINE('',#276,#7518);
#7516=VECTOR('',#7519,1.0);
#7517=VECTOR('',#7520,1.0);
#7518=VECTOR('',#7521,1.0);
#7519=DIRECTION('',(-0.9569407886580253,0.29028318415395105,0));
#7520=DIRECTION('',(0,0,1));
#7521=DIRECTION('',(0.061903631738518955,-0.01877815591594823,-0.9979054670849229));
#7522=FACE_SURFACE('',(#7527),#7523,.T.);
#7523=PLANE('',#7524);
#7524=AXIS2_PLACEMENT_3D('',#452,#7525,#7526);
#7525=DIRECTION('',(0.290283184153951,0.9569407886580252,-0));
#7526=DIRECTION('',(-0.061903631738518955,0.01877815591594823,0.9979054670849229));
#7527=FACE_BOUND('',#7528,.T.);
#7528=EDGE_LOOP('',(#7529,#7530,#7531));
#7529=ORIENTED_EDGE('',*,*,#7532,.T.);
#7530=ORIENTED_EDGE('',*,*,#7533,.T.);
#7531=ORIENTED_EDGE('',*,*,#7534,.T.);
#7532=EDGE_CURVE('',#453,#277,#7535,.F.);
#7533=EDGE_CURVE('',#277,#283,#7536,.T.);
#7534=EDGE_CURVE('',#283,#453,#7537,.T.);
#7535=LINE('',#452,#7538);
#7536=LINE('',#276,#7539);
#7537=LINE('',#282,#7540);
#7538=VECTOR('',#7541,1.0);
#7539=VECTOR('',#7542,1.0);
#7540=VECTOR('',#7543,1.0);
#7541=DIRECTION('',(-0.061903631738518955,0.01877815591594823,0.9979054670849229));
#7542=DIRECTION('',(0.9569407886580253,-0.29028318415395105,0));
#7543=DIRECTION('',(0,0,-1));
#7544=FACE_SURFACE('',(#7549),#7545,.T.);
#7545=PLANE('',#7546);
#7546=AXIS2_PLACEMENT_3D('',#454,#7547,#7548);
#7547=DIRECTION('',(0.4713979927601255,0.8819205930364279,0));
#7548=DIRECTION('',(-0.881920593036428,0.47139799276012556,0));
#7549=FACE_BOUND('',#7550,.T.);
#7550=EDGE_LOOP('',(#7551,#7552,#7553));
#7551=ORIENTED_EDGE('',*,*,#7554,.T.);
#7552=ORIENTED_EDGE('',*,*,#7555,.T.);
#7553=ORIENTED_EDGE('',*,*,#7556,.T.);
#7554=EDGE_CURVE('',#455,#457,#7557,.F.);
#7555=EDGE_CURVE('',#457,#275,#7558,.T.);
#7556=EDGE_CURVE('',#275,#455,#7559,.T.);
#7557=LINE('',#454,#7560);
#7558=LINE('',#456,#7561);
#7559=LINE('',#274,#7562);
#7560=VECTOR('',#7563,1.0);
#7561=VECTOR('',#7564,1.0);
#7562=VECTOR('',#7565,1.0);
#7563=DIRECTION('',(-0.881920593036428,0.47139799276012556,0));
#7564=DIRECTION('',(0,0,1));
#7565=DIRECTION('',(0.05705054048022049,-0.030494253655720435,-0.9979054746442146));
#7566=FACE_SURFACE('',(#7571),#7567,.T.);
#7567=PLANE('',#7568);
#7568=AXIS2_PLACEMENT_3D('',#454,#7569,#7570);
#7569=DIRECTION('',(0.4713979927601255,0.8819205930364279,-0));
#7570=DIRECTION('',(-0.05705054048022049,0.030494253655720435,0.9979054746442146));
#7571=FACE_BOUND('',#7572,.T.);
#7572=EDGE_LOOP('',(#7573,#7574,#7575));
#7573=ORIENTED_EDGE('',*,*,#7576,.T.);
#7574=ORIENTED_EDGE('',*,*,#7577,.T.);
#7575=ORIENTED_EDGE('',*,*,#7578,.T.);
#7576=EDGE_CURVE('',#455,#275,#7579,.F.);
#7577=EDGE_CURVE('',#275,#277,#7580,.T.);
#7578=EDGE_CURVE('',#277,#455,#7581,.T.);
#7579=LINE('',#454,#7582);
#7580=LINE('',#274,#7583);
#7581=LINE('',#276,#7584);
#7582=VECTOR('',#7585,1.0);
#7583=VECTOR('',#7586,1.0);
#7584=VECTOR('',#7587,1.0);
#7585=DIRECTION('',(-0.05705054048022049,0.030494253655720435,0.9979054746442146));
#7586=DIRECTION('',(0.881920593036428,-0.47139799276012556,0));
#7587=DIRECTION('',(0,0,-1));
#7588=FACE_SURFACE('',(#7593),#7589,.T.);
#7589=PLANE('',#7590);
#7590=AXIS2_PLACEMENT_3D('',#456,#7591,#7592);
#7591=DIRECTION('',(0.6343947892528462,0.7730092181654995,0));
#7592=DIRECTION('',(-0.7730092181654996,0.6343947892528462,0));
#7593=FACE_BOUND('',#7594,.T.);
#7594=EDGE_LOOP('',(#7595,#7596,#7597));
#7595=ORIENTED_EDGE('',*,*,#7598,.T.);
#7596=ORIENTED_EDGE('',*,*,#7599,.T.);
#7597=ORIENTED_EDGE('',*,*,#7600,.T.);
#7598=EDGE_CURVE('',#457,#459,#7601,.F.);
#7599=EDGE_CURVE('',#459,#271,#7602,.T.);
#7600=EDGE_CURVE('',#271,#457,#7603,.T.);
#7601=LINE('',#456,#7604);
#7602=LINE('',#458,#7605);
#7603=LINE('',#270,#7606);
#7604=VECTOR('',#7607,1.0);
#7605=VECTOR('',#7608,1.0);
#7606=VECTOR('',#7609,1.0);
#7607=DIRECTION('',(-0.7730092181654996,0.6343947892528462,0));
#7608=DIRECTION('',(0,0,1));
#7609=DIRECTION('',(0.05000528469979237,-0.04103843952073222,-0.9979054654544167));
#7610=FACE_SURFACE('',(#7615),#7611,.T.);
#7611=PLANE('',#7612);
#7612=AXIS2_PLACEMENT_3D('',#456,#7613,#7614);
#7613=DIRECTION('',(0.6343947892528462,0.7730092181654995,-0));
#7614=DIRECTION('',(-0.05000528469979237,0.04103843952073222,0.9979054654544167));
#7615=FACE_BOUND('',#7616,.T.);
#7616=EDGE_LOOP('',(#7617,#7618,#7619));
#7617=ORIENTED_EDGE('',*,*,#7620,.T.);
#7618=ORIENTED_EDGE('',*,*,#7621,.T.);
#7619=ORIENTED_EDGE('',*,*,#7622,.T.);
#7620=EDGE_CURVE('',#457,#271,#7623,.F.);
#7621=EDGE_CURVE('',#271,#275,#7624,.T.);
#7622=EDGE_CURVE('',#275,#457,#7625,.T.);
#7623=LINE('',#456,#7626);
#7624=LINE('',#270,#7627);
#7625=LINE('',#274,#7628);
#7626=VECTOR('',#7629,1.0);
#7627=VECTOR('',#7630,1.0);
#7628=VECTOR('',#7631,1.0);
#7629=DIRECTION('',(-0.05000528469979237,0.04103843952073222,0.9979054654544167));
#7630=DIRECTION('',(0.7730092181654996,-0.6343947892528462,0));
#7631=DIRECTION('',(0,0,-1));
#7632=FACE_SURFACE('',(#7637),#7633,.T.);
#7633=PLANE('',#7634);
#7634=AXIS2_PLACEMENT_3D('',#206,#7635,#7636);
#7635=DIRECTION('',(0.773009749292229,0.6343941420750709,0));
#7636=DIRECTION('',(0.6343941420750709,-0.773009749292229,0));
#7637=FACE_BOUND('',#7638,.T.);
#7638=EDGE_LOOP('',(#7639,#7640,#7641));
#7639=ORIENTED_EDGE('',*,*,#7642,.T.);
#7640=ORIENTED_EDGE('',*,*,#7643,.T.);
#7641=ORIENTED_EDGE('',*,*,#7644,.T.);
#7642=EDGE_CURVE('',#207,#271,#7645,.F.);
#7643=EDGE_CURVE('',#271,#459,#7646,.T.);
#7644=EDGE_CURVE('',#459,#207,#7647,.T.);
#7645=LINE('',#206,#7648);
#7646=LINE('',#270,#7649);
#7647=LINE('',#458,#7650);
#7648=VECTOR('',#7651,1.0);
#7649=VECTOR('',#7652,1.0);
#7650=VECTOR('',#7653,1.0);
#7651=DIRECTION('',(0.6343941420750709,-0.773009749292229,0));
#7652=DIRECTION('',(0,0,-1));
#7653=DIRECTION('',(-0.023316657491154698,0.028411365058660012,0.9993243356483138));
#7654=FACE_SURFACE('',(#7659),#7655,.T.);
#7655=PLANE('',#7656);
#7656=AXIS2_PLACEMENT_3D('',#458,#7657,#7658);
#7657=DIRECTION('',(0.7730098038537299,0.6343940755918346,0));
#7658=DIRECTION('',(-0.6343940755918345,0.7730098038537297,0));
#7659=FACE_BOUND('',#7660,.T.);
#7660=EDGE_LOOP('',(#7661,#7662,#7663));
#7661=ORIENTED_EDGE('',*,*,#7664,.T.);
#7662=ORIENTED_EDGE('',*,*,#7665,.T.);
#7663=ORIENTED_EDGE('',*,*,#7666,.T.);
#7664=EDGE_CURVE('',#459,#461,#7667,.F.);
#7665=EDGE_CURVE('',#461,#209,#7668,.T.);
#7666=EDGE_CURVE('',#209,#459,#7669,.T.);
#7667=LINE('',#458,#7670);
#7668=LINE('',#460,#7671);
#7669=LINE('',#208,#7672);
#7670=VECTOR('',#7673,1.0);
#7671=VECTOR('',#7674,1.0);
#7672=VECTOR('',#7675,1.0);
#7673=DIRECTION('',(-0.6343940755918345,0.7730098038537297,0));
#7674=DIRECTION('',(0,0,1));
#7675=DIRECTION('',(0.04103801028072971,-0.050004855811523176,-0.9979055045982397));
#7676=FACE_SURFACE('',(#7681),#7677,.T.);
#7677=PLANE('',#7678);
#7678=AXIS2_PLACEMENT_3D('',#458,#7679,#7680);
#7679=DIRECTION('',(0.7730098754067533,0.6343939884043952,7.311502958403339E-09));
#7680=DIRECTION('',(-0.04103801028072971,0.050004855811523176,0.9979055045982397));
#7681=FACE_BOUND('',#7682,.T.);
#7682=EDGE_LOOP('',(#7683,#7684,#7685));
#7683=ORIENTED_EDGE('',*,*,#7686,.T.);
#7684=ORIENTED_EDGE('',*,*,#7687,.T.);
#7685=ORIENTED_EDGE('',*,*,#7688,.T.);
#7686=EDGE_CURVE('',#459,#209,#7689,.F.);
#7687=EDGE_CURVE('',#209,#207,#7690,.T.);
#7688=EDGE_CURVE('',#207,#459,#7691,.T.);
#7689=LINE('',#458,#7692);
#7690=LINE('',#208,#7693);
#7691=LINE('',#206,#7694);
#7692=VECTOR('',#7695,1.0);
#7693=VECTOR('',#7696,1.0);
#7694=VECTOR('',#7697,1.0);
#7695=DIRECTION('',(-0.04103801028072971,0.050004855811523176,0.9979055045982397));
#7696=DIRECTION('',(0.6343939884043952,-0.7730098754067533,0));
#7697=DIRECTION('',(0.023316657491154698,-0.028411365058660012,-0.9993243356483138));
#7698=FACE_SURFACE('',(#7703),#7699,.T.);
#7699=PLANE('',#7700);
#7700=AXIS2_PLACEMENT_3D('',#208,#7701,#7702);
#7701=DIRECTION('',(0.8819178240947151,0.4714031730313694,0));
#7702=DIRECTION('',(0,0,-1));
#7703=FACE_BOUND('',#7704,.T.);
#7704=EDGE_LOOP('',(#7705,#7706,#7707));
#7705=ORIENTED_EDGE('',*,*,#7708,.T.);
#7706=ORIENTED_EDGE('',*,*,#7709,.T.);
#7707=ORIENTED_EDGE('',*,*,#7710,.T.);
#7708=EDGE_CURVE('',#209,#461,#7711,.F.);
#7709=EDGE_CURVE('',#461,#463,#7712,.T.);
#7710=EDGE_CURVE('',#463,#209,#7713,.T.);
#7711=LINE('',#208,#7714);
#7712=LINE('',#460,#7715);
#7713=LINE('',#462,#7716);
#7714=VECTOR('',#7717,1.0);
#7715=VECTOR('',#7718,1.0);
#7716=VECTOR('',#7719,1.0);
#7717=DIRECTION('',(0,0,-1));
#7718=DIRECTION('',(-0.4714031730313694,0.8819178240947152,0));
#7719=DIRECTION('',(0.030494684104827686,-0.057050539730659995,0.9979054615331991));
#7720=FACE_SURFACE('',(#7725),#7721,.T.);
#7721=PLANE('',#7722);
#7722=AXIS2_PLACEMENT_3D('',#208,#7723,#7724);
#7723=DIRECTION('',(0.8819178240947151,0.4714031730313694,0));
#7724=DIRECTION('',(-0.030494684104827686,0.057050539730659995,-0.9979054615331991));
#7725=FACE_BOUND('',#7726,.T.);
#7726=EDGE_LOOP('',(#7727,#7728,#7729));
#7727=ORIENTED_EDGE('',*,*,#7730,.T.);
#7728=ORIENTED_EDGE('',*,*,#7731,.T.);
#7729=ORIENTED_EDGE('',*,*,#7732,.T.);
#7730=EDGE_CURVE('',#209,#463,#7733,.F.);
#7731=EDGE_CURVE('',#463,#215,#7734,.T.);
#7732=EDGE_CURVE('',#215,#209,#7735,.T.);
#7733=LINE('',#208,#7736);
#7734=LINE('',#462,#7737);
#7735=LINE('',#214,#7738);
#7736=VECTOR('',#7739,1.0);
#7737=VECTOR('',#7740,1.0);
#7738=VECTOR('',#7741,1.0);
#7739=DIRECTION('',(-0.030494684104827686,0.057050539730659995,-0.9979054615331991));
#7740=DIRECTION('',(0,0,1));
#7741=DIRECTION('',(0.4714031730313694,-0.8819178240947152,0));
#7742=FACE_SURFACE('',(#7747),#7743,.T.);
#7743=PLANE('',#7744);
#7744=AXIS2_PLACEMENT_3D('',#214,#7745,#7746);
#7745=DIRECTION('',(0.956943199969127,0.29027523496303886,0));
#7746=DIRECTION('',(0,0,-1));
#7747=FACE_BOUND('',#7748,.T.);
#7748=EDGE_LOOP('',(#7749,#7750,#7751));
#7749=ORIENTED_EDGE('',*,*,#7752,.T.);
#7750=ORIENTED_EDGE('',*,*,#7753,.T.);
#7751=ORIENTED_EDGE('',*,*,#7754,.T.);
#7752=EDGE_CURVE('',#215,#463,#7755,.F.);
#7753=EDGE_CURVE('',#463,#465,#7756,.T.);
#7754=EDGE_CURVE('',#465,#215,#7757,.T.);
#7755=LINE('',#214,#7758);
#7756=LINE('',#462,#7759);
#7757=LINE('',#464,#7760);
#7758=VECTOR('',#7761,1.0);
#7759=VECTOR('',#7762,1.0);
#7760=VECTOR('',#7763,1.0);
#7761=DIRECTION('',(0,0,-1));
#7762=DIRECTION('',(-0.29027523496303886,0.9569431999691269,0));
#7763=DIRECTION('',(0.018777724717283888,-0.061904061438052264,0.9979054485430549));
#7764=FACE_SURFACE('',(#7769),#7765,.T.);
#7765=PLANE('',#7766);
#7766=AXIS2_PLACEMENT_3D('',#214,#7767,#7768);
#7767=DIRECTION('',(0.956943199969127,0.29027523496303886,0));
#7768=DIRECTION('',(-0.018777724717283888,0.061904061438052264,-0.9979054485430549));
#7769=FACE_BOUND('',#7770,.T.);
#7770=EDGE_LOOP('',(#7771,#7772,#7773));
#7771=ORIENTED_EDGE('',*,*,#7774,.T.);
#7772=ORIENTED_EDGE('',*,*,#7775,.T.);
#7773=ORIENTED_EDGE('',*,*,#7776,.T.);
#7774=EDGE_CURVE('',#215,#465,#7777,.F.);
#7775=EDGE_CURVE('',#465,#217,#7778,.T.);
#7776=EDGE_CURVE('',#217,#215,#7779,.T.);
#7777=LINE('',#214,#7780);
#7778=LINE('',#464,#7781);
#7779=LINE('',#216,#7782);
#7780=VECTOR('',#7783,1.0);
#7781=VECTOR('',#7784,1.0);
#7782=VECTOR('',#7785,1.0);
#7783=DIRECTION('',(-0.018777724717283888,0.061904061438052264,-0.9979054485430549));
#7784=DIRECTION('',(0,0,1));
#7785=DIRECTION('',(0.29027523496303886,-0.9569431999691269,0));
#7786=FACE_SURFACE('',(#7791),#7787,.T.);
#7787=PLANE('',#7788);
#7788=AXIS2_PLACEMENT_3D('',#216,#7789,#7790);
#7789=DIRECTION('',(0.9951844573686691,0.09801987457565724,0));
#7790=DIRECTION('',(0,0,-1));
#7791=FACE_BOUND('',#7792,.T.);
#7792=EDGE_LOOP('',(#7793,#7794,#7795));
#7793=ORIENTED_EDGE('',*,*,#7796,.T.);
#7794=ORIENTED_EDGE('',*,*,#7797,.T.);
#7795=ORIENTED_EDGE('',*,*,#7798,.T.);
#7796=EDGE_CURVE('',#217,#465,#7799,.F.);
#7797=EDGE_CURVE('',#465,#467,#7800,.T.);
#7798=EDGE_CURVE('',#467,#217,#7801,.T.);
#7799=LINE('',#216,#7802);
#7800=LINE('',#464,#7803);
#7801=LINE('',#466,#7804);
#7802=VECTOR('',#7805,1.0);
#7803=VECTOR('',#7806,1.0);
#7804=VECTOR('',#7807,1.0);
#7805=DIRECTION('',(0,0,-1));
#7806=DIRECTION('',(-0.09801987457565724,0.9951844573686692,0));
#7807=DIRECTION('',(0.006340815913531358,-0.06437757109464262,0.9979054676638989));
#7808=FACE_SURFACE('',(#7813),#7809,.T.);
#7809=PLANE('',#7810);
#7810=AXIS2_PLACEMENT_3D('',#216,#7811,#7812);
#7811=DIRECTION('',(0.9951844573686691,0.09801987457565724,0));
#7812=DIRECTION('',(-0.006340815913531358,0.06437757109464262,-0.9979054676638989));
#7813=FACE_BOUND('',#7814,.T.);
#7814=EDGE_LOOP('',(#7815,#7816,#7817));
#7815=ORIENTED_EDGE('',*,*,#7818,.T.);
#7816=ORIENTED_EDGE('',*,*,#7819,.T.);
#7817=ORIENTED_EDGE('',*,*,#7820,.T.);
#7818=EDGE_CURVE('',#217,#467,#7821,.F.);
#7819=EDGE_CURVE('',#467,#219,#7822,.T.);
#7820=EDGE_CURVE('',#219,#217,#7823,.T.);
#7821=LINE('',#216,#7824);
#7822=LINE('',#466,#7825);
#7823=LINE('',#218,#7826);
#7824=VECTOR('',#7827,1.0);
#7825=VECTOR('',#7828,1.0);
#7826=VECTOR('',#7829,1.0);
#7827=DIRECTION('',(-0.006340815913531358,0.06437757109464262,-0.9979054676638989));
#7828=DIRECTION('',(0,0,1));
#7829=DIRECTION('',(0.09801987457565724,-0.9951844573686692,0));
#7830=FACE_SURFACE('',(#7835),#7831,.T.);
#7831=PLANE('',#7832);
#7832=AXIS2_PLACEMENT_3D('',#218,#7833,#7834);
#7833=DIRECTION('',(0.9951844573686691,-0.09801987457565724,0));
#7834=DIRECTION('',(0,0,-1));
#7835=FACE_BOUND('',#7836,.T.);
#7836=EDGE_LOOP('',(#7837,#7838,#7839));
#7837=ORIENTED_EDGE('',*,*,#7840,.T.);
#7838=ORIENTED_EDGE('',*,*,#7841,.T.);
#7839=ORIENTED_EDGE('',*,*,#7842,.T.);
#7840=EDGE_CURVE('',#219,#467,#7843,.F.);
#7841=EDGE_CURVE('',#467,#469,#7844,.T.);
#7842=EDGE_CURVE('',#469,#219,#7845,.T.);
#7843=LINE('',#218,#7846);
#7844=LINE('',#466,#7847);
#7845=LINE('',#468,#7848);
#7846=VECTOR('',#7849,1.0);
#7847=VECTOR('',#7850,1.0);
#7848=VECTOR('',#7851,1.0);
#7849=DIRECTION('',(0,0,-1));
#7850=DIRECTION('',(0.09801987457565724,0.9951844573686692,0));
#7851=DIRECTION('',(-0.006340815913531358,-0.06437757109464262,0.9979054676638989));
#7852=FACE_SURFACE('',(#7857),#7853,.T.);
#7853=PLANE('',#7854);
#7854=AXIS2_PLACEMENT_3D('',#218,#7855,#7856);
#7855=DIRECTION('',(0.9951844573686691,-0.09801987457565724,0));
#7856=DIRECTION('',(0.006340815913531358,0.06437757109464262,-0.9979054676638989));
#7857=FACE_BOUND('',#7858,.T.);
#7858=EDGE_LOOP('',(#7859,#7860,#7861));
#7859=ORIENTED_EDGE('',*,*,#7862,.T.);
#7860=ORIENTED_EDGE('',*,*,#7863,.T.);
#7861=ORIENTED_EDGE('',*,*,#7864,.T.);
#7862=EDGE_CURVE('',#219,#469,#7865,.F.);
#7863=EDGE_CURVE('',#469,#223,#7866,.T.);
#7864=EDGE_CURVE('',#223,#219,#7867,.T.);
#7865=LINE('',#218,#7868);
#7866=LINE('',#468,#7869);
#7867=LINE('',#222,#7870);
#7868=VECTOR('',#7871,1.0);
#7869=VECTOR('',#7872,1.0);
#7870=VECTOR('',#7873,1.0);
#7871=DIRECTION('',(0.006340815913531358,0.06437757109464262,-0.9979054676638989));
#7872=DIRECTION('',(0,0,1));
#7873=DIRECTION('',(-0.09801987457565724,-0.9951844573686692,0));
#7874=FACE_SURFACE('',(#7879),#7875,.T.);
#7875=PLANE('',#7876);
#7876=AXIS2_PLACEMENT_3D('',#222,#7877,#7878);
#7877=DIRECTION('',(0.956942077560143,-0.29027893515526987,0));
#7878=DIRECTION('',(0,0,-1));
#7879=FACE_BOUND('',#7880,.T.);
#7880=EDGE_LOOP('',(#7881,#7882,#7883));
#7881=ORIENTED_EDGE('',*,*,#7884,.T.);
#7882=ORIENTED_EDGE('',*,*,#7885,.T.);
#7883=ORIENTED_EDGE('',*,*,#7886,.T.);
#7884=EDGE_CURVE('',#223,#469,#7887,.F.);
#7885=EDGE_CURVE('',#469,#471,#7888,.T.);
#7886=EDGE_CURVE('',#471,#223,#7889,.T.);
#7887=LINE('',#222,#7890);
#7888=LINE('',#468,#7891);
#7889=LINE('',#470,#7892);
#7890=VECTOR('',#7893,1.0);
#7891=VECTOR('',#7894,1.0);
#7892=VECTOR('',#7895,1.0);
#7893=DIRECTION('',(0,0,-1));
#7894=DIRECTION('',(0.29027893515526987,0.9569420775601429,0));
#7895=DIRECTION('',(-0.018777725718931514,-0.0619032030406104,0.9979055017736587));
#7896=FACE_SURFACE('',(#7901),#7897,.T.);
#7897=PLANE('',#7898);
#7898=AXIS2_PLACEMENT_3D('',#222,#7899,#7900);
#7899=DIRECTION('',(0.956942077560143,-0.29027893515526987,0));
#7900=DIRECTION('',(0.018777725718931514,0.0619032030406104,-0.9979055017736587));
#7901=FACE_BOUND('',#7902,.T.);
#7902=EDGE_LOOP('',(#7903,#7904,#7905));
#7903=ORIENTED_EDGE('',*,*,#7906,.T.);
#7904=ORIENTED_EDGE('',*,*,#7907,.T.);
#7905=ORIENTED_EDGE('',*,*,#7908,.T.);
#7906=EDGE_CURVE('',#223,#471,#7909,.F.);
#7907=EDGE_CURVE('',#471,#227,#7910,.T.);
#7908=EDGE_CURVE('',#227,#223,#7911,.T.);
#7909=LINE('',#222,#7912);
#7910=LINE('',#470,#7913);
#7911=LINE('',#226,#7914);
#7912=VECTOR('',#7915,1.0);
#7913=VECTOR('',#7916,1.0);
#7914=VECTOR('',#7917,1.0);
#7915=DIRECTION('',(0.018777725718931514,0.0619032030406104,-0.9979055017736587));
#7916=DIRECTION('',(0,0,1));
#7917=DIRECTION('',(-0.29027893515526987,-0.9569420775601429,0));
#7918=FACE_SURFACE('',(#7923),#7919,.T.);
#7919=PLANE('',#7920);
#7920=AXIS2_PLACEMENT_3D('',#226,#7921,#7922);
#7921=DIRECTION('',(0.8819178240947151,-0.4714031730313694,0));
#7922=DIRECTION('',(0,0,-1));
#7923=FACE_BOUND('',#7924,.T.);
#7924=EDGE_LOOP('',(#7925,#7926,#7927));
#7925=ORIENTED_EDGE('',*,*,#7928,.T.);
#7926=ORIENTED_EDGE('',*,*,#7929,.T.);
#7927=ORIENTED_EDGE('',*,*,#7930,.T.);
#7928=EDGE_CURVE('',#227,#471,#7931,.F.);
#7929=EDGE_CURVE('',#471,#473,#7932,.T.);
#7930=EDGE_CURVE('',#473,#227,#7933,.T.);
#7931=LINE('',#226,#7934);
#7932=LINE('',#470,#7935);
#7933=LINE('',#472,#7936);
#7934=VECTOR('',#7937,1.0);
#7935=VECTOR('',#7938,1.0);
#7936=VECTOR('',#7939,1.0);
#7937=DIRECTION('',(0,0,-1));
#7938=DIRECTION('',(0.4714031730313694,0.8819178240947152,0));
#7939=DIRECTION('',(-0.030494684104827686,-0.057050539730659995,0.9979054615331991));
#7940=FACE_SURFACE('',(#7945),#7941,.T.);
#7941=PLANE('',#7942);
#7942=AXIS2_PLACEMENT_3D('',#226,#7943,#7944);
#7943=DIRECTION('',(0.8819178240947151,-0.4714031730313694,0));
#7944=DIRECTION('',(0.030494684104827686,0.057050539730659995,-0.9979054615331991));
#7945=FACE_BOUND('',#7946,.T.);
#7946=EDGE_LOOP('',(#7947,#7948,#7949));
#7947=ORIENTED_EDGE('',*,*,#7950,.T.);
#7948=ORIENTED_EDGE('',*,*,#7951,.T.);
#7949=ORIENTED_EDGE('',*,*,#7952,.T.);
#7950=EDGE_CURVE('',#227,#473,#7953,.F.);
#7951=EDGE_CURVE('',#473,#231,#7954,.T.);
#7952=EDGE_CURVE('',#231,#227,#7955,.T.);
#7953=LINE('',#226,#7956);
#7954=LINE('',#472,#7957);
#7955=LINE('',#230,#7958);
#7956=VECTOR('',#7959,1.0);
#7957=VECTOR('',#7960,1.0);
#7958=VECTOR('',#7961,1.0);
#7959=DIRECTION('',(0.030494684104827686,0.057050539730659995,-0.9979054615331991));
#7960=DIRECTION('',(0,0,1));
#7961=DIRECTION('',(-0.4714031730313694,-0.8819178240947152,0));
#7962=FACE_SURFACE('',(#7967),#7963,.T.);
#7963=PLANE('',#7964);
#7964=AXIS2_PLACEMENT_3D('',#230,#7965,#7966);
#7965=DIRECTION('',(0.773012484339938,-0.6343908094026878,0));
#7966=DIRECTION('',(0,0,-1));
#7967=FACE_BOUND('',#7968,.T.);
#7968=EDGE_LOOP('',(#7969,#7970,#7971));
#7969=ORIENTED_EDGE('',*,*,#7972,.T.);
#7970=ORIENTED_EDGE('',*,*,#7973,.T.);
#7971=ORIENTED_EDGE('',*,*,#7974,.T.);
#7972=EDGE_CURVE('',#231,#473,#7975,.F.);
#7973=EDGE_CURVE('',#473,#475,#7976,.T.);
#7974=EDGE_CURVE('',#475,#231,#7977,.T.);
#7975=LINE('',#230,#7978);
#7976=LINE('',#472,#7979);
#7977=LINE('',#474,#7980);
#7978=VECTOR('',#7981,1.0);
#7979=VECTOR('',#7982,1.0);
#7980=VECTOR('',#7983,1.0);
#7981=DIRECTION('',(0,0,-1));
#7982=DIRECTION('',(0.6343908094026878,0.7730124843399379,0));
#7983=DIRECTION('',(-0.0410380093965792,-0.05000528558395128,0.997905483098692));
#7984=FACE_SURFACE('',(#7989),#7985,.T.);
#7985=PLANE('',#7986);
#7986=AXIS2_PLACEMENT_3D('',#230,#7987,#7988);
#7987=DIRECTION('',(0.773012484339938,-0.6343908094026878,0));
#7988=DIRECTION('',(0.0410380093965792,0.05000528558395128,-0.997905483098692));
#7989=FACE_BOUND('',#7990,.T.);
#7990=EDGE_LOOP('',(#7991,#7992,#7993));
#7991=ORIENTED_EDGE('',*,*,#7994,.T.);
#7992=ORIENTED_EDGE('',*,*,#7995,.T.);
#7993=ORIENTED_EDGE('',*,*,#7996,.T.);
#7994=EDGE_CURVE('',#231,#475,#7997,.F.);
#7995=EDGE_CURVE('',#475,#235,#7998,.T.);
#7996=EDGE_CURVE('',#235,#231,#7999,.T.);
#7997=LINE('',#230,#8000);
#7998=LINE('',#474,#8001);
#7999=LINE('',#234,#8002);
#8000=VECTOR('',#8003,1.0);
#8001=VECTOR('',#8004,1.0);
#8002=VECTOR('',#8005,1.0);
#8003=DIRECTION('',(0.0410380093965792,0.05000528558395128,-0.997905483098692));
#8004=DIRECTION('',(0,0,1));
#8005=DIRECTION('',(-0.6343908094026878,-0.7730124843399379,0));
#8006=FACE_SURFACE('',(#8011),#8007,.T.);
#8007=PLANE('',#8008);
#8008=AXIS2_PLACEMENT_3D('',#234,#8009,#8010);
#8009=DIRECTION('',(0.6343947892528462,-0.7730092181654995,0));
#8010=DIRECTION('',(0,0,-1));
#8011=FACE_BOUND('',#8012,.T.);
#8012=EDGE_LOOP('',(#8013,#8014,#8015));
#8013=ORIENTED_EDGE('',*,*,#8016,.T.);
#8014=ORIENTED_EDGE('',*,*,#8017,.T.);
#8015=ORIENTED_EDGE('',*,*,#8018,.T.);
#8016=EDGE_CURVE('',#235,#475,#8019,.F.);
#8017=EDGE_CURVE('',#475,#477,#8020,.T.);
#8018=EDGE_CURVE('',#477,#235,#8021,.T.);
#8019=LINE('',#234,#8022);
#8020=LINE('',#474,#8023);
#8021=LINE('',#476,#8024);
#8022=VECTOR('',#8025,1.0);
#8023=VECTOR('',#8026,1.0);
#8024=VECTOR('',#8027,1.0);
#8025=DIRECTION('',(0,0,-1));
#8026=DIRECTION('',(0.7730092181654996,0.6343947892528462,0));
#8027=DIRECTION('',(-0.05000528469979237,-0.04103843952073222,0.9979054654544167));
#8028=FACE_SURFACE('',(#8033),#8029,.T.);
#8029=PLANE('',#8030);
#8030=AXIS2_PLACEMENT_3D('',#234,#8031,#8032);
#8031=DIRECTION('',(0.6343947892528462,-0.7730092181654995,0));
#8032=DIRECTION('',(0.05000528469979237,0.04103843952073222,-0.9979054654544167));
#8033=FACE_BOUND('',#8034,.T.);
#8034=EDGE_LOOP('',(#8035,#8036,#8037));
#8035=ORIENTED_EDGE('',*,*,#8038,.T.);
#8036=ORIENTED_EDGE('',*,*,#8039,.T.);
#8037=ORIENTED_EDGE('',*,*,#8040,.T.);
#8038=EDGE_CURVE('',#235,#477,#8041,.F.);
#8039=EDGE_CURVE('',#477,#239,#8042,.T.);
#8040=EDGE_CURVE('',#239,#235,#8043,.T.);
#8041=LINE('',#234,#8044);
#8042=LINE('',#476,#8045);
#8043=LINE('',#238,#8046);
#8044=VECTOR('',#8047,1.0);
#8045=VECTOR('',#8048,1.0);
#8046=VECTOR('',#8049,1.0);
#8047=DIRECTION('',(0.05000528469979237,0.04103843952073222,-0.9979054654544167));
#8048=DIRECTION('',(0,0,1));
#8049=DIRECTION('',(-0.7730092181654996,-0.6343947892528462,0));
#8050=FACE_SURFACE('',(#8055),#8051,.T.);
#8051=PLANE('',#8052);
#8052=AXIS2_PLACEMENT_3D('',#238,#8053,#8054);
#8053=DIRECTION('',(0.4713928124400884,-0.8819233619650992,0));
#8054=DIRECTION('',(0,0,-1));
#8055=FACE_BOUND('',#8056,.T.);
#8056=EDGE_LOOP('',(#8057,#8058,#8059));
#8057=ORIENTED_EDGE('',*,*,#8060,.T.);
#8058=ORIENTED_EDGE('',*,*,#8061,.T.);
#8059=ORIENTED_EDGE('',*,*,#8062,.T.);
#8060=EDGE_CURVE('',#239,#477,#8063,.F.);
#8061=EDGE_CURVE('',#477,#479,#8064,.T.);
#8062=EDGE_CURVE('',#479,#239,#8065,.T.);
#8063=LINE('',#238,#8066);
#8064=LINE('',#476,#8067);
#8065=LINE('',#478,#8068);
#8066=VECTOR('',#8069,1.0);
#8067=VECTOR('',#8070,1.0);
#8068=VECTOR('',#8071,1.0);
#8069=DIRECTION('',(0,0,-1));
#8070=DIRECTION('',(0.8819233619650994,0.47139281244008846,0));
#8071=DIRECTION('',(-0.05705054122977042,-0.03049382320659622,0.9979054877550454));
#8072=FACE_SURFACE('',(#8077),#8073,.T.);
#8073=PLANE('',#8074);
#8074=AXIS2_PLACEMENT_3D('',#238,#8075,#8076);
#8075=DIRECTION('',(0.4713928124400884,-0.8819233619650992,0));
#8076=DIRECTION('',(0.05705054122977042,0.03049382320659622,-0.9979054877550454));
#8077=FACE_BOUND('',#8078,.T.);
#8078=EDGE_LOOP('',(#8079,#8080,#8081));
#8079=ORIENTED_EDGE('',*,*,#8082,.T.);
#8080=ORIENTED_EDGE('',*,*,#8083,.T.);
#8081=ORIENTED_EDGE('',*,*,#8084,.T.);
#8082=EDGE_CURVE('',#239,#479,#8085,.F.);
#8083=EDGE_CURVE('',#479,#243,#8086,.T.);
#8084=EDGE_CURVE('',#243,#239,#8087,.T.);
#8085=LINE('',#238,#8088);
#8086=LINE('',#478,#8089);
#8087=LINE('',#242,#8090);
#8088=VECTOR('',#8091,1.0);
#8089=VECTOR('',#8092,1.0);
#8090=VECTOR('',#8093,1.0);
#8091=DIRECTION('',(0.05705054122977042,0.03049382320659622,-0.9979054877550454));
#8092=DIRECTION('',(0,0,1));
#8093=DIRECTION('',(-0.8819233619650994,-0.47139281244008846,0));
#8094=FACE_SURFACE('',(#8099),#8095,.T.);
#8095=PLANE('',#8096);
#8096=AXIS2_PLACEMENT_3D('',#242,#8097,#8098);
#8097=DIRECTION('',(0.290283184153951,-0.9569407886580252,0));
#8098=DIRECTION('',(0,0,-1));
#8099=FACE_BOUND('',#8100,.T.);
#8100=EDGE_LOOP('',(#8101,#8102,#8103));
#8101=ORIENTED_EDGE('',*,*,#8104,.T.);
#8102=ORIENTED_EDGE('',*,*,#8105,.T.);
#8103=ORIENTED_EDGE('',*,*,#8106,.T.);
#8104=EDGE_CURVE('',#243,#479,#8107,.F.);
#8105=EDGE_CURVE('',#479,#481,#8108,.T.);
#8106=EDGE_CURVE('',#481,#243,#8109,.T.);
#8107=LINE('',#242,#8110);
#8108=LINE('',#478,#8111);
#8109=LINE('',#480,#8112);
#8110=VECTOR('',#8113,1.0);
#8111=VECTOR('',#8114,1.0);
#8112=VECTOR('',#8115,1.0);
#8113=DIRECTION('',(0,0,-1));
#8114=DIRECTION('',(0.9569407886580253,0.29028318415395105,0));
#8115=DIRECTION('',(-0.061903631738518955,-0.01877815591594823,0.9979054670849229));
#8116=FACE_SURFACE('',(#8121),#8117,.T.);
#8117=PLANE('',#8118);
#8118=AXIS2_PLACEMENT_3D('',#242,#8119,#8120);
#8119=DIRECTION('',(0.290283184153951,-0.9569407886580252,0));
#8120=DIRECTION('',(0.061903631738518955,0.01877815591594823,-0.9979054670849229));
#8121=FACE_BOUND('',#8122,.T.);
#8122=EDGE_LOOP('',(#8123,#8124,#8125));
#8123=ORIENTED_EDGE('',*,*,#8126,.T.);
#8124=ORIENTED_EDGE('',*,*,#8127,.T.);
#8125=ORIENTED_EDGE('',*,*,#8128,.T.);
#8126=EDGE_CURVE('',#243,#481,#8129,.F.);
#8127=EDGE_CURVE('',#481,#247,#8130,.T.);
#8128=EDGE_CURVE('',#247,#243,#8131,.T.);
#8129=LINE('',#242,#8132);
#8130=LINE('',#480,#8133);
#8131=LINE('',#246,#8134);
#8132=VECTOR('',#8135,1.0);
#8133=VECTOR('',#8136,1.0);
#8134=VECTOR('',#8137,1.0);
#8135=DIRECTION('',(0.061903631738518955,0.01877815591594823,-0.9979054670849229));
#8136=DIRECTION('',(0,0,1));
#8137=DIRECTION('',(-0.9569407886580253,-0.29028318415395105,0));
#8138=FACE_SURFACE('',(#8143),#8139,.T.);
#8139=PLANE('',#8140);
#8140=AXIS2_PLACEMENT_3D('',#246,#8141,#8142);
#8141=DIRECTION('',(0.09801922488037212,-0.9951845213596577,0));
#8142=DIRECTION('',(0,0,-1));
#8143=FACE_BOUND('',#8144,.T.);
#8144=EDGE_LOOP('',(#8145,#8146,#8147));
#8145=ORIENTED_EDGE('',*,*,#8148,.T.);
#8146=ORIENTED_EDGE('',*,*,#8149,.T.);
#8147=ORIENTED_EDGE('',*,*,#8150,.T.);
#8148=EDGE_CURVE('',#247,#481,#8151,.F.);
#8149=EDGE_CURVE('',#481,#419,#8152,.T.);
#8150=EDGE_CURVE('',#419,#247,#8153,.T.);
#8151=LINE('',#246,#8154);
#8152=LINE('',#480,#8155);
#8153=LINE('',#418,#8156);
#8154=VECTOR('',#8157,1.0);
#8155=VECTOR('',#8158,1.0);
#8156=VECTOR('',#8159,1.0);
#8157=DIRECTION('',(0,0,-1));
#8158=DIRECTION('',(0.9951845213596577,0.09801922488037212,0));
#8159=DIRECTION('',(-0.06437800015873986,-0.006340815737655179,0.9979054399848426));
#8160=FACE_SURFACE('',(#8165),#8161,.T.);
#8161=PLANE('',#8162);
#8162=AXIS2_PLACEMENT_3D('',#246,#8163,#8164);
#8163=DIRECTION('',(0.09801922488037212,-0.9951845213596577,0));
#8164=DIRECTION('',(0.06437800015873986,0.006340815737655179,-0.9979054399848426));
#8165=FACE_BOUND('',#8166,.T.);
#8166=EDGE_LOOP('',(#8167,#8168,#8169));
#8167=ORIENTED_EDGE('',*,*,#8170,.T.);
#8168=ORIENTED_EDGE('',*,*,#8171,.T.);
#8169=ORIENTED_EDGE('',*,*,#8172,.T.);
#8170=EDGE_CURVE('',#247,#419,#8173,.F.);
#8171=EDGE_CURVE('',#419,#251,#8174,.T.);
#8172=EDGE_CURVE('',#251,#247,#8175,.T.);
#8173=LINE('',#246,#8176);
#8174=LINE('',#418,#8177);
#8175=LINE('',#250,#8178);
#8176=VECTOR('',#8179,1.0);
#8177=VECTOR('',#8180,1.0);
#8178=VECTOR('',#8181,1.0);
#8179=DIRECTION('',(0.06437800015873986,0.006340815737655179,-0.9979054399848426));
#8180=DIRECTION('',(0,0,1));
#8181=DIRECTION('',(-0.9951845213596577,-0.09801922488037212,0));
#8182=FACE_SURFACE('',(#8187),#8183,.T.);
#8183=PLANE('',#8184);
#8184=AXIS2_PLACEMENT_3D('',#472,#8185,#8186);
#8185=DIRECTION('',(0,0,1));
#8186=DIRECTION('',(-0.4714031730313694,-0.8819178240947152,0));
#8187=FACE_BOUND('',#8188,.T.);
#8188=EDGE_LOOP('',(#8189,#8190,#8191));
#8189=ORIENTED_EDGE('',*,*,#8192,.T.);
#8190=ORIENTED_EDGE('',*,*,#8193,.T.);
#8191=ORIENTED_EDGE('',*,*,#8194,.T.);
#8192=EDGE_CURVE('',#473,#471,#8195,.F.);
#8193=EDGE_CURVE('',#471,#469,#8196,.T.);
#8194=EDGE_CURVE('',#469,#473,#8197,.T.);
#8195=LINE('',#472,#8198);
#8196=LINE('',#470,#8199);
#8197=LINE('',#468,#8200);
#8198=VECTOR('',#8201,1.0);
#8199=VECTOR('',#8202,1.0);
#8200=VECTOR('',#8203,1.0);
#8201=DIRECTION('',(-0.4714031730313694,-0.8819178240947152,0));
#8202=DIRECTION('',(-0.29027893515526987,-0.9569420775601429,0));
#8203=DIRECTION('',(0.38268447017942475,0.9238791026338311,0));
#8204=FACE_SURFACE('',(#8209),#8205,.T.);
#8205=PLANE('',#8206);
#8206=AXIS2_PLACEMENT_3D('',#468,#8207,#8208);
#8207=DIRECTION('',(0,0,1));
#8208=DIRECTION('',(-0.09801987457565724,-0.9951844573686692,0));
#8209=FACE_BOUND('',#8210,.T.);
#8210=EDGE_LOOP('',(#8211,#8212,#8213));
#8211=ORIENTED_EDGE('',*,*,#8214,.T.);
#8212=ORIENTED_EDGE('',*,*,#8215,.T.);
#8213=ORIENTED_EDGE('',*,*,#8216,.T.);
#8214=EDGE_CURVE('',#469,#467,#8217,.F.);
#8215=EDGE_CURVE('',#467,#465,#8218,.T.);
#8216=EDGE_CURVE('',#465,#469,#8219,.T.);
#8217=LINE('',#468,#8220);
#8218=LINE('',#466,#8221);
#8219=LINE('',#464,#8222);
#8220=VECTOR('',#8223,1.0);
#8221=VECTOR('',#8224,1.0);
#8222=VECTOR('',#8225,1.0);
#8223=DIRECTION('',(-0.09801987457565724,-0.9951844573686692,0));
#8224=DIRECTION('',(0.09801987457565724,-0.9951844573686692,0));
#8225=DIRECTION('',(0,1,0));
#8226=FACE_SURFACE('',(#8231),#8227,.T.);
#8227=PLANE('',#8228);
#8228=AXIS2_PLACEMENT_3D('',#464,#8229,#8230);
#8229=DIRECTION('',(0,0,1));
#8230=DIRECTION('',(0.29027523496303886,-0.9569431999691269,0));
#8231=FACE_BOUND('',#8232,.T.);
#8232=EDGE_LOOP('',(#8233,#8234,#8235));
#8233=ORIENTED_EDGE('',*,*,#8236,.T.);
#8234=ORIENTED_EDGE('',*,*,#8237,.T.);
#8235=ORIENTED_EDGE('',*,*,#8238,.T.);
#8236=EDGE_CURVE('',#465,#463,#8239,.F.);
#8237=EDGE_CURVE('',#463,#461,#8240,.T.);
#8238=EDGE_CURVE('',#461,#465,#8241,.T.);
#8239=LINE('',#464,#8242);
#8240=LINE('',#462,#8243);
#8241=LINE('',#460,#8244);
#8242=VECTOR('',#8245,1.0);
#8243=VECTOR('',#8246,1.0);
#8244=VECTOR('',#8247,1.0);
#8245=DIRECTION('',(0.29027523496303886,-0.9569431999691269,0));
#8246=DIRECTION('',(0.4714031730313694,-0.8819178240947152,0));
#8247=DIRECTION('',(-0.38268210400684627,0.9238800827341682,0));
#8248=FACE_SURFACE('',(#8253),#8249,.T.);
#8249=PLANE('',#8250);
#8250=AXIS2_PLACEMENT_3D('',#460,#8251,#8252);
#8251=DIRECTION('',(0,0,1));
#8252=DIRECTION('',(0.6343940755918345,-0.7730098038537297,0));
#8253=FACE_BOUND('',#8254,.T.);
#8254=EDGE_LOOP('',(#8255,#8256,#8257));
#8255=ORIENTED_EDGE('',*,*,#8258,.T.);
#8256=ORIENTED_EDGE('',*,*,#8259,.T.);
#8257=ORIENTED_EDGE('',*,*,#8260,.T.);
#8258=EDGE_CURVE('',#461,#459,#8261,.F.);
#8259=EDGE_CURVE('',#459,#457,#8262,.T.);
#8260=EDGE_CURVE('',#457,#461,#8263,.T.);
#8261=LINE('',#460,#8264);
#8262=LINE('',#458,#8265);
#8263=LINE('',#456,#8266);
#8264=VECTOR('',#8267,1.0);
#8265=VECTOR('',#8268,1.0);
#8266=VECTOR('',#8269,1.0);
#8267=DIRECTION('',(0.6343940755918345,-0.7730098038537297,0));
#8268=DIRECTION('',(0.7730092181654996,-0.6343947892528462,0));
#8269=DIRECTION('',(-0.7071067811865476,0.7071067811865476,0));
#8270=FACE_SURFACE('',(#8275),#8271,.T.);
#8271=PLANE('',#8272);
#8272=AXIS2_PLACEMENT_3D('',#456,#8273,#8274);
#8273=DIRECTION('',(0,0,1));
#8274=DIRECTION('',(0.881920593036428,-0.47139799276012556,0));
#8275=FACE_BOUND('',#8276,.T.);
#8276=EDGE_LOOP('',(#8277,#8278,#8279));
#8277=ORIENTED_EDGE('',*,*,#8280,.T.);
#8278=ORIENTED_EDGE('',*,*,#8281,.T.);
#8279=ORIENTED_EDGE('',*,*,#8282,.T.);
#8280=EDGE_CURVE('',#457,#455,#8283,.F.);
#8281=EDGE_CURVE('',#455,#453,#8284,.T.);
#8282=EDGE_CURVE('',#453,#457,#8285,.T.);
#8283=LINE('',#456,#8286);
#8284=LINE('',#454,#8287);
#8285=LINE('',#452,#8288);
#8286=VECTOR('',#8289,1.0);
#8287=VECTOR('',#8290,1.0);
#8288=VECTOR('',#8291,1.0);
#8289=DIRECTION('',(0.881920593036428,-0.47139799276012556,0));
#8290=DIRECTION('',(0.9569407886580253,-0.29028318415395105,0));
#8291=DIRECTION('',(-0.9238795926862721,0.38268328708979166,0));
#8292=FACE_SURFACE('',(#8297),#8293,.T.);
#8293=PLANE('',#8294);
#8294=AXIS2_PLACEMENT_3D('',#452,#8295,#8296);
#8295=DIRECTION('',(-0,0,1));
#8296=DIRECTION('',(0.9951845213596577,-0.09801922488037212,0));
#8297=FACE_BOUND('',#8298,.T.);
#8298=EDGE_LOOP('',(#8299,#8300,#8301));
#8299=ORIENTED_EDGE('',*,*,#8302,.T.);
#8300=ORIENTED_EDGE('',*,*,#8303,.T.);
#8301=ORIENTED_EDGE('',*,*,#8304,.T.);
#8302=EDGE_CURVE('',#453,#451,#8305,.F.);
#8303=EDGE_CURVE('',#451,#449,#8306,.T.);
#8304=EDGE_CURVE('',#449,#453,#8307,.T.);
#8305=LINE('',#452,#8308);
#8306=LINE('',#450,#8309);
#8307=LINE('',#448,#8310);
#8308=VECTOR('',#8311,1.0);
#8309=VECTOR('',#8312,1.0);
#8310=VECTOR('',#8313,1.0);
#8311=DIRECTION('',(0.9951845213596577,-0.09801922488037212,0));
#8312=DIRECTION('',(0.9951843933764081,0.0980205242795133,0));
#8313=DIRECTION('',(-1,0,0));
#8314=FACE_SURFACE('',(#8319),#8315,.T.);
#8315=PLANE('',#8316);
#8316=AXIS2_PLACEMENT_3D('',#448,#8317,#8318);
#8317=DIRECTION('',(0,0,1));
#8318=DIRECTION('',(0.9569402274256693,0.29028503429303487,0));
#8319=FACE_BOUND('',#8320,.T.);
#8320=EDGE_LOOP('',(#8321,#8322,#8323));
#8321=ORIENTED_EDGE('',*,*,#8324,.T.);
#8322=ORIENTED_EDGE('',*,*,#8325,.T.);
#8323=ORIENTED_EDGE('',*,*,#8326,.T.);
#8324=EDGE_CURVE('',#449,#447,#8327,.F.);
#8325=EDGE_CURVE('',#447,#445,#8328,.T.);
#8326=EDGE_CURVE('',#445,#449,#8329,.T.);
#8327=LINE('',#448,#8330);
#8328=LINE('',#446,#8331);
#8329=LINE('',#444,#8332);
#8330=VECTOR('',#8333,1.0);
#8331=VECTOR('',#8334,1.0);
#8332=VECTOR('',#8335,1.0);
#8333=DIRECTION('',(0.9569402274256693,0.29028503429303487,0));
#8334=DIRECTION('',(0.8819191129916227,0.4714007617092588,0));
#8335=DIRECTION('',(-0.9238786125768449,-0.38268565327574544,0));
#8336=FACE_SURFACE('',(#8341),#8337,.T.);
#8337=PLANE('',#8338);
#8338=AXIS2_PLACEMENT_3D('',#444,#8339,#8340);
#8339=DIRECTION('',(0,0,1));
#8340=DIRECTION('',(0.7730118986326124,0.6343915230931161,0));
#8341=FACE_BOUND('',#8342,.T.);
#8342=EDGE_LOOP('',(#8343,#8344,#8345));
#8343=ORIENTED_EDGE('',*,*,#8346,.T.);
#8344=ORIENTED_EDGE('',*,*,#8347,.T.);
#8345=ORIENTED_EDGE('',*,*,#8348,.T.);
#8346=EDGE_CURVE('',#445,#443,#8349,.F.);
#8347=EDGE_CURVE('',#443,#441,#8350,.T.);
#8348=EDGE_CURVE('',#441,#445,#8351,.T.);
#8349=LINE('',#444,#8352);
#8350=LINE('',#442,#8353);
#8351=LINE('',#440,#8354);
#8352=VECTOR('',#8355,1.0);
#8353=VECTOR('',#8356,1.0);
#8354=VECTOR('',#8357,1.0);
#8355=DIRECTION('',(0.7730118986326124,0.6343915230931161,0));
#8356=DIRECTION('',(0.6344020352274818,0.7730032714673523,0));
#8357=DIRECTION('',(-0.707111800560258,-0.7071017617772068,0));
#8358=FACE_SURFACE('',(#8363),#8359,.T.);
#8359=PLANE('',#8360);
#8360=AXIS2_PLACEMENT_3D('',#440,#8361,#8362);
#8361=DIRECTION('',(0,0,1));
#8362=DIRECTION('',(0.4713876320712581,0.8819261308807287,0));
#8363=FACE_BOUND('',#8364,.T.);
#8364=EDGE_LOOP('',(#8365,#8366,#8367));
#8365=ORIENTED_EDGE('',*,*,#8368,.T.);
#8366=ORIENTED_EDGE('',*,*,#8369,.T.);
#8367=ORIENTED_EDGE('',*,*,#8370,.T.);
#8368=EDGE_CURVE('',#441,#439,#8371,.F.);
#8369=EDGE_CURVE('',#439,#437,#8372,.T.);
#8370=EDGE_CURVE('',#437,#441,#8373,.T.);
#8371=LINE('',#440,#8374);
#8372=LINE('',#438,#8375);
#8373=LINE('',#436,#8376);
#8374=VECTOR('',#8377,1.0);
#8375=VECTOR('',#8378,1.0);
#8376=VECTOR('',#8379,1.0);
#8377=DIRECTION('',(0.4713876320712581,0.8819261308807287,0));
#8378=DIRECTION('',(0.2902813340373658,0.9569413498796503,0));
#8379=DIRECTION('',(-0.38267639154803074,-0.923882448881771,0));
#8380=FACE_SURFACE('',(#8385),#8381,.T.);
#8381=PLANE('',#8382);
#8382=AXIS2_PLACEMENT_3D('',#436,#8383,#8384);
#8383=DIRECTION('',(0,0,1));
#8384=DIRECTION('',(0.09801987457565724,0.9951844573686692,0));
#8385=FACE_BOUND('',#8386,.T.);
#8386=EDGE_LOOP('',(#8387,#8388,#8389));
#8387=ORIENTED_EDGE('',*,*,#8390,.T.);
#8388=ORIENTED_EDGE('',*,*,#8391,.T.);
#8389=ORIENTED_EDGE('',*,*,#8392,.T.);
#8390=EDGE_CURVE('',#437,#435,#8393,.F.);
#8391=EDGE_CURVE('',#435,#433,#8394,.T.);
#8392=EDGE_CURVE('',#433,#437,#8395,.T.);
#8393=LINE('',#436,#8396);
#8394=LINE('',#434,#8397);
#8395=LINE('',#432,#8398);
#8396=VECTOR('',#8399,1.0);
#8397=VECTOR('',#8400,1.0);
#8398=VECTOR('',#8401,1.0);
#8399=DIRECTION('',(0.09801987457565724,0.9951844573686692,0));
#8400=DIRECTION('',(-0.09801987457565724,0.9951844573686692,0));
#8401=DIRECTION('',(0,-1,0));
#8402=FACE_SURFACE('',(#8407),#8403,.T.);
#8403=PLANE('',#8404);
#8404=AXIS2_PLACEMENT_3D('',#432,#8405,#8406);
#8405=DIRECTION('',(0,0,1));
#8406=DIRECTION('',(-0.29028503429303487,0.9569402274256693,0));
#8407=FACE_BOUND('',#8408,.T.);
#8408=EDGE_LOOP('',(#8409,#8410,#8411));
#8409=ORIENTED_EDGE('',*,*,#8412,.T.);
#8410=ORIENTED_EDGE('',*,*,#8413,.T.);
#8411=ORIENTED_EDGE('',*,*,#8414,.T.);
#8412=EDGE_CURVE('',#433,#431,#8415,.F.);
#8413=EDGE_CURVE('',#431,#429,#8416,.T.);
#8414=EDGE_CURVE('',#429,#433,#8417,.T.);
#8415=LINE('',#432,#8418);
#8416=LINE('',#430,#8419);
#8417=LINE('',#428,#8420);
#8418=VECTOR('',#8421,1.0);
#8419=VECTOR('',#8422,1.0);
#8420=VECTOR('',#8423,1.0);
#8421=DIRECTION('',(-0.29028503429303487,0.9569402274256693,0));
#8422=DIRECTION('',(-0.4713876320712581,0.8819261308807287,0));
#8423=DIRECTION('',(0.38267875769740833,-0.9238814688081844,0));
#8424=FACE_SURFACE('',(#8429),#8425,.T.);
#8425=PLANE('',#8426);
#8426=AXIS2_PLACEMENT_3D('',#428,#8427,#8428);
#8427=DIRECTION('',(0,0,1));
#8428=DIRECTION('',(-0.6343987690525571,0.773005951998172,0));
#8429=FACE_BOUND('',#8430,.T.);
#8430=EDGE_LOOP('',(#8431,#8432,#8433));
#8431=ORIENTED_EDGE('',*,*,#8434,.T.);
#8432=ORIENTED_EDGE('',*,*,#8435,.T.);
#8433=ORIENTED_EDGE('',*,*,#8436,.T.);
#8434=EDGE_CURVE('',#429,#427,#8437,.F.);
#8435=EDGE_CURVE('',#427,#425,#8438,.T.);
#8436=EDGE_CURVE('',#425,#429,#8439,.T.);
#8437=LINE('',#428,#8440);
#8438=LINE('',#426,#8441);
#8439=LINE('',#424,#8442);
#8440=VECTOR('',#8443,1.0);
#8441=VECTOR('',#8444,1.0);
#8442=VECTOR('',#8445,1.0);
#8443=DIRECTION('',(-0.6343987690525571,0.773005951998172,0));
#8444=DIRECTION('',(-0.7730118986326124,0.6343915230931161,0));
#8445=DIRECTION('',(0.7071101274317291,-0.7071034349255304,0));
#8446=FACE_SURFACE('',(#8451),#8447,.T.);
#8447=PLANE('',#8448);
#8448=AXIS2_PLACEMENT_3D('',#424,#8449,#8450);
#8449=DIRECTION('',(0,0,1));
#8450=DIRECTION('',(-0.8819218819481763,0.47139558137618004,0));
#8451=FACE_BOUND('',#8452,.T.);
#8452=EDGE_LOOP('',(#8453,#8454,#8455));
#8453=ORIENTED_EDGE('',*,*,#8456,.T.);
#8454=ORIENTED_EDGE('',*,*,#8457,.T.);
#8455=ORIENTED_EDGE('',*,*,#8458,.T.);
#8456=EDGE_CURVE('',#425,#423,#8459,.F.);
#8457=EDGE_CURVE('',#423,#421,#8460,.T.);
#8458=EDGE_CURVE('',#421,#425,#8461,.T.);
#8459=LINE('',#424,#8462);
#8460=LINE('',#422,#8463);
#8461=LINE('',#420,#8464);
#8462=VECTOR('',#8465,1.0);
#8463=VECTOR('',#8466,1.0);
#8464=VECTOR('',#8467,1.0);
#8465=DIRECTION('',(-0.8819218819481763,0.47139558137618004,0));
#8466=DIRECTION('',(-0.9569402274256693,0.29028503429303487,0));
#8467=DIRECTION('',(0.9238797956736093,-0.3826827970344234,0));
#8468=FACE_SURFACE('',(#8473),#8469,.T.);
#8469=PLANE('',#8470);
#8470=AXIS2_PLACEMENT_3D('',#420,#8471,#8472);
#8471=DIRECTION('',(0,0,1));
#8472=DIRECTION('',(-0.9951843933764081,0.0980205242795133,0));
#8473=FACE_BOUND('',#8474,.T.);
#8474=EDGE_LOOP('',(#8475,#8476,#8477));
#8475=ORIENTED_EDGE('',*,*,#8478,.T.);
#8476=ORIENTED_EDGE('',*,*,#8479,.T.);
#8477=ORIENTED_EDGE('',*,*,#8480,.T.);
#8478=EDGE_CURVE('',#421,#419,#8481,.F.);
#8479=EDGE_CURVE('',#419,#481,#8482,.T.);
#8480=EDGE_CURVE('',#481,#421,#8483,.T.);
#8481=LINE('',#420,#8484);
#8482=LINE('',#418,#8485);
#8483=LINE('',#480,#8486);
#8484=VECTOR('',#8487,1.0);
#8485=VECTOR('',#8488,1.0);
#8486=VECTOR('',#8489,1.0);
#8487=DIRECTION('',(-0.9951843933764081,0.0980205242795133,0));
#8488=DIRECTION('',(-0.9951845213596577,-0.09801922488037212,0));
#8489=DIRECTION('',(1,0,0));
#8490=FACE_SURFACE('',(#8495),#8491,.T.);
#8491=PLANE('',#8492);
#8492=AXIS2_PLACEMENT_3D('',#480,#8493,#8494);
#8493=DIRECTION('',(0,0,1));
#8494=DIRECTION('',(-0.9569407886580253,-0.29028318415395105,0));
#8495=FACE_BOUND('',#8496,.T.);
#8496=EDGE_LOOP('',(#8497,#8498,#8499));
#8497=ORIENTED_EDGE('',*,*,#8500,.T.);
#8498=ORIENTED_EDGE('',*,*,#8501,.T.);
#8499=ORIENTED_EDGE('',*,*,#8502,.T.);
#8500=EDGE_CURVE('',#481,#479,#8503,.F.);
#8501=EDGE_CURVE('',#479,#477,#8504,.T.);
#8502=EDGE_CURVE('',#477,#481,#8505,.T.);
#8503=LINE('',#480,#8506);
#8504=LINE('',#478,#8507);
#8505=LINE('',#476,#8508);
#8506=VECTOR('',#8509,1.0);
#8507=VECTOR('',#8510,1.0);
#8508=VECTOR('',#8511,1.0);
#8509=DIRECTION('',(-0.9569407886580253,-0.29028318415395105,0));
#8510=DIRECTION('',(-0.8819233619650994,-0.47139281244008846,0));
#8511=DIRECTION('',(0.9238807757696612,0.38268043086007003,0));
#8512=FACE_SURFACE('',(#8517),#8513,.T.);
#8513=PLANE('',#8514);
#8514=AXIS2_PLACEMENT_3D('',#476,#8515,#8516);
#8515=DIRECTION('',(0,0,1));
#8516=DIRECTION('',(-0.7730092181654996,-0.6343947892528462,0));
#8517=FACE_BOUND('',#8518,.T.);
#8518=EDGE_LOOP('',(#8519,#8520,#8521));
#8519=ORIENTED_EDGE('',*,*,#8522,.T.);
#8520=ORIENTED_EDGE('',*,*,#8523,.T.);
#8521=ORIENTED_EDGE('',*,*,#8524,.T.);
#8522=EDGE_CURVE('',#477,#475,#8525,.F.);
#8523=EDGE_CURVE('',#475,#473,#8526,.T.);
#8524=EDGE_CURVE('',#473,#477,#8527,.T.);
#8525=LINE('',#476,#8528);
#8526=LINE('',#474,#8529);
#8527=LINE('',#472,#8530);
#8528=VECTOR('',#8531,1.0);
#8529=VECTOR('',#8532,1.0);
#8530=VECTOR('',#8533,1.0);
#8531=DIRECTION('',(-0.7730092181654996,-0.6343947892528462,0));
#8532=DIRECTION('',(-0.6343908094026878,-0.7730124843399379,0));
#8533=DIRECTION('',(0.7071051080461417,0.7071084543229945,0));
#8534=FACE_SURFACE('',(#8539),#8535,.T.);
#8535=PLANE('',#8536);
#8536=AXIS2_PLACEMENT_3D('',#472,#8537,#8538);
#8537=DIRECTION('',(0,0,1));
#8538=DIRECTION('',(-0.38268447017942475,-0.9238791026338311,0));
#8539=FACE_BOUND('',#8540,.T.);
#8540=EDGE_LOOP('',(#8541,#8542,#8543));
#8541=ORIENTED_EDGE('',*,*,#8544,.T.);
#8542=ORIENTED_EDGE('',*,*,#8545,.T.);
#8543=ORIENTED_EDGE('',*,*,#8546,.T.);
#8544=EDGE_CURVE('',#473,#469,#8547,.F.);
#8545=EDGE_CURVE('',#469,#465,#8548,.T.);
#8546=EDGE_CURVE('',#465,#473,#8549,.T.);
#8547=LINE('',#472,#8550);
#8548=LINE('',#468,#8551);
#8549=LINE('',#464,#8552);
#8550=VECTOR('',#8553,1.0);
#8551=VECTOR('',#8554,1.0);
#8552=VECTOR('',#8555,1.0);
#8553=DIRECTION('',(-0.38268447017942475,-0.9238791026338311,0));
#8554=DIRECTION('',(0,-1,0));
#8555=DIRECTION('',(0.19509050861323338,0.9807852432867401,0));
#8556=FACE_SURFACE('',(#8561),#8557,.T.);
#8557=PLANE('',#8558);
#8558=AXIS2_PLACEMENT_3D('',#464,#8559,#8560);
#8559=DIRECTION('',(0,0,1));
#8560=DIRECTION('',(0.38268210400684627,-0.9238800827341682,0));
#8561=FACE_BOUND('',#8562,.T.);
#8562=EDGE_LOOP('',(#8563,#8564,#8565));
#8563=ORIENTED_EDGE('',*,*,#8566,.T.);
#8564=ORIENTED_EDGE('',*,*,#8567,.T.);
#8565=ORIENTED_EDGE('',*,*,#8568,.T.);
#8566=EDGE_CURVE('',#465,#461,#8569,.F.);
#8567=EDGE_CURVE('',#461,#457,#8570,.T.);
#8568=EDGE_CURVE('',#457,#465,#8571,.T.);
#8569=LINE('',#464,#8572);
#8570=LINE('',#460,#8573);
#8571=LINE('',#456,#8574);
#8572=VECTOR('',#8575,1.0);
#8573=VECTOR('',#8576,1.0);
#8574=VECTOR('',#8577,1.0);
#8575=DIRECTION('',(0.38268210400684627,-0.9238800827341682,0));
#8576=DIRECTION('',(0.7071067811865476,-0.7071067811865476,0));
#8577=DIRECTION('',(-0.5555691234239235,0.8314703537096036,0));
#8578=FACE_SURFACE('',(#8583),#8579,.T.);
#8579=PLANE('',#8580);
#8580=AXIS2_PLACEMENT_3D('',#456,#8581,#8582);
#8581=DIRECTION('',(0,0,1));
#8582=DIRECTION('',(0.9238795926862721,-0.38268328708979166,0));
#8583=FACE_BOUND('',#8584,.T.);
#8584=EDGE_LOOP('',(#8585,#8586,#8587));
#8585=ORIENTED_EDGE('',*,*,#8588,.T.);
#8586=ORIENTED_EDGE('',*,*,#8589,.T.);
#8587=ORIENTED_EDGE('',*,*,#8590,.T.);
#8588=EDGE_CURVE('',#457,#453,#8591,.F.);
#8589=EDGE_CURVE('',#453,#449,#8592,.T.);
#8590=EDGE_CURVE('',#449,#457,#8593,.T.);
#8591=LINE('',#456,#8594);
#8592=LINE('',#452,#8595);
#8593=LINE('',#448,#8596);
#8594=VECTOR('',#8597,1.0);
#8595=VECTOR('',#8598,1.0);
#8596=VECTOR('',#8599,1.0);
#8597=DIRECTION('',(0.9238795926862721,-0.38268328708979166,0));
#8598=DIRECTION('',(1,0,0));
#8599=DIRECTION('',(-0.9807853082143458,0.19509018220015723,0));
#8600=FACE_SURFACE('',(#8605),#8601,.T.);
#8601=PLANE('',#8602);
#8602=AXIS2_PLACEMENT_3D('',#448,#8603,#8604);
#8603=DIRECTION('',(0,0,1));
#8604=DIRECTION('',(0.9238786125768449,0.38268565327574544,0));
#8605=FACE_BOUND('',#8606,.T.);
#8606=EDGE_LOOP('',(#8607,#8608,#8609));
#8607=ORIENTED_EDGE('',*,*,#8610,.T.);
#8608=ORIENTED_EDGE('',*,*,#8611,.T.);
#8609=ORIENTED_EDGE('',*,*,#8612,.T.);
#8610=EDGE_CURVE('',#449,#445,#8613,.F.);
#8611=EDGE_CURVE('',#445,#441,#8614,.T.);
#8612=EDGE_CURVE('',#441,#449,#8615,.T.);
#8613=LINE('',#448,#8616);
#8614=LINE('',#444,#8617);
#8615=LINE('',#440,#8618);
#8616=VECTOR('',#8619,1.0);
#8617=VECTOR('',#8620,1.0);
#8618=VECTOR('',#8621,1.0);
#8619=DIRECTION('',(0.9238786125768449,0.38268565327574544,0));
#8620=DIRECTION('',(0.707111800560258,0.7071017617772068,0));
#8621=DIRECTION('',(-0.8314703537096036,-0.5555691234239235,0));
#8622=FACE_SURFACE('',(#8627),#8623,.T.);
#8623=PLANE('',#8624);
#8624=AXIS2_PLACEMENT_3D('',#440,#8625,#8626);
#8625=DIRECTION('',(0,0,1));
#8626=DIRECTION('',(0.38267639154803074,0.923882448881771,0));
#8627=FACE_BOUND('',#8628,.T.);
#8628=EDGE_LOOP('',(#8629,#8630,#8631));
#8629=ORIENTED_EDGE('',*,*,#8632,.T.);
#8630=ORIENTED_EDGE('',*,*,#8633,.T.);
#8631=ORIENTED_EDGE('',*,*,#8634,.T.);
#8632=EDGE_CURVE('',#441,#437,#8635,.F.);
#8633=EDGE_CURVE('',#437,#433,#8636,.T.);
#8634=EDGE_CURVE('',#433,#441,#8637,.T.);
#8635=LINE('',#440,#8638);
#8636=LINE('',#436,#8639);
#8637=LINE('',#432,#8640);
#8638=VECTOR('',#8641,1.0);
#8639=VECTOR('',#8642,1.0);
#8640=VECTOR('',#8643,1.0);
#8641=DIRECTION('',(0.38267639154803074,0.923882448881771,0));
#8642=DIRECTION('',(0,1,0));
#8643=DIRECTION('',(-0.19508657381417233,-0.9807860259595095,0));
#8644=FACE_SURFACE('',(#8649),#8645,.T.);
#8645=PLANE('',#8646);
#8646=AXIS2_PLACEMENT_3D('',#432,#8647,#8648);
#8647=DIRECTION('',(0,0,1));
#8648=DIRECTION('',(-0.38267875769740833,0.9238814688081844,0));
#8649=FACE_BOUND('',#8650,.T.);
#8650=EDGE_LOOP('',(#8651,#8652,#8653));
#8651=ORIENTED_EDGE('',*,*,#8654,.T.);
#8652=ORIENTED_EDGE('',*,*,#8655,.T.);
#8653=ORIENTED_EDGE('',*,*,#8656,.T.);
#8654=EDGE_CURVE('',#433,#429,#8657,.F.);
#8655=EDGE_CURVE('',#429,#425,#8658,.T.);
#8656=EDGE_CURVE('',#425,#433,#8659,.T.);
#8657=LINE('',#432,#8660);
#8658=LINE('',#428,#8661);
#8659=LINE('',#424,#8662);
#8660=VECTOR('',#8663,1.0);
#8661=VECTOR('',#8664,1.0);
#8662=VECTOR('',#8665,1.0);
#8663=DIRECTION('',(-0.38267875769740833,0.9238814688081844,0));
#8664=DIRECTION('',(-0.7071101274317291,0.7071034349255304,0));
#8665=DIRECTION('',(0.5555710908260293,-0.8314690391339753,0));
#8666=FACE_SURFACE('',(#8671),#8667,.T.);
#8667=PLANE('',#8668);
#8668=AXIS2_PLACEMENT_3D('',#424,#8669,#8670);
#8669=DIRECTION('',(0,0,1));
#8670=DIRECTION('',(-0.9238797956736093,0.3826827970344234,0));
#8671=FACE_BOUND('',#8672,.T.);
#8672=EDGE_LOOP('',(#8673,#8674,#8675));
#8673=ORIENTED_EDGE('',*,*,#8676,.T.);
#8674=ORIENTED_EDGE('',*,*,#8677,.T.);
#8675=ORIENTED_EDGE('',*,*,#8678,.T.);
#8676=EDGE_CURVE('',#425,#421,#8679,.F.);
#8677=EDGE_CURVE('',#421,#481,#8680,.T.);
#8678=EDGE_CURVE('',#481,#425,#8681,.T.);
#8679=LINE('',#424,#8682);
#8680=LINE('',#420,#8683);
#8681=LINE('',#480,#8684);
#8682=VECTOR('',#8685,1.0);
#8683=VECTOR('',#8686,1.0);
#8684=VECTOR('',#8687,1.0);
#8685=DIRECTION('',(-0.9238797956736093,0.3826827970344234,0));
#8686=DIRECTION('',(-1,0,0));
#8687=DIRECTION('',(0.9807855047722263,-0.19508919403362462,0));
#8688=FACE_SURFACE('',(#8693),#8689,.T.);
#8689=PLANE('',#8690);
#8690=AXIS2_PLACEMENT_3D('',#480,#8691,#8692);
#8691=DIRECTION('',(0,0,1));
#8692=DIRECTION('',(-0.9238807757696612,-0.38268043086007003,0));
#8693=FACE_BOUND('',#8694,.T.);
#8694=EDGE_LOOP('',(#8695,#8696,#8697));
#8695=ORIENTED_EDGE('',*,*,#8698,.T.);
#8696=ORIENTED_EDGE('',*,*,#8699,.T.);
#8697=ORIENTED_EDGE('',*,*,#8700,.T.);
#8698=EDGE_CURVE('',#481,#477,#8701,.F.);
#8699=EDGE_CURVE('',#477,#473,#8702,.T.);
#8700=EDGE_CURVE('',#473,#481,#8703,.T.);
#8701=LINE('',#480,#8704);
#8702=LINE('',#476,#8705);
#8703=LINE('',#472,#8706);
#8704=VECTOR('',#8707,1.0);
#8705=VECTOR('',#8708,1.0);
#8706=VECTOR('',#8709,1.0);
#8707=DIRECTION('',(-0.9238807757696612,-0.38268043086007003,0));
#8708=DIRECTION('',(-0.7071051080461417,-0.7071084543229945,0));
#8709=DIRECTION('',(0.8314698271654363,0.5555699114544268,0));
#8710=FACE_SURFACE('',(#8715),#8711,.T.);
#8711=PLANE('',#8712);
#8712=AXIS2_PLACEMENT_3D('',#472,#8713,#8714);
#8713=DIRECTION('',(0,0,1));
#8714=DIRECTION('',(-0.19509050861323338,-0.9807852432867401,0));
#8715=FACE_BOUND('',#8716,.T.);
#8716=EDGE_LOOP('',(#8717,#8718,#8719));
#8717=ORIENTED_EDGE('',*,*,#8720,.T.);
#8718=ORIENTED_EDGE('',*,*,#8721,.T.);
#8719=ORIENTED_EDGE('',*,*,#8722,.T.);
#8720=EDGE_CURVE('',#473,#465,#8723,.F.);
#8721=EDGE_CURVE('',#465,#457,#8724,.T.);
#8722=EDGE_CURVE('',#457,#473,#8725,.T.);
#8723=LINE('',#472,#8726);
#8724=LINE('',#464,#8727);
#8725=LINE('',#456,#8728);
#8726=VECTOR('',#8729,1.0);
#8727=VECTOR('',#8730,1.0);
#8728=VECTOR('',#8731,1.0);
#8729=DIRECTION('',(-0.19509050861323338,-0.9807852432867401,0));
#8730=DIRECTION('',(0.5555691234239235,-0.8314703537096036,0));
#8731=DIRECTION('',(-0.19508981597822836,0.9807853810602915,0));
#8732=FACE_SURFACE('',(#8737),#8733,.T.);
#8733=PLANE('',#8734);
#8734=AXIS2_PLACEMENT_3D('',#456,#8735,#8736);
#8735=DIRECTION('',(-0,0,1));
#8736=DIRECTION('',(0.9807853082143458,-0.19509018220015723,0));
#8737=FACE_BOUND('',#8738,.T.);
#8738=EDGE_LOOP('',(#8739,#8740,#8741));
#8739=ORIENTED_EDGE('',*,*,#8742,.T.);
#8740=ORIENTED_EDGE('',*,*,#8743,.T.);
#8741=ORIENTED_EDGE('',*,*,#8744,.T.);
#8742=EDGE_CURVE('',#457,#449,#8745,.F.);
#8743=EDGE_CURVE('',#449,#441,#8746,.T.);
#8744=EDGE_CURVE('',#441,#457,#8747,.T.);
#8745=LINE('',#456,#8748);
#8746=LINE('',#448,#8749);
#8747=LINE('',#440,#8750);
#8748=VECTOR('',#8751,1.0);
#8749=VECTOR('',#8752,1.0);
#8750=VECTOR('',#8753,1.0);
#8751=DIRECTION('',(0.9807853082143458,-0.19509018220015723,0));
#8752=DIRECTION('',(0.8314703537096036,0.5555691234239235,0));
#8753=DIRECTION('',(-0.98078541619862,-0.19508963932536091,0));
#8754=FACE_SURFACE('',(#8759),#8755,.T.);
#8755=PLANE('',#8756);
#8756=AXIS2_PLACEMENT_3D('',#440,#8757,#8758);
#8757=DIRECTION('',(0,-0,1));
#8758=DIRECTION('',(0.19508657381417233,0.9807860259595095,0));
#8759=FACE_BOUND('',#8760,.T.);
#8760=EDGE_LOOP('',(#8761,#8762,#8763));
#8761=ORIENTED_EDGE('',*,*,#8764,.T.);
#8762=ORIENTED_EDGE('',*,*,#8765,.T.);
#8763=ORIENTED_EDGE('',*,*,#8766,.T.);
#8764=EDGE_CURVE('',#441,#433,#8767,.F.);
#8765=EDGE_CURVE('',#433,#425,#8768,.T.);
#8766=EDGE_CURVE('',#425,#441,#8769,.T.);
#8767=LINE('',#440,#8770);
#8768=LINE('',#432,#8771);
#8769=LINE('',#424,#8772);
#8770=VECTOR('',#8773,1.0);
#8771=VECTOR('',#8774,1.0);
#8772=VECTOR('',#8775,1.0);
#8773=DIRECTION('',(0.19508657381417233,0.9807860259595095,0));
#8774=DIRECTION('',(-0.5555710908260293,0.8314690391339753,0));
#8775=DIRECTION('',(0.19509230361233956,-0.9807848862371559,0));
#8776=FACE_SURFACE('',(#8781),#8777,.T.);
#8777=PLANE('',#8778);
#8778=AXIS2_PLACEMENT_3D('',#424,#8779,#8780);
#8779=DIRECTION('',(0,0,1));
#8780=DIRECTION('',(-0.9807855047722263,0.19508919403362462,0));
#8781=FACE_BOUND('',#8782,.T.);
#8782=EDGE_LOOP('',(#8783,#8784,#8785));
#8783=ORIENTED_EDGE('',*,*,#8786,.T.);
#8784=ORIENTED_EDGE('',*,*,#8787,.T.);
#8785=ORIENTED_EDGE('',*,*,#8788,.T.);
#8786=EDGE_CURVE('',#425,#481,#8789,.F.);
#8787=EDGE_CURVE('',#481,#473,#8790,.T.);
#8788=EDGE_CURVE('',#473,#425,#8791,.T.);
#8789=LINE('',#424,#8792);
#8790=LINE('',#480,#8793);
#8791=LINE('',#472,#8794);
#8792=VECTOR('',#8795,1.0);
#8793=VECTOR('',#8796,1.0);
#8794=VECTOR('',#8797,1.0);
#8795=DIRECTION('',(-0.9807855047722263,0.19508919403362462,0));
#8796=DIRECTION('',(-0.8314698271654363,-0.5555699114544268,0));
#8797=DIRECTION('',(0.9807851341293258,0.19509105738326502,0));
#8798=FACE_SURFACE('',(#8803),#8799,.T.);
#8799=PLANE('',#8800);
#8800=AXIS2_PLACEMENT_3D('',#472,#8801,#8802);
#8801=DIRECTION('',(0,0,1));
#8802=DIRECTION('',(0.19508981597822836,-0.9807853810602915,0));
#8803=FACE_BOUND('',#8804,.T.);
#8804=EDGE_LOOP('',(#8805,#8806,#8807));
#8805=ORIENTED_EDGE('',*,*,#8808,.T.);
#8806=ORIENTED_EDGE('',*,*,#8809,.T.);
#8807=ORIENTED_EDGE('',*,*,#8810,.T.);
#8808=EDGE_CURVE('',#473,#457,#8811,.F.);
#8809=EDGE_CURVE('',#457,#441,#8812,.T.);
#8810=EDGE_CURVE('',#441,#473,#8813,.T.);
#8811=LINE('',#472,#8814);
#8812=LINE('',#456,#8815);
#8813=LINE('',#440,#8816);
#8814=VECTOR('',#8817,1.0);
#8815=VECTOR('',#8818,1.0);
#8816=VECTOR('',#8819,1.0);
#8817=DIRECTION('',(0.19508981597822836,-0.9807853810602915,0));
#8818=DIRECTION('',(0.98078541619862,0.19508963932536091,0));
#8819=DIRECTION('',(-0.8314695271553296,0.5555703604513945,0));
#8820=FACE_SURFACE('',(#8825),#8821,.T.);
#8821=PLANE('',#8822);
#8822=AXIS2_PLACEMENT_3D('',#440,#8823,#8824);
#8823=DIRECTION('',(0,0,1));
#8824=DIRECTION('',(-0.19509230361233956,0.9807848862371559,0));
#8825=FACE_BOUND('',#8826,.T.);
#8826=EDGE_LOOP('',(#8827,#8828,#8829));
#8827=ORIENTED_EDGE('',*,*,#8830,.T.);
#8828=ORIENTED_EDGE('',*,*,#8831,.T.);
#8829=ORIENTED_EDGE('',*,*,#8832,.T.);
#8830=EDGE_CURVE('',#441,#425,#8833,.F.);
#8831=EDGE_CURVE('',#425,#473,#8834,.T.);
#8832=EDGE_CURVE('',#473,#441,#8835,.T.);
#8833=LINE('',#440,#8836);
#8834=LINE('',#424,#8837);
#8835=LINE('',#472,#8838);
#8836=VECTOR('',#8839,1.0);
#8837=VECTOR('',#8840,1.0);
#8838=VECTOR('',#8841,1.0);
#8839=DIRECTION('',(-0.19509230361233956,0.9807848862371559,0));
#8840=DIRECTION('',(-0.9807851341293258,-0.19509105738326502,0));
#8841=DIRECTION('',(0.8314695271553296,-0.5555703604513945,0));
#8842=FACE_SURFACE('',(#8847),#8843,.T.);
#8843=PLANE('',#8844);
#8844=AXIS2_PLACEMENT_3D('',#152,#8845,#8846);
#8845=DIRECTION('',(-0.09801262859213908,-0.9951851710292208,-0));
#8846=DIRECTION('',(0,0,-1));
#8847=FACE_BOUND('',#8848,.T.);
#8848=EDGE_LOOP('',(#8849,#8850,#8851));
#8849=ORIENTED_EDGE('',*,*,#8852,.T.);
#8850=ORIENTED_EDGE('',*,*,#8853,.T.);
#8851=ORIENTED_EDGE('',*,*,#8854,.T.);
#8852=EDGE_CURVE('',#153,#483,#8855,.F.);
#8853=EDGE_CURVE('',#483,#485,#8856,.T.);
#8854=EDGE_CURVE('',#485,#153,#8857,.T.);
#8855=LINE('',#152,#8858);
#8856=LINE('',#482,#8859);
#8857=LINE('',#484,#8860);
#8858=VECTOR('',#8861,1.0);
#8859=VECTOR('',#8862,1.0);
#8860=VECTOR('',#8863,1.0);
#8861=DIRECTION('',(0,0,-1));
#8862=DIRECTION('',(0.9951851710292209,-0.09801262859213908,0));
#8863=DIRECTION('',(-0.06437800033461065,0.006340384905228384,0.9979054427109667));
#8864=FACE_SURFACE('',(#8869),#8865,.T.);
#8865=PLANE('',#8866);
#8866=AXIS2_PLACEMENT_3D('',#152,#8867,#8868);
#8867=DIRECTION('',(-0.09801262859213908,-0.9951851710292208,0));
#8868=DIRECTION('',(0.06437800033461065,-0.006340384905228384,-0.9979054427109667));
#8869=FACE_BOUND('',#8870,.T.);
#8870=EDGE_LOOP('',(#8871,#8872,#8873));
#8871=ORIENTED_EDGE('',*,*,#8874,.T.);
#8872=ORIENTED_EDGE('',*,*,#8875,.T.);
#8873=ORIENTED_EDGE('',*,*,#8876,.T.);
#8874=EDGE_CURVE('',#153,#485,#8877,.F.);
#8875=EDGE_CURVE('',#485,#147,#8878,.T.);
#8876=EDGE_CURVE('',#147,#153,#8879,.T.);
#8877=LINE('',#152,#8880);
#8878=LINE('',#484,#8881);
#8879=LINE('',#146,#8882);
#8880=VECTOR('',#8883,1.0);
#8881=VECTOR('',#8884,1.0);
#8882=VECTOR('',#8885,1.0);
#8883=DIRECTION('',(0.06437800033461065,-0.006340384905228384,-0.9979054427109667));
#8884=DIRECTION('',(0,0,1));
#8885=DIRECTION('',(-0.9951851710292209,0.09801262859213908,0));
#8886=FACE_SURFACE('',(#8891),#8887,.T.);
#8887=PLANE('',#8888);
#8888=AXIS2_PLACEMENT_3D('',#146,#8889,#8890);
#8889=DIRECTION('',(-0.29027708504790517,-0.9569426387700003,-0));
#8890=DIRECTION('',(0,0,-1));
#8891=FACE_BOUND('',#8892,.T.);
#8892=EDGE_LOOP('',(#8893,#8894,#8895));
#8893=ORIENTED_EDGE('',*,*,#8896,.T.);
#8894=ORIENTED_EDGE('',*,*,#8897,.T.);
#8895=ORIENTED_EDGE('',*,*,#8898,.T.);
#8896=EDGE_CURVE('',#147,#485,#8899,.F.);
#8897=EDGE_CURVE('',#485,#487,#8900,.T.);
#8898=EDGE_CURVE('',#487,#147,#8901,.T.);
#8899=LINE('',#146,#8902);
#8900=LINE('',#484,#8903);
#8901=LINE('',#486,#8904);
#8902=VECTOR('',#8905,1.0);
#8903=VECTOR('',#8906,1.0);
#8904=VECTOR('',#8907,1.0);
#8905=DIRECTION('',(0,0,-1));
#8906=DIRECTION('',(0.9569426387700003,-0.29027708504790517,0));
#8907=DIRECTION('',(-0.061903632239348506,0.018777725218109425,0.9979054751584483));
#8908=FACE_SURFACE('',(#8913),#8909,.T.);
#8909=PLANE('',#8910);
#8910=AXIS2_PLACEMENT_3D('',#146,#8911,#8912);
#8911=DIRECTION('',(-0.29027708504790517,-0.9569426387700003,0));
#8912=DIRECTION('',(0.061903632239348506,-0.018777725218109425,-0.9979054751584483));
#8913=FACE_BOUND('',#8914,.T.);
#8914=EDGE_LOOP('',(#8915,#8916,#8917));
#8915=ORIENTED_EDGE('',*,*,#8918,.T.);
#8916=ORIENTED_EDGE('',*,*,#8919,.T.);
#8917=ORIENTED_EDGE('',*,*,#8920,.T.);
#8918=EDGE_CURVE('',#147,#487,#8921,.F.);
#8919=EDGE_CURVE('',#487,#145,#8922,.T.);
#8920=EDGE_CURVE('',#145,#147,#8923,.T.);
#8921=LINE('',#146,#8924);
#8922=LINE('',#486,#8925);
#8923=LINE('',#144,#8926);
#8924=VECTOR('',#8927,1.0);
#8925=VECTOR('',#8928,1.0);
#8926=VECTOR('',#8929,1.0);
#8927=DIRECTION('',(0.061903632239348506,-0.018777725218109425,-0.9979054751584483));
#8928=DIRECTION('',(0,0,1));
#8929=DIRECTION('',(-0.9569426387700003,0.29027708504790517,0));
#8930=FACE_SURFACE('',(#8935),#8931,.T.);
#8931=PLANE('',#8932);
#8932=AXIS2_PLACEMENT_3D('',#144,#8933,#8934);
#8933=DIRECTION('',(-0.4714031730313694,-0.8819178240947151,-0));
#8934=DIRECTION('',(0,0,-1));
#8935=FACE_BOUND('',#8936,.T.);
#8936=EDGE_LOOP('',(#8937,#8938,#8939));
#8937=ORIENTED_EDGE('',*,*,#8940,.T.);
#8938=ORIENTED_EDGE('',*,*,#8941,.T.);
#8939=ORIENTED_EDGE('',*,*,#8942,.T.);
#8940=EDGE_CURVE('',#145,#487,#8943,.F.);
#8941=EDGE_CURVE('',#487,#489,#8944,.T.);
#8942=EDGE_CURVE('',#489,#145,#8945,.T.);
#8943=LINE('',#144,#8946);
#8944=LINE('',#486,#8947);
#8945=LINE('',#488,#8948);
#8946=VECTOR('',#8949,1.0);
#8947=VECTOR('',#8950,1.0);
#8948=VECTOR('',#8951,1.0);
#8949=DIRECTION('',(0,0,-1));
#8950=DIRECTION('',(0.8819178240947152,-0.4714031730313694,0));
#8951=DIRECTION('',(-0.057050539730659995,0.030494684104827686,0.9979054615331991));
#8952=FACE_SURFACE('',(#8957),#8953,.T.);
#8953=PLANE('',#8954);
#8954=AXIS2_PLACEMENT_3D('',#144,#8955,#8956);
#8955=DIRECTION('',(-0.4714031730313694,-0.8819178240947151,0));
#8956=DIRECTION('',(0.057050539730659995,-0.030494684104827686,-0.9979054615331991));
#8957=FACE_BOUND('',#8958,.T.);
#8958=EDGE_LOOP('',(#8959,#8960,#8961));
#8959=ORIENTED_EDGE('',*,*,#8962,.T.);
#8960=ORIENTED_EDGE('',*,*,#8963,.T.);
#8961=ORIENTED_EDGE('',*,*,#8964,.T.);
#8962=EDGE_CURVE('',#145,#489,#8965,.F.);
#8963=EDGE_CURVE('',#489,#137,#8966,.T.);
#8964=EDGE_CURVE('',#137,#145,#8967,.T.);
#8965=LINE('',#144,#8968);
#8966=LINE('',#488,#8969);
#8967=LINE('',#136,#8970);
#8968=VECTOR('',#8971,1.0);
#8969=VECTOR('',#8972,1.0);
#8970=VECTOR('',#8973,1.0);
#8971=DIRECTION('',(0.057050539730659995,-0.030494684104827686,-0.9979054615331991));
#8972=DIRECTION('',(0,0,1));
#8973=DIRECTION('',(-0.8819178240947152,0.4714031730313694,0));
#8974=FACE_SURFACE('',(#8979),#8975,.T.);
#8975=PLANE('',#8976);
#8976=AXIS2_PLACEMENT_3D('',#66,#8977,#8978);
#8977=DIRECTION('',(-0.6343903279214772,-0.773012879478525,0));
#8978=DIRECTION('',(-0.773012879478525,0.6343903279214772,0));
#8979=FACE_BOUND('',#8980,.T.);
#8980=EDGE_LOOP('',(#8981,#8982,#8983));
#8981=ORIENTED_EDGE('',*,*,#8984,.T.);
#8982=ORIENTED_EDGE('',*,*,#8985,.T.);
#8983=ORIENTED_EDGE('',*,*,#8986,.T.);
#8984=EDGE_CURVE('',#67,#137,#8987,.F.);
#8985=EDGE_CURVE('',#137,#489,#8988,.T.);
#8986=EDGE_CURVE('',#489,#67,#8989,.T.);
#8987=LINE('',#66,#8990);
#8988=LINE('',#136,#8991);
#8989=LINE('',#488,#8992);
#8990=VECTOR('',#8993,1.0);
#8991=VECTOR('',#8994,1.0);
#8992=VECTOR('',#8995,1.0);
#8993=DIRECTION('',(-0.773012879478525,0.6343903279214772,0));
#8994=DIRECTION('',(0,0,-1));
#8995=DIRECTION('',(0.01844920802644661,-0.015140755659445854,0.9997151515513095));
#8996=FACE_SURFACE('',(#9001),#8997,.T.);
#8997=PLANE('',#8998);
#8998=AXIS2_PLACEMENT_3D('',#488,#8999,#9000);
#8999=DIRECTION('',(-0.6343940755918346,-0.7730098038537299,0));
#9000=DIRECTION('',(0.7730098038537297,-0.6343940755918345,0));
#9001=FACE_BOUND('',#9002,.T.);
#9002=EDGE_LOOP('',(#9003,#9004,#9005));
#9003=ORIENTED_EDGE('',*,*,#9006,.T.);
#9004=ORIENTED_EDGE('',*,*,#9007,.T.);
#9005=ORIENTED_EDGE('',*,*,#9008,.T.);
#9006=EDGE_CURVE('',#489,#491,#9009,.F.);
#9007=EDGE_CURVE('',#491,#69,#9010,.T.);
#9008=EDGE_CURVE('',#69,#489,#9011,.T.);
#9009=LINE('',#488,#9012);
#9010=LINE('',#490,#9013);
#9011=LINE('',#68,#9014);
#9012=VECTOR('',#9015,1.0);
#9013=VECTOR('',#9016,1.0);
#9014=VECTOR('',#9017,1.0);
#9015=DIRECTION('',(0.7730098038537297,-0.6343940755918345,0));
#9016=DIRECTION('',(0,0,1));
#9017=DIRECTION('',(-0.050004855811523176,0.04103801028072971,-0.9979055045982397));
#9018=FACE_SURFACE('',(#9023),#9019,.T.);
#9019=PLANE('',#9020);
#9020=AXIS2_PLACEMENT_3D('',#66,#9021,#9022);
#9021=DIRECTION('',(-0.6343962603917466,-0.7730080108258476,1.8321664766763527E-07));
#9022=DIRECTION('',(-0.01844920802644661,0.015140755659445854,-0.9997151515513095));
#9023=FACE_BOUND('',#9024,.T.);
#9024=EDGE_LOOP('',(#9025,#9026,#9027));
#9025=ORIENTED_EDGE('',*,*,#9028,.T.);
#9026=ORIENTED_EDGE('',*,*,#9029,.T.);
#9027=ORIENTED_EDGE('',*,*,#9030,.T.);
#9028=EDGE_CURVE('',#67,#489,#9031,.F.);
#9029=EDGE_CURVE('',#489,#69,#9032,.T.);
#9030=EDGE_CURVE('',#69,#67,#9033,.T.);
#9031=LINE('',#66,#9034);
#9032=LINE('',#488,#9035);
#9033=LINE('',#68,#9036);
#9034=VECTOR('',#9037,1.0);
#9035=VECTOR('',#9038,1.0);
#9036=VECTOR('',#9039,1.0);
#9037=DIRECTION('',(-0.01844920802644661,0.015140755659445854,-0.9997151515513095));
#9038=DIRECTION('',(0.050004855811523176,-0.04103801028072971,0.9979055045982397));
#9039=DIRECTION('',(-0.7730080108258606,0.6343962603917572,0));
#9040=FACE_SURFACE('',(#9045),#9041,.T.);
#9041=PLANE('',#9042);
#9042=AXIS2_PLACEMENT_3D('',#68,#9043,#9044);
#9043=DIRECTION('',(-0.7730092181654995,-0.6343947892528462,-0));
#9044=DIRECTION('',(0,0,-1));
#9045=FACE_BOUND('',#9046,.T.);
#9046=EDGE_LOOP('',(#9047,#9048,#9049));
#9047=ORIENTED_EDGE('',*,*,#9050,.T.);
#9048=ORIENTED_EDGE('',*,*,#9051,.T.);
#9049=ORIENTED_EDGE('',*,*,#9052,.T.);
#9050=EDGE_CURVE('',#69,#491,#9053,.F.);
#9051=EDGE_CURVE('',#491,#493,#9054,.T.);
#9052=EDGE_CURVE('',#493,#69,#9055,.T.);
#9053=LINE('',#68,#9056);
#9054=LINE('',#490,#9057);
#9055=LINE('',#492,#9058);
#9056=VECTOR('',#9059,1.0);
#9057=VECTOR('',#9060,1.0);
#9058=VECTOR('',#9061,1.0);
#9059=DIRECTION('',(0,0,-1));
#9060=DIRECTION('',(0.6343947892528462,-0.7730092181654996,0));
#9061=DIRECTION('',(-0.04103843952073222,0.05000528469979237,0.9979054654544167));
#9062=FACE_SURFACE('',(#9067),#9063,.T.);
#9063=PLANE('',#9064);
#9064=AXIS2_PLACEMENT_3D('',#68,#9065,#9066);
#9065=DIRECTION('',(-0.7730092181654995,-0.6343947892528462,0));
#9066=DIRECTION('',(0.04103843952073222,-0.05000528469979237,-0.9979054654544167));
#9067=FACE_BOUND('',#9068,.T.);
#9068=EDGE_LOOP('',(#9069,#9070,#9071));
#9069=ORIENTED_EDGE('',*,*,#9072,.T.);
#9070=ORIENTED_EDGE('',*,*,#9073,.T.);
#9071=ORIENTED_EDGE('',*,*,#9074,.T.);
#9072=EDGE_CURVE('',#69,#493,#9075,.F.);
#9073=EDGE_CURVE('',#493,#75,#9076,.T.);
#9074=EDGE_CURVE('',#75,#69,#9077,.T.);
#9075=LINE('',#68,#9078);
#9076=LINE('',#492,#9079);
#9077=LINE('',#74,#9080);
#9078=VECTOR('',#9081,1.0);
#9079=VECTOR('',#9082,1.0);
#9080=VECTOR('',#9083,1.0);
#9081=DIRECTION('',(0.04103843952073222,-0.05000528469979237,-0.9979054654544167));
#9082=DIRECTION('',(0,0,1));
#9083=DIRECTION('',(-0.6343947892528462,0.7730092181654996,0));
#9084=FACE_SURFACE('',(#9089),#9085,.T.);
#9085=PLANE('',#9086);
#9086=AXIS2_PLACEMENT_3D('',#492,#9087,#9088);
#9087=DIRECTION('',(-0.8819220730551526,-0.4713952238388743,0));
#9088=DIRECTION('',(0.4713952238388742,-0.8819220730551525,0));
#9089=FACE_BOUND('',#9090,.T.);
#9090=EDGE_LOOP('',(#9091,#9092,#9093));
#9091=ORIENTED_EDGE('',*,*,#9094,.T.);
#9092=ORIENTED_EDGE('',*,*,#9095,.T.);
#9093=ORIENTED_EDGE('',*,*,#9096,.T.);
#9094=EDGE_CURVE('',#493,#495,#9097,.F.);
#9095=EDGE_CURVE('',#495,#77,#9098,.T.);
#9096=EDGE_CURVE('',#77,#493,#9099,.T.);
#9097=LINE('',#492,#9100);
#9098=LINE('',#494,#9101);
#9099=LINE('',#76,#9102);
#9100=VECTOR('',#9103,1.0);
#9101=VECTOR('',#9104,1.0);
#9102=VECTOR('',#9105,1.0);
#9103=DIRECTION('',(0.4713952238388742,-0.8819220730551525,0));
#9104=DIRECTION('',(0,0,1));
#9105=DIRECTION('',(-0.030494252906162415,0.057050969927653,-0.9979054501153949));
#9106=FACE_SURFACE('',(#9111),#9107,.T.);
#9107=PLANE('',#9108);
#9108=AXIS2_PLACEMENT_3D('',#492,#9109,#9110);
#9109=DIRECTION('',(-0.8819220730551526,-0.4713952238388743,0));
#9110=DIRECTION('',(0.030494252906162415,-0.057050969927653,0.9979054501153949));
#9111=FACE_BOUND('',#9112,.T.);
#9112=EDGE_LOOP('',(#9113,#9114,#9115));
#9113=ORIENTED_EDGE('',*,*,#9116,.T.);
#9114=ORIENTED_EDGE('',*,*,#9117,.T.);
#9115=ORIENTED_EDGE('',*,*,#9118,.T.);
#9116=EDGE_CURVE('',#493,#77,#9119,.F.);
#9117=EDGE_CURVE('',#77,#75,#9120,.T.);
#9118=EDGE_CURVE('',#75,#493,#9121,.T.);
#9119=LINE('',#492,#9122);
#9120=LINE('',#76,#9123);
#9121=LINE('',#74,#9124);
#9122=VECTOR('',#9125,1.0);
#9123=VECTOR('',#9126,1.0);
#9124=VECTOR('',#9127,1.0);
#9125=DIRECTION('',(0.030494252906162415,-0.057050969927653,0.9979054501153949));
#9126=DIRECTION('',(-0.4713952238388742,0.8819220730551525,0));
#9127=DIRECTION('',(0,0,-1));
#9128=FACE_SURFACE('',(#9133),#9129,.T.);
#9129=PLANE('',#9130);
#9130=AXIS2_PLACEMENT_3D('',#494,#9131,#9132);
#9131=DIRECTION('',(-0.9569407886580252,-0.290283184153951,0));
#9132=DIRECTION('',(0.29028318415395105,-0.9569407886580253,0));
#9133=FACE_BOUND('',#9134,.T.);
#9134=EDGE_LOOP('',(#9135,#9136,#9137));
#9135=ORIENTED_EDGE('',*,*,#9138,.T.);
#9136=ORIENTED_EDGE('',*,*,#9139,.T.);
#9137=ORIENTED_EDGE('',*,*,#9140,.T.);
#9138=EDGE_CURVE('',#495,#497,#9141,.F.);
#9139=EDGE_CURVE('',#497,#83,#9142,.T.);
#9140=EDGE_CURVE('',#83,#495,#9143,.T.);
#9141=LINE('',#494,#9144);
#9142=LINE('',#496,#9145);
#9143=LINE('',#82,#9146);
#9144=VECTOR('',#9147,1.0);
#9145=VECTOR('',#9148,1.0);
#9146=VECTOR('',#9149,1.0);
#9147=DIRECTION('',(0.29028318415395105,-0.9569407886580253,0));
#9148=DIRECTION('',(0,0,1));
#9149=DIRECTION('',(-0.01877815591594823,0.061903631738518955,-0.9979054670849229));
#9150=FACE_SURFACE('',(#9155),#9151,.T.);
#9151=PLANE('',#9152);
#9152=AXIS2_PLACEMENT_3D('',#494,#9153,#9154);
#9153=DIRECTION('',(-0.9569407886580252,-0.290283184153951,0));
#9154=DIRECTION('',(0.01877815591594823,-0.061903631738518955,0.9979054670849229));
#9155=FACE_BOUND('',#9156,.T.);
#9156=EDGE_LOOP('',(#9157,#9158,#9159));
#9157=ORIENTED_EDGE('',*,*,#9160,.T.);
#9158=ORIENTED_EDGE('',*,*,#9161,.T.);
#9159=ORIENTED_EDGE('',*,*,#9162,.T.);
#9160=EDGE_CURVE('',#495,#83,#9163,.F.);
#9161=EDGE_CURVE('',#83,#77,#9164,.T.);
#9162=EDGE_CURVE('',#77,#495,#9165,.T.);
#9163=LINE('',#494,#9166);
#9164=LINE('',#82,#9167);
#9165=LINE('',#76,#9168);
#9166=VECTOR('',#9169,1.0);
#9167=VECTOR('',#9170,1.0);
#9168=VECTOR('',#9171,1.0);
#9169=DIRECTION('',(0.01877815591594823,-0.061903631738518955,0.9979054670849229));
#9170=DIRECTION('',(-0.29028318415395105,0.9569407886580253,0));
#9171=DIRECTION('',(0,0,-1));
#9172=FACE_SURFACE('',(#9177),#9173,.T.);
#9173=PLANE('',#9174);
#9174=AXIS2_PLACEMENT_3D('',#496,#9175,#9176);
#9175=DIRECTION('',(-0.9951850430631125,-0.09801392790553252,0));
#9176=DIRECTION('',(0.09801392790553251,-0.9951850430631124,0));
#9177=FACE_BOUND('',#9178,.T.);
#9178=EDGE_LOOP('',(#9179,#9180,#9181));
#9179=ORIENTED_EDGE('',*,*,#9182,.T.);
#9180=ORIENTED_EDGE('',*,*,#9183,.T.);
#9181=ORIENTED_EDGE('',*,*,#9184,.T.);
#9182=EDGE_CURVE('',#497,#499,#9185,.F.);
#9183=EDGE_CURVE('',#499,#85,#9186,.T.);
#9184=EDGE_CURVE('',#85,#497,#9187,.T.);
#9185=LINE('',#496,#9188);
#9186=LINE('',#498,#9189);
#9187=LINE('',#84,#9190);
#9188=VECTOR('',#9191,1.0);
#9189=VECTOR('',#9192,1.0);
#9190=VECTOR('',#9193,1.0);
#9191=DIRECTION('',(0.09801392790553251,-0.9951850430631124,0));
#9192=DIRECTION('',(0,0,1));
#9193=DIRECTION('',(-0.006340385256955681,0.06437714220637815,-0.9979054980688968));
#9194=FACE_SURFACE('',(#9199),#9195,.T.);
#9195=PLANE('',#9196);
#9196=AXIS2_PLACEMENT_3D('',#496,#9197,#9198);
#9197=DIRECTION('',(-0.9951850430631125,-0.09801392790553252,0));
#9198=DIRECTION('',(0.006340385256955681,-0.06437714220637815,0.9979054980688968));
#9199=FACE_BOUND('',#9200,.T.);
#9200=EDGE_LOOP('',(#9201,#9202,#9203));
#9201=ORIENTED_EDGE('',*,*,#9204,.T.);
#9202=ORIENTED_EDGE('',*,*,#9205,.T.);
#9203=ORIENTED_EDGE('',*,*,#9206,.T.);
#9204=EDGE_CURVE('',#497,#85,#9207,.F.);
#9205=EDGE_CURVE('',#85,#83,#9208,.T.);
#9206=EDGE_CURVE('',#83,#497,#9209,.T.);
#9207=LINE('',#496,#9210);
#9208=LINE('',#84,#9211);
#9209=LINE('',#82,#9212);
#9210=VECTOR('',#9213,1.0);
#9211=VECTOR('',#9214,1.0);
#9212=VECTOR('',#9215,1.0);
#9213=DIRECTION('',(0.006340385256955681,-0.06437714220637815,0.9979054980688968));
#9214=DIRECTION('',(-0.09801392790553251,0.9951850430631124,0));
#9215=DIRECTION('',(0,0,-1));
#9216=FACE_SURFACE('',(#9221),#9217,.T.);
#9217=PLANE('',#9218);
#9218=AXIS2_PLACEMENT_3D('',#498,#9219,#9220);
#9219=DIRECTION('',(-0.9951850430631125,0.09801392790553252,0));
#9220=DIRECTION('',(-0.09801392790553251,-0.9951850430631124,0));
#9221=FACE_BOUND('',#9222,.T.);
#9222=EDGE_LOOP('',(#9223,#9224,#9225));
#9223=ORIENTED_EDGE('',*,*,#9226,.T.);
#9224=ORIENTED_EDGE('',*,*,#9227,.T.);
#9225=ORIENTED_EDGE('',*,*,#9228,.T.);
#9226=EDGE_CURVE('',#499,#501,#9229,.F.);
#9227=EDGE_CURVE('',#501,#87,#9230,.T.);
#9228=EDGE_CURVE('',#87,#499,#9231,.T.);
#9229=LINE('',#498,#9232);
#9230=LINE('',#500,#9233);
#9231=LINE('',#86,#9234);
#9232=VECTOR('',#9235,1.0);
#9233=VECTOR('',#9236,1.0);
#9234=VECTOR('',#9237,1.0);
#9235=DIRECTION('',(-0.09801392790553251,-0.9951850430631124,0));
#9236=DIRECTION('',(0,0,1));
#9237=DIRECTION('',(0.006340385256955681,0.06437714220637815,-0.9979054980688968));
#9238=FACE_SURFACE('',(#9243),#9239,.T.);
#9239=PLANE('',#9240);
#9240=AXIS2_PLACEMENT_3D('',#498,#9241,#9242);
#9241=DIRECTION('',(-0.9951850430631125,0.09801392790553252,0));
#9242=DIRECTION('',(-0.006340385256955681,-0.06437714220637815,0.9979054980688968));
#9243=FACE_BOUND('',#9244,.T.);
#9244=EDGE_LOOP('',(#9245,#9246,#9247));
#9245=ORIENTED_EDGE('',*,*,#9248,.T.);
#9246=ORIENTED_EDGE('',*,*,#9249,.T.);
#9247=ORIENTED_EDGE('',*,*,#9250,.T.);
#9248=EDGE_CURVE('',#499,#87,#9251,.F.);
#9249=EDGE_CURVE('',#87,#85,#9252,.T.);
#9250=EDGE_CURVE('',#85,#499,#9253,.T.);
#9251=LINE('',#498,#9254);
#9252=LINE('',#86,#9255);
#9253=LINE('',#84,#9256);
#9254=VECTOR('',#9257,1.0);
#9255=VECTOR('',#9258,1.0);
#9256=VECTOR('',#9259,1.0);
#9257=DIRECTION('',(-0.006340385256955681,-0.06437714220637815,0.9979054980688968));
#9258=DIRECTION('',(0.09801392790553251,0.9951850430631124,0));
#9259=DIRECTION('',(0,0,-1));
#9260=FACE_SURFACE('',(#9265),#9261,.T.);
#9261=PLANE('',#9262);
#9262=AXIS2_PLACEMENT_3D('',#500,#9263,#9264);
#9263=DIRECTION('',(-0.9569413498796503,0.2902813340373658,0));
#9264=DIRECTION('',(-0.2902813340373658,-0.9569413498796503,0));
#9265=FACE_BOUND('',#9266,.T.);
#9266=EDGE_LOOP('',(#9267,#9268,#9269));
#9267=ORIENTED_EDGE('',*,*,#9270,.T.);
#9268=ORIENTED_EDGE('',*,*,#9271,.T.);
#9269=ORIENTED_EDGE('',*,*,#9272,.T.);
#9270=EDGE_CURVE('',#501,#503,#9273,.F.);
#9271=EDGE_CURVE('',#503,#91,#9274,.T.);
#9272=EDGE_CURVE('',#91,#501,#9275,.T.);
#9273=LINE('',#500,#9276);
#9274=LINE('',#502,#9277);
#9275=LINE('',#90,#9278);
#9276=VECTOR('',#9279,1.0);
#9277=VECTOR('',#9280,1.0);
#9278=VECTOR('',#9281,1.0);
#9279=DIRECTION('',(-0.2902813340373658,-0.9569413498796503,0));
#9280=DIRECTION('',(0,0,1));
#9281=DIRECTION('',(0.018778155415111217,0.06190406093721927,-0.9979054404695301));
#9282=FACE_SURFACE('',(#9287),#9283,.T.);
#9283=PLANE('',#9284);
#9284=AXIS2_PLACEMENT_3D('',#500,#9285,#9286);
#9285=DIRECTION('',(-0.9569413498796503,0.2902813340373658,0));
#9286=DIRECTION('',(-0.018778155415111217,-0.06190406093721927,0.9979054404695301));
#9287=FACE_BOUND('',#9288,.T.);
#9288=EDGE_LOOP('',(#9289,#9290,#9291));
#9289=ORIENTED_EDGE('',*,*,#9292,.T.);
#9290=ORIENTED_EDGE('',*,*,#9293,.T.);
#9291=ORIENTED_EDGE('',*,*,#9294,.T.);
#9292=EDGE_CURVE('',#501,#91,#9295,.F.);
#9293=EDGE_CURVE('',#91,#87,#9296,.T.);
#9294=EDGE_CURVE('',#87,#501,#9297,.T.);
#9295=LINE('',#500,#9298);
#9296=LINE('',#90,#9299);
#9297=LINE('',#86,#9300);
#9298=VECTOR('',#9301,1.0);
#9299=VECTOR('',#9302,1.0);
#9300=VECTOR('',#9303,1.0);
#9301=DIRECTION('',(-0.018778155415111217,-0.06190406093721927,0.9979054404695301));
#9302=DIRECTION('',(0.2902813340373658,0.9569413498796503,0));
#9303=DIRECTION('',(0,0,-1));
#9304=FACE_SURFACE('',(#9309),#9305,.T.);
#9305=PLANE('',#9306);
#9306=AXIS2_PLACEMENT_3D('',#502,#9307,#9308);
#9307=DIRECTION('',(-0.8819205930364279,0.4713979927601255,0));
#9308=DIRECTION('',(-0.47139799276012556,-0.881920593036428,0));
#9309=FACE_BOUND('',#9310,.T.);
#9310=EDGE_LOOP('',(#9311,#9312,#9313));
#9311=ORIENTED_EDGE('',*,*,#9314,.T.);
#9312=ORIENTED_EDGE('',*,*,#9315,.T.);
#9313=ORIENTED_EDGE('',*,*,#9316,.T.);
#9314=EDGE_CURVE('',#503,#505,#9317,.F.);
#9315=EDGE_CURVE('',#505,#95,#9318,.T.);
#9316=EDGE_CURVE('',#95,#503,#9319,.T.);
#9317=LINE('',#502,#9320);
#9318=LINE('',#504,#9321);
#9319=LINE('',#94,#9322);
#9320=VECTOR('',#9323,1.0);
#9321=VECTOR('',#9324,1.0);
#9322=VECTOR('',#9325,1.0);
#9323=DIRECTION('',(-0.47139799276012556,-0.881920593036428,0));
#9324=DIRECTION('',(0,0,1));
#9325=DIRECTION('',(0.030494253655720435,0.05705054048022049,-0.9979054746442146));
#9326=FACE_SURFACE('',(#9331),#9327,.T.);
#9327=PLANE('',#9328);
#9328=AXIS2_PLACEMENT_3D('',#502,#9329,#9330);
#9329=DIRECTION('',(-0.8819205930364279,0.4713979927601255,0));
#9330=DIRECTION('',(-0.030494253655720435,-0.05705054048022049,0.9979054746442146));
#9331=FACE_BOUND('',#9332,.T.);
#9332=EDGE_LOOP('',(#9333,#9334,#9335));
#9333=ORIENTED_EDGE('',*,*,#9336,.T.);
#9334=ORIENTED_EDGE('',*,*,#9337,.T.);
#9335=ORIENTED_EDGE('',*,*,#9338,.T.);
#9336=EDGE_CURVE('',#503,#95,#9339,.F.);
#9337=EDGE_CURVE('',#95,#91,#9340,.T.);
#9338=EDGE_CURVE('',#91,#503,#9341,.T.);
#9339=LINE('',#502,#9342);
#9340=LINE('',#94,#9343);
#9341=LINE('',#90,#9344);
#9342=VECTOR('',#9345,1.0);
#9343=VECTOR('',#9346,1.0);
#9344=VECTOR('',#9347,1.0);
#9345=DIRECTION('',(-0.030494253655720435,-0.05705054048022049,0.9979054746442146));
#9346=DIRECTION('',(0.47139799276012556,0.881920593036428,0));
#9347=DIRECTION('',(0,0,-1));
#9348=FACE_SURFACE('',(#9353),#9349,.T.);
#9349=PLANE('',#9350);
#9350=AXIS2_PLACEMENT_3D('',#504,#9351,#9352);
#9351=DIRECTION('',(-0.7730065376569852,0.634398055434882,0));
#9352=DIRECTION('',(-0.634398055434882,-0.7730065376569853,0));
#9353=FACE_BOUND('',#9354,.T.);
#9354=EDGE_LOOP('',(#9355,#9356,#9357));
#9355=ORIENTED_EDGE('',*,*,#9358,.T.);
#9356=ORIENTED_EDGE('',*,*,#9359,.T.);
#9357=ORIENTED_EDGE('',*,*,#9360,.T.);
#9358=EDGE_CURVE('',#505,#507,#9361,.F.);
#9359=EDGE_CURVE('',#507,#99,#9362,.T.);
#9360=EDGE_CURVE('',#99,#505,#9363,.T.);
#9361=LINE('',#504,#9364);
#9362=LINE('',#506,#9365);
#9363=LINE('',#98,#9366);
#9364=VECTOR('',#9367,1.0);
#9365=VECTOR('',#9368,1.0);
#9366=VECTOR('',#9369,1.0);
#9367=DIRECTION('',(-0.634398055434882,-0.7730065376569853,0));
#9368=DIRECTION('',(0,0,1));
#9369=DIRECTION('',(0.04103844040489196,0.05000485492737182,-0.9979054869539632));
#9370=FACE_SURFACE('',(#9375),#9371,.T.);
#9371=PLANE('',#9372);
#9372=AXIS2_PLACEMENT_3D('',#504,#9373,#9374);
#9373=DIRECTION('',(-0.7730065376569852,0.634398055434882,0));
#9374=DIRECTION('',(-0.04103844040489196,-0.05000485492737182,0.9979054869539632));
#9375=FACE_BOUND('',#9376,.T.);
#9376=EDGE_LOOP('',(#9377,#9378,#9379));
#9377=ORIENTED_EDGE('',*,*,#9380,.T.);
#9378=ORIENTED_EDGE('',*,*,#9381,.T.);
#9379=ORIENTED_EDGE('',*,*,#9382,.T.);
#9380=EDGE_CURVE('',#505,#99,#9383,.F.);
#9381=EDGE_CURVE('',#99,#95,#9384,.T.);
#9382=EDGE_CURVE('',#95,#505,#9385,.T.);
#9383=LINE('',#504,#9386);
#9384=LINE('',#98,#9387);
#9385=LINE('',#94,#9388);
#9386=VECTOR('',#9389,1.0);
#9387=VECTOR('',#9390,1.0);
#9388=VECTOR('',#9391,1.0);
#9389=DIRECTION('',(-0.04103844040489196,-0.05000485492737182,0.9979054869539632));
#9390=DIRECTION('',(0.634398055434882,0.7730065376569853,0));
#9391=DIRECTION('',(0,0,-1));
#9392=FACE_SURFACE('',(#9397),#9393,.T.);
#9393=PLANE('',#9394);
#9394=AXIS2_PLACEMENT_3D('',#506,#9395,#9396);
#9395=DIRECTION('',(-0.6344020352274817,0.7730032714673521,0));
#9396=DIRECTION('',(-0.7730032714673523,-0.6344020352274818,0));
#9397=FACE_BOUND('',#9398,.T.);
#9398=EDGE_LOOP('',(#9399,#9400,#9401));
#9399=ORIENTED_EDGE('',*,*,#9402,.T.);
#9400=ORIENTED_EDGE('',*,*,#9403,.T.);
#9401=ORIENTED_EDGE('',*,*,#9404,.T.);
#9402=EDGE_CURVE('',#507,#509,#9405,.F.);
#9403=EDGE_CURVE('',#509,#103,#9406,.T.);
#9404=EDGE_CURVE('',#103,#507,#9407,.T.);
#9405=LINE('',#506,#9408);
#9406=LINE('',#508,#9409);
#9407=LINE('',#102,#9410);
#9408=VECTOR('',#9411,1.0);
#9409=VECTOR('',#9412,1.0);
#9410=VECTOR('',#9413,1.0);
#9411=DIRECTION('',(-0.7730032714673523,-0.6344020352274818,0));
#9412=DIRECTION('',(0,0,1));
#9413=DIRECTION('',(0.05000485404321124,0.04103887052903141,-0.9979054693095025));
#9414=FACE_SURFACE('',(#9419),#9415,.T.);
#9415=PLANE('',#9416);
#9416=AXIS2_PLACEMENT_3D('',#506,#9417,#9418);
#9417=DIRECTION('',(-0.6344020352274817,0.7730032714673521,0));
#9418=DIRECTION('',(-0.05000485404321124,-0.04103887052903141,0.9979054693095025));
#9419=FACE_BOUND('',#9420,.T.);
#9420=EDGE_LOOP('',(#9421,#9422,#9423));
#9421=ORIENTED_EDGE('',*,*,#9424,.T.);
#9422=ORIENTED_EDGE('',*,*,#9425,.T.);
#9423=ORIENTED_EDGE('',*,*,#9426,.T.);
#9424=EDGE_CURVE('',#507,#103,#9427,.F.);
#9425=EDGE_CURVE('',#103,#99,#9428,.T.);
#9426=EDGE_CURVE('',#99,#507,#9429,.T.);
#9427=LINE('',#506,#9430);
#9428=LINE('',#102,#9431);
#9429=LINE('',#98,#9432);
#9430=VECTOR('',#9433,1.0);
#9431=VECTOR('',#9434,1.0);
#9432=VECTOR('',#9435,1.0);
#9433=DIRECTION('',(-0.05000485404321124,-0.04103887052903141,0.9979054693095025));
#9434=DIRECTION('',(0.7730032714673523,0.6344020352274818,0));
#9435=DIRECTION('',(0,0,-1));
#9436=FACE_SURFACE('',(#9441),#9437,.T.);
#9437=PLANE('',#9438);
#9438=AXIS2_PLACEMENT_3D('',#508,#9439,#9440);
#9439=DIRECTION('',(-0.4713928124400884,0.8819233619650992,0));
#9440=DIRECTION('',(-0.8819233619650994,-0.47139281244008846,0));
#9441=FACE_BOUND('',#9442,.T.);
#9442=EDGE_LOOP('',(#9443,#9444,#9445));
#9443=ORIENTED_EDGE('',*,*,#9446,.T.);
#9444=ORIENTED_EDGE('',*,*,#9447,.T.);
#9445=ORIENTED_EDGE('',*,*,#9448,.T.);
#9446=EDGE_CURVE('',#509,#511,#9449,.F.);
#9447=EDGE_CURVE('',#511,#107,#9450,.T.);
#9448=EDGE_CURVE('',#107,#509,#9451,.T.);
#9449=LINE('',#508,#9452);
#9450=LINE('',#510,#9453);
#9451=LINE('',#106,#9454);
#9452=VECTOR('',#9455,1.0);
#9453=VECTOR('',#9456,1.0);
#9454=VECTOR('',#9457,1.0);
#9455=DIRECTION('',(-0.8819233619650994,-0.47139281244008846,0));
#9456=DIRECTION('',(0,0,1));
#9457=DIRECTION('',(0.05705054122977042,0.03049382320659622,-0.9979054877550454));
#9458=FACE_SURFACE('',(#9463),#9459,.T.);
#9459=PLANE('',#9460);
#9460=AXIS2_PLACEMENT_3D('',#508,#9461,#9462);
#9461=DIRECTION('',(-0.4713928124400884,0.8819233619650992,0));
#9462=DIRECTION('',(-0.05705054122977042,-0.03049382320659622,0.9979054877550454));
#9463=FACE_BOUND('',#9464,.T.);
#9464=EDGE_LOOP('',(#9465,#9466,#9467));
#9465=ORIENTED_EDGE('',*,*,#9468,.T.);
#9466=ORIENTED_EDGE('',*,*,#9469,.T.);
#9467=ORIENTED_EDGE('',*,*,#9470,.T.);
#9468=EDGE_CURVE('',#509,#107,#9471,.F.);
#9469=EDGE_CURVE('',#107,#103,#9472,.T.);
#9470=EDGE_CURVE('',#103,#509,#9473,.T.);
#9471=LINE('',#508,#9474);
#9472=LINE('',#106,#9475);
#9473=LINE('',#102,#9476);
#9474=VECTOR('',#9477,1.0);
#9475=VECTOR('',#9478,1.0);
#9476=VECTOR('',#9479,1.0);
#9477=DIRECTION('',(-0.05705054122977042,-0.03049382320659622,0.9979054877550454));
#9478=DIRECTION('',(0.8819233619650994,0.47139281244008846,0));
#9479=DIRECTION('',(0,0,-1));
#9480=FACE_SURFACE('',(#9485),#9481,.T.);
#9481=PLANE('',#9482);
#9482=AXIS2_PLACEMENT_3D('',#510,#9483,#9484);
#9483=DIRECTION('',(-0.29027708504790517,0.9569426387700003,0));
#9484=DIRECTION('',(-0.9569426387700003,-0.29027708504790517,0));
#9485=FACE_BOUND('',#9486,.T.);
#9486=EDGE_LOOP('',(#9487,#9488,#9489));
#9487=ORIENTED_EDGE('',*,*,#9490,.T.);
#9488=ORIENTED_EDGE('',*,*,#9491,.T.);
#9489=ORIENTED_EDGE('',*,*,#9492,.T.);
#9490=EDGE_CURVE('',#511,#513,#9493,.F.);
#9491=EDGE_CURVE('',#513,#111,#9494,.T.);
#9492=EDGE_CURVE('',#111,#511,#9495,.T.);
#9493=LINE('',#510,#9496);
#9494=LINE('',#512,#9497);
#9495=LINE('',#110,#9498);
#9496=VECTOR('',#9499,1.0);
#9497=VECTOR('',#9500,1.0);
#9498=VECTOR('',#9501,1.0);
#9499=DIRECTION('',(-0.9569426387700003,-0.29027708504790517,0));
#9500=DIRECTION('',(0,0,1));
#9501=DIRECTION('',(0.061903632239348506,0.018777725218109425,-0.9979054751584483));
#9502=FACE_SURFACE('',(#9507),#9503,.T.);
#9503=PLANE('',#9504);
#9504=AXIS2_PLACEMENT_3D('',#510,#9505,#9506);
#9505=DIRECTION('',(-0.29027708504790517,0.9569426387700003,0));
#9506=DIRECTION('',(-0.061903632239348506,-0.018777725218109425,0.9979054751584483));
#9507=FACE_BOUND('',#9508,.T.);
#9508=EDGE_LOOP('',(#9509,#9510,#9511));
#9509=ORIENTED_EDGE('',*,*,#9512,.T.);
#9510=ORIENTED_EDGE('',*,*,#9513,.T.);
#9511=ORIENTED_EDGE('',*,*,#9514,.T.);
#9512=EDGE_CURVE('',#511,#111,#9515,.F.);
#9513=EDGE_CURVE('',#111,#107,#9516,.T.);
#9514=EDGE_CURVE('',#107,#511,#9517,.T.);
#9515=LINE('',#510,#9518);
#9516=LINE('',#110,#9519);
#9517=LINE('',#106,#9520);
#9518=VECTOR('',#9521,1.0);
#9519=VECTOR('',#9522,1.0);
#9520=VECTOR('',#9523,1.0);
#9521=DIRECTION('',(-0.061903632239348506,-0.018777725218109425,0.9979054751584483));
#9522=DIRECTION('',(0.9569426387700003,0.29027708504790517,0));
#9523=DIRECTION('',(0,0,-1));
#9524=FACE_SURFACE('',(#9529),#9525,.T.);
#9525=PLANE('',#9526);
#9526=AXIS2_PLACEMENT_3D('',#512,#9527,#9528);
#9527=DIRECTION('',(-0.09802582115568632,0.9951838716472216,0));
#9528=DIRECTION('',(-0.9951838716472214,-0.09802582115568632,0));
#9529=FACE_BOUND('',#9530,.T.);
#9530=EDGE_LOOP('',(#9531,#9532,#9533));
#9531=ORIENTED_EDGE('',*,*,#9534,.T.);
#9532=ORIENTED_EDGE('',*,*,#9535,.T.);
#9533=ORIENTED_EDGE('',*,*,#9536,.T.);
#9534=EDGE_CURVE('',#513,#515,#9537,.F.);
#9535=EDGE_CURVE('',#515,#115,#9538,.T.);
#9536=EDGE_CURVE('',#115,#513,#9539,.T.);
#9537=LINE('',#512,#9540);
#9538=LINE('',#514,#9541);
#9539=LINE('',#114,#9542);
#9540=VECTOR('',#9543,1.0);
#9541=VECTOR('',#9544,1.0);
#9542=VECTOR('',#9545,1.0);
#9543=DIRECTION('',(-0.9951838716472214,-0.09802582115568632,0));
#9544=DIRECTION('',(0,0,1));
#9545=DIRECTION('',(0.06437799998285713,0.0063412465700784446,-0.9979054372585334));
#9546=FACE_SURFACE('',(#9551),#9547,.T.);
#9547=PLANE('',#9548);
#9548=AXIS2_PLACEMENT_3D('',#512,#9549,#9550);
#9549=DIRECTION('',(-0.09802582115568632,0.9951838716472216,0));
#9550=DIRECTION('',(-0.06437799998285713,-0.0063412465700784446,0.9979054372585334));
#9551=FACE_BOUND('',#9552,.T.);
#9552=EDGE_LOOP('',(#9553,#9554,#9555));
#9553=ORIENTED_EDGE('',*,*,#9556,.T.);
#9554=ORIENTED_EDGE('',*,*,#9557,.T.);
#9555=ORIENTED_EDGE('',*,*,#9558,.T.);
#9556=EDGE_CURVE('',#513,#115,#9559,.F.);
#9557=EDGE_CURVE('',#115,#111,#9560,.T.);
#9558=EDGE_CURVE('',#111,#513,#9561,.T.);
#9559=LINE('',#512,#9562);
#9560=LINE('',#114,#9563);
#9561=LINE('',#110,#9564);
#9562=VECTOR('',#9565,1.0);
#9563=VECTOR('',#9566,1.0);
#9564=VECTOR('',#9567,1.0);
#9565=DIRECTION('',(-0.06437799998285713,-0.0063412465700784446,0.9979054372585334));
#9566=DIRECTION('',(0.9951838716472214,0.09802582115568632,0));
#9567=DIRECTION('',(0,0,-1));
#9568=FACE_SURFACE('',(#9573),#9569,.T.);
#9569=PLANE('',#9570);
#9570=AXIS2_PLACEMENT_3D('',#514,#9571,#9572);
#9571=DIRECTION('',(0.09802647089384477,0.9951838076476617,0));
#9572=DIRECTION('',(-0.9951838076476617,0.09802647089384477,0));
#9573=FACE_BOUND('',#9574,.T.);
#9574=EDGE_LOOP('',(#9575,#9576,#9577));
#9575=ORIENTED_EDGE('',*,*,#9578,.T.);
#9576=ORIENTED_EDGE('',*,*,#9579,.T.);
#9577=ORIENTED_EDGE('',*,*,#9580,.T.);
#9578=EDGE_CURVE('',#515,#517,#9581,.F.);
#9579=EDGE_CURVE('',#517,#135,#9582,.T.);
#9580=EDGE_CURVE('',#135,#515,#9583,.T.);
#9581=LINE('',#514,#9584);
#9582=LINE('',#516,#9585);
#9583=LINE('',#134,#9586);
#9584=VECTOR('',#9587,1.0);
#9585=VECTOR('',#9588,1.0);
#9586=VECTOR('',#9589,1.0);
#9587=DIRECTION('',(-0.9951838076476617,0.09802647089384477,0));
#9588=DIRECTION('',(0,0,1));
#9589=DIRECTION('',(0.06437757091876105,-0.0063412467459665715,-0.9979054649375895));
#9590=FACE_SURFACE('',(#9595),#9591,.T.);
#9591=PLANE('',#9592);
#9592=AXIS2_PLACEMENT_3D('',#514,#9593,#9594);
#9593=DIRECTION('',(0.09802647089384477,0.9951838076476617,-0));
#9594=DIRECTION('',(-0.06437757091876105,0.0063412467459665715,0.9979054649375895));
#9595=FACE_BOUND('',#9596,.T.);
#9596=EDGE_LOOP('',(#9597,#9598,#9599));
#9597=ORIENTED_EDGE('',*,*,#9600,.T.);
#9598=ORIENTED_EDGE('',*,*,#9601,.T.);
#9599=ORIENTED_EDGE('',*,*,#9602,.T.);
#9600=EDGE_CURVE('',#515,#135,#9603,.F.);
#9601=EDGE_CURVE('',#135,#115,#9604,.T.);
#9602=EDGE_CURVE('',#115,#515,#9605,.T.);
#9603=LINE('',#514,#9606);
#9604=LINE('',#134,#9607);
#9605=LINE('',#114,#9608);
#9606=VECTOR('',#9609,1.0);
#9607=VECTOR('',#9610,1.0);
#9608=VECTOR('',#9611,1.0);
#9609=DIRECTION('',(-0.06437757091876105,0.0063412467459665715,0.9979054649375895));
#9610=DIRECTION('',(0.9951838076476617,-0.09802647089384477,0));
#9611=DIRECTION('',(0,0,-1));
#9612=FACE_SURFACE('',(#9617),#9613,.T.);
#9613=PLANE('',#9614);
#9614=AXIS2_PLACEMENT_3D('',#516,#9615,#9616);
#9615=DIRECTION('',(0.29027708504790517,0.9569426387700003,0));
#9616=DIRECTION('',(-0.9569426387700003,0.29027708504790517,0));
#9617=FACE_BOUND('',#9618,.T.);
#9618=EDGE_LOOP('',(#9619,#9620,#9621));
#9619=ORIENTED_EDGE('',*,*,#9622,.T.);
#9620=ORIENTED_EDGE('',*,*,#9623,.T.);
#9621=ORIENTED_EDGE('',*,*,#9624,.T.);
#9622=EDGE_CURVE('',#517,#519,#9625,.F.);
#9623=EDGE_CURVE('',#519,#133,#9626,.T.);
#9624=EDGE_CURVE('',#133,#517,#9627,.T.);
#9625=LINE('',#516,#9628);
#9626=LINE('',#518,#9629);
#9627=LINE('',#132,#9630);
#9628=VECTOR('',#9631,1.0);
#9629=VECTOR('',#9632,1.0);
#9630=VECTOR('',#9633,1.0);
#9631=DIRECTION('',(-0.9569426387700003,0.29027708504790517,0));
#9632=DIRECTION('',(0,0,1));
#9633=DIRECTION('',(0.061903632239348506,-0.018777725218109425,-0.9979054751584483));
#9634=FACE_SURFACE('',(#9639),#9635,.T.);
#9635=PLANE('',#9636);
#9636=AXIS2_PLACEMENT_3D('',#516,#9637,#9638);
#9637=DIRECTION('',(0.29027708504790517,0.9569426387700003,-0));
#9638=DIRECTION('',(-0.061903632239348506,0.018777725218109425,0.9979054751584483));
#9639=FACE_BOUND('',#9640,.T.);
#9640=EDGE_LOOP('',(#9641,#9642,#9643));
#9641=ORIENTED_EDGE('',*,*,#9644,.T.);
#9642=ORIENTED_EDGE('',*,*,#9645,.T.);
#9643=ORIENTED_EDGE('',*,*,#9646,.T.);
#9644=EDGE_CURVE('',#517,#133,#9647,.F.);
#9645=EDGE_CURVE('',#133,#135,#9648,.T.);
#9646=EDGE_CURVE('',#135,#517,#9649,.T.);
#9647=LINE('',#516,#9650);
#9648=LINE('',#132,#9651);
#9649=LINE('',#134,#9652);
#9650=VECTOR('',#9653,1.0);
#9651=VECTOR('',#9654,1.0);
#9652=VECTOR('',#9655,1.0);
#9653=DIRECTION('',(-0.061903632239348506,0.018777725218109425,0.9979054751584483));
#9654=DIRECTION('',(0.9569426387700003,-0.29027708504790517,0));
#9655=DIRECTION('',(0,0,-1));
#9656=FACE_SURFACE('',(#9661),#9657,.T.);
#9657=PLANE('',#9658);
#9658=AXIS2_PLACEMENT_3D('',#518,#9659,#9660);
#9659=DIRECTION('',(0.4713928124400884,0.8819233619650992,0));
#9660=DIRECTION('',(-0.8819233619650994,0.47139281244008846,0));
#9661=FACE_BOUND('',#9662,.T.);
#9662=EDGE_LOOP('',(#9663,#9664,#9665));
#9663=ORIENTED_EDGE('',*,*,#9666,.T.);
#9664=ORIENTED_EDGE('',*,*,#9667,.T.);
#9665=ORIENTED_EDGE('',*,*,#9668,.T.);
#9666=EDGE_CURVE('',#519,#521,#9669,.F.);
#9667=EDGE_CURVE('',#521,#127,#9670,.T.);
#9668=EDGE_CURVE('',#127,#519,#9671,.T.);
#9669=LINE('',#518,#9672);
#9670=LINE('',#520,#9673);
#9671=LINE('',#126,#9674);
#9672=VECTOR('',#9675,1.0);
#9673=VECTOR('',#9676,1.0);
#9674=VECTOR('',#9677,1.0);
#9675=DIRECTION('',(-0.8819233619650994,0.47139281244008846,0));
#9676=DIRECTION('',(0,0,1));
#9677=DIRECTION('',(0.05705054122977042,-0.03049382320659622,-0.9979054877550454));
#9678=FACE_SURFACE('',(#9683),#9679,.T.);
#9679=PLANE('',#9680);
#9680=AXIS2_PLACEMENT_3D('',#518,#9681,#9682);
#9681=DIRECTION('',(0.4713928124400884,0.8819233619650992,-0));
#9682=DIRECTION('',(-0.05705054122977042,0.03049382320659622,0.9979054877550454));
#9683=FACE_BOUND('',#9684,.T.);
#9684=EDGE_LOOP('',(#9685,#9686,#9687));
#9685=ORIENTED_EDGE('',*,*,#9688,.T.);
#9686=ORIENTED_EDGE('',*,*,#9689,.T.);
#9687=ORIENTED_EDGE('',*,*,#9690,.T.);
#9688=EDGE_CURVE('',#519,#127,#9691,.F.);
#9689=EDGE_CURVE('',#127,#133,#9692,.T.);
#9690=EDGE_CURVE('',#133,#519,#9693,.T.);
#9691=LINE('',#518,#9694);
#9692=LINE('',#126,#9695);
#9693=LINE('',#132,#9696);
#9694=VECTOR('',#9697,1.0);
#9695=VECTOR('',#9698,1.0);
#9696=VECTOR('',#9699,1.0);
#9697=DIRECTION('',(-0.05705054122977042,0.03049382320659622,0.9979054877550454));
#9698=DIRECTION('',(0.8819233619650994,-0.47139281244008846,0));
#9699=DIRECTION('',(0,0,-1));
#9700=FACE_SURFACE('',(#9705),#9701,.T.);
#9701=PLANE('',#9702);
#9702=AXIS2_PLACEMENT_3D('',#520,#9703,#9704);
#9703=DIRECTION('',(0.6344020352274817,0.7730032714673521,0));
#9704=DIRECTION('',(-0.7730032714673523,0.6344020352274818,0));
#9705=FACE_BOUND('',#9706,.T.);
#9706=EDGE_LOOP('',(#9707,#9708,#9709));
#9707=ORIENTED_EDGE('',*,*,#9710,.T.);
#9708=ORIENTED_EDGE('',*,*,#9711,.T.);
#9709=ORIENTED_EDGE('',*,*,#9712,.T.);
#9710=EDGE_CURVE('',#521,#523,#9713,.F.);
#9711=EDGE_CURVE('',#523,#123,#9714,.T.);
#9712=EDGE_CURVE('',#123,#521,#9715,.T.);
#9713=LINE('',#520,#9716);
#9714=LINE('',#522,#9717);
#9715=LINE('',#122,#9718);
#9716=VECTOR('',#9719,1.0);
#9717=VECTOR('',#9720,1.0);
#9718=VECTOR('',#9721,1.0);
#9719=DIRECTION('',(-0.7730032714673523,0.6344020352274818,0));
#9720=DIRECTION('',(0,0,1));
#9721=DIRECTION('',(0.05000485404321124,-0.04103887052903141,-0.9979054693095025));
#9722=FACE_SURFACE('',(#9727),#9723,.T.);
#9723=PLANE('',#9724);
#9724=AXIS2_PLACEMENT_3D('',#520,#9725,#9726);
#9725=DIRECTION('',(0.6344020352274817,0.7730032714673521,-0));
#9726=DIRECTION('',(-0.05000485404321124,0.04103887052903141,0.9979054693095025));
#9727=FACE_BOUND('',#9728,.T.);
#9728=EDGE_LOOP('',(#9729,#9730,#9731));
#9729=ORIENTED_EDGE('',*,*,#9732,.T.);
#9730=ORIENTED_EDGE('',*,*,#9733,.T.);
#9731=ORIENTED_EDGE('',*,*,#9734,.T.);
#9732=EDGE_CURVE('',#521,#123,#9735,.F.);
#9733=EDGE_CURVE('',#123,#127,#9736,.T.);
#9734=EDGE_CURVE('',#127,#521,#9737,.T.);
#9735=LINE('',#520,#9738);
#9736=LINE('',#122,#9739);
#9737=LINE('',#126,#9740);
#9738=VECTOR('',#9741,1.0);
#9739=VECTOR('',#9742,1.0);
#9740=VECTOR('',#9743,1.0);
#9741=DIRECTION('',(-0.05000485404321124,0.04103887052903141,0.9979054693095025));
#9742=DIRECTION('',(0.7730032714673523,-0.6344020352274818,0));
#9743=DIRECTION('',(0,0,-1));
#9744=FACE_SURFACE('',(#9749),#9745,.T.);
#9745=PLANE('',#9746);
#9746=AXIS2_PLACEMENT_3D('',#124,#9747,#9748);
#9747=DIRECTION('',(0.7730039554388416,0.6344012018241337,0));
#9748=DIRECTION('',(0.6344012018241337,-0.7730039554388416,0));
#9749=FACE_BOUND('',#9750,.T.);
#9750=EDGE_LOOP('',(#9751,#9752,#9753));
#9751=ORIENTED_EDGE('',*,*,#9754,.T.);
#9752=ORIENTED_EDGE('',*,*,#9755,.T.);
#9753=ORIENTED_EDGE('',*,*,#9756,.T.);
#9754=EDGE_CURVE('',#125,#123,#9757,.F.);
#9755=EDGE_CURVE('',#123,#523,#9758,.T.);
#9756=EDGE_CURVE('',#523,#125,#9759,.T.);
#9757=LINE('',#124,#9760);
#9758=LINE('',#122,#9761);
#9759=LINE('',#522,#9762);
#9760=VECTOR('',#9763,1.0);
#9761=VECTOR('',#9764,1.0);
#9762=VECTOR('',#9765,1.0);
#9763=DIRECTION('',(0.6344012018241337,-0.7730039554388416,0));
#9764=DIRECTION('',(0,0,-1));
#9765=DIRECTION('',(-0.010120754570641223,0.01233191755096985,0.9998727389705335));
#9766=FACE_SURFACE('',(#9771),#9767,.T.);
#9767=PLANE('',#9768);
#9768=AXIS2_PLACEMENT_3D('',#522,#9769,#9770);
#9769=DIRECTION('',(0.7730065376569852,0.634398055434882,0));
#9770=DIRECTION('',(-0.634398055434882,0.7730065376569853,0));
#9771=FACE_BOUND('',#9772,.T.);
#9772=EDGE_LOOP('',(#9773,#9774,#9775));
#9773=ORIENTED_EDGE('',*,*,#9776,.T.);
#9774=ORIENTED_EDGE('',*,*,#9777,.T.);
#9775=ORIENTED_EDGE('',*,*,#9778,.T.);
#9776=EDGE_CURVE('',#523,#525,#9779,.F.);
#9777=EDGE_CURVE('',#525,#193,#9780,.T.);
#9778=EDGE_CURVE('',#193,#523,#9781,.T.);
#9779=LINE('',#522,#9782);
#9780=LINE('',#524,#9783);
#9781=LINE('',#192,#9784);
#9782=VECTOR('',#9785,1.0);
#9783=VECTOR('',#9786,1.0);
#9784=VECTOR('',#9787,1.0);
#9785=DIRECTION('',(-0.634398055434882,0.7730065376569853,0));
#9786=DIRECTION('',(0,0,1));
#9787=DIRECTION('',(0.04103844040489196,-0.05000485492737182,-0.9979054869539632));
#9788=FACE_SURFACE('',(#9793),#9789,.T.);
#9789=PLANE('',#9790);
#9790=AXIS2_PLACEMENT_3D('',#522,#9791,#9792);
#9791=DIRECTION('',(0.7730073807191883,0.6343970281721474,8.614651700041479E-08));
#9792=DIRECTION('',(-0.04103844040489196,0.05000485492737182,0.9979054869539632));
#9793=FACE_BOUND('',#9794,.T.);
#9794=EDGE_LOOP('',(#9795,#9796,#9797));
#9795=ORIENTED_EDGE('',*,*,#9798,.T.);
#9796=ORIENTED_EDGE('',*,*,#9799,.T.);
#9797=ORIENTED_EDGE('',*,*,#9800,.T.);
#9798=EDGE_CURVE('',#523,#193,#9801,.F.);
#9799=EDGE_CURVE('',#193,#125,#9802,.T.);
#9800=EDGE_CURVE('',#125,#523,#9803,.T.);
#9801=LINE('',#522,#9804);
#9802=LINE('',#192,#9805);
#9803=LINE('',#124,#9806);
#9804=VECTOR('',#9807,1.0);
#9805=VECTOR('',#9808,1.0);
#9806=VECTOR('',#9809,1.0);
#9807=DIRECTION('',(-0.04103844040489196,0.05000485492737182,0.9979054869539632));
#9808=DIRECTION('',(0.6343970281721497,-0.7730073807191912,0));
#9809=DIRECTION('',(0.010120754570641223,-0.01233191755096985,-0.9998727389705335));
#9810=FACE_SURFACE('',(#9815),#9811,.T.);
#9811=PLANE('',#9812);
#9812=AXIS2_PLACEMENT_3D('',#192,#9813,#9814);
#9813=DIRECTION('',(0.8819205930364279,0.4713979927601255,0));
#9814=DIRECTION('',(0,0,-1));
#9815=FACE_BOUND('',#9816,.T.);
#9816=EDGE_LOOP('',(#9817,#9818,#9819));
#9817=ORIENTED_EDGE('',*,*,#9820,.T.);
#9818=ORIENTED_EDGE('',*,*,#9821,.T.);
#9819=ORIENTED_EDGE('',*,*,#9822,.T.);
#9820=EDGE_CURVE('',#193,#525,#9823,.F.);
#9821=EDGE_CURVE('',#525,#527,#9824,.T.);
#9822=EDGE_CURVE('',#527,#193,#9825,.T.);
#9823=LINE('',#192,#9826);
#9824=LINE('',#524,#9827);
#9825=LINE('',#526,#9828);
#9826=VECTOR('',#9829,1.0);
#9827=VECTOR('',#9830,1.0);
#9828=VECTOR('',#9831,1.0);
#9829=DIRECTION('',(0,0,-1));
#9830=DIRECTION('',(-0.47139799276012556,0.881920593036428,0));
#9831=DIRECTION('',(0.030494253655720435,-0.05705054048022049,0.9979054746442146));
#9832=FACE_SURFACE('',(#9837),#9833,.T.);
#9833=PLANE('',#9834);
#9834=AXIS2_PLACEMENT_3D('',#192,#9835,#9836);
#9835=DIRECTION('',(0.8819205930364279,0.4713979927601255,0));
#9836=DIRECTION('',(-0.030494253655720435,0.05705054048022049,-0.9979054746442146));
#9837=FACE_BOUND('',#9838,.T.);
#9838=EDGE_LOOP('',(#9839,#9840,#9841));
#9839=ORIENTED_EDGE('',*,*,#9842,.T.);
#9840=ORIENTED_EDGE('',*,*,#9843,.T.);
#9841=ORIENTED_EDGE('',*,*,#9844,.T.);
#9842=EDGE_CURVE('',#193,#527,#9845,.F.);
#9843=EDGE_CURVE('',#527,#195,#9846,.T.);
#9844=EDGE_CURVE('',#195,#193,#9847,.T.);
#9845=LINE('',#192,#9848);
#9846=LINE('',#526,#9849);
#9847=LINE('',#194,#9850);
#9848=VECTOR('',#9851,1.0);
#9849=VECTOR('',#9852,1.0);
#9850=VECTOR('',#9853,1.0);
#9851=DIRECTION('',(-0.030494253655720435,0.05705054048022049,-0.9979054746442146));
#9852=DIRECTION('',(0,0,1));
#9853=DIRECTION('',(0.47139799276012556,-0.881920593036428,0));
#9854=FACE_SURFACE('',(#9859),#9855,.T.);
#9855=PLANE('',#9856);
#9856=AXIS2_PLACEMENT_3D('',#194,#9857,#9858);
#9857=DIRECTION('',(0.9569413498796503,0.2902813340373658,0));
#9858=DIRECTION('',(0,0,-1));
#9859=FACE_BOUND('',#9860,.T.);
#9860=EDGE_LOOP('',(#9861,#9862,#9863));
#9861=ORIENTED_EDGE('',*,*,#9864,.T.);
#9862=ORIENTED_EDGE('',*,*,#9865,.T.);
#9863=ORIENTED_EDGE('',*,*,#9866,.T.);
#9864=EDGE_CURVE('',#195,#527,#9867,.F.);
#9865=EDGE_CURVE('',#527,#529,#9868,.T.);
#9866=EDGE_CURVE('',#529,#195,#9869,.T.);
#9867=LINE('',#194,#9870);
#9868=LINE('',#526,#9871);
#9869=LINE('',#528,#9872);
#9870=VECTOR('',#9873,1.0);
#9871=VECTOR('',#9874,1.0);
#9872=VECTOR('',#9875,1.0);
#9873=DIRECTION('',(0,0,-1));
#9874=DIRECTION('',(-0.2902813340373658,0.9569413498796503,0));
#9875=DIRECTION('',(0.018778155415111217,-0.06190406093721927,0.9979054404695301));
#9876=FACE_SURFACE('',(#9881),#9877,.T.);
#9877=PLANE('',#9878);
#9878=AXIS2_PLACEMENT_3D('',#194,#9879,#9880);
#9879=DIRECTION('',(0.9569413498796503,0.2902813340373658,0));
#9880=DIRECTION('',(-0.018778155415111217,0.06190406093721927,-0.9979054404695301));
#9881=FACE_BOUND('',#9882,.T.);
#9882=EDGE_LOOP('',(#9883,#9884,#9885));
#9883=ORIENTED_EDGE('',*,*,#9886,.T.);
#9884=ORIENTED_EDGE('',*,*,#9887,.T.);
#9885=ORIENTED_EDGE('',*,*,#9888,.T.);
#9886=EDGE_CURVE('',#195,#529,#9889,.F.);
#9887=EDGE_CURVE('',#529,#201,#9890,.T.);
#9888=EDGE_CURVE('',#201,#195,#9891,.T.);
#9889=LINE('',#194,#9892);
#9890=LINE('',#528,#9893);
#9891=LINE('',#200,#9894);
#9892=VECTOR('',#9895,1.0);
#9893=VECTOR('',#9896,1.0);
#9894=VECTOR('',#9897,1.0);
#9895=DIRECTION('',(-0.018778155415111217,0.06190406093721927,-0.9979054404695301));
#9896=DIRECTION('',(0,0,1));
#9897=DIRECTION('',(0.2902813340373658,-0.9569413498796503,0));
#9898=FACE_SURFACE('',(#9903),#9899,.T.);
#9899=PLANE('',#9900);
#9900=AXIS2_PLACEMENT_3D('',#200,#9901,#9902);
#9901=DIRECTION('',(0.9951850430631125,0.09801392790553252,0));
#9902=DIRECTION('',(0,0,-1));
#9903=FACE_BOUND('',#9904,.T.);
#9904=EDGE_LOOP('',(#9905,#9906,#9907));
#9905=ORIENTED_EDGE('',*,*,#9908,.T.);
#9906=ORIENTED_EDGE('',*,*,#9909,.T.);
#9907=ORIENTED_EDGE('',*,*,#9910,.T.);
#9908=EDGE_CURVE('',#201,#529,#9911,.F.);
#9909=EDGE_CURVE('',#529,#531,#9912,.T.);
#9910=EDGE_CURVE('',#531,#201,#9913,.T.);
#9911=LINE('',#200,#9914);
#9912=LINE('',#528,#9915);
#9913=LINE('',#530,#9916);
#9914=VECTOR('',#9917,1.0);
#9915=VECTOR('',#9918,1.0);
#9916=VECTOR('',#9919,1.0);
#9917=DIRECTION('',(0,0,-1));
#9918=DIRECTION('',(-0.09801392790553251,0.9951850430631124,0));
#9919=DIRECTION('',(0.006340385256955681,-0.06437714220637815,0.9979054980688968));
#9920=FACE_SURFACE('',(#9925),#9921,.T.);
#9921=PLANE('',#9922);
#9922=AXIS2_PLACEMENT_3D('',#200,#9923,#9924);
#9923=DIRECTION('',(0.9951850430631125,0.09801392790553252,0));
#9924=DIRECTION('',(-0.006340385256955681,0.06437714220637815,-0.9979054980688968));
#9925=FACE_BOUND('',#9926,.T.);
#9926=EDGE_LOOP('',(#9927,#9928,#9929));
#9927=ORIENTED_EDGE('',*,*,#9930,.T.);
#9928=ORIENTED_EDGE('',*,*,#9931,.T.);
#9929=ORIENTED_EDGE('',*,*,#9932,.T.);
#9930=EDGE_CURVE('',#201,#531,#9933,.F.);
#9931=EDGE_CURVE('',#531,#185,#9934,.T.);
#9932=EDGE_CURVE('',#185,#201,#9935,.T.);
#9933=LINE('',#200,#9936);
#9934=LINE('',#530,#9937);
#9935=LINE('',#184,#9938);
#9936=VECTOR('',#9939,1.0);
#9937=VECTOR('',#9940,1.0);
#9938=VECTOR('',#9941,1.0);
#9939=DIRECTION('',(-0.006340385256955681,0.06437714220637815,-0.9979054980688968));
#9940=DIRECTION('',(0,0,1));
#9941=DIRECTION('',(0.09801392790553251,-0.9951850430631124,0));
#9942=FACE_SURFACE('',(#9947),#9943,.T.);
#9943=PLANE('',#9944);
#9944=AXIS2_PLACEMENT_3D('',#184,#9945,#9946);
#9945=DIRECTION('',(0.9951850430631125,-0.09801392790553252,0));
#9946=DIRECTION('',(0,0,-1));
#9947=FACE_BOUND('',#9948,.T.);
#9948=EDGE_LOOP('',(#9949,#9950,#9951));
#9949=ORIENTED_EDGE('',*,*,#9952,.T.);
#9950=ORIENTED_EDGE('',*,*,#9953,.T.);
#9951=ORIENTED_EDGE('',*,*,#9954,.T.);
#9952=EDGE_CURVE('',#185,#531,#9955,.F.);
#9953=EDGE_CURVE('',#531,#533,#9956,.T.);
#9954=EDGE_CURVE('',#533,#185,#9957,.T.);
#9955=LINE('',#184,#9958);
#9956=LINE('',#530,#9959);
#9957=LINE('',#532,#9960);
#9958=VECTOR('',#9961,1.0);
#9959=VECTOR('',#9962,1.0);
#9960=VECTOR('',#9963,1.0);
#9961=DIRECTION('',(0,0,-1));
#9962=DIRECTION('',(0.09801392790553251,0.9951850430631124,0));
#9963=DIRECTION('',(-0.006340385256955681,-0.06437714220637815,0.9979054980688968));
#9964=FACE_SURFACE('',(#9969),#9965,.T.);
#9965=PLANE('',#9966);
#9966=AXIS2_PLACEMENT_3D('',#184,#9967,#9968);
#9967=DIRECTION('',(0.9951850430631125,-0.09801392790553252,0));
#9968=DIRECTION('',(0.006340385256955681,0.06437714220637815,-0.9979054980688968));
#9969=FACE_BOUND('',#9970,.T.);
#9970=EDGE_LOOP('',(#9971,#9972,#9973));
#9971=ORIENTED_EDGE('',*,*,#9974,.T.);
#9972=ORIENTED_EDGE('',*,*,#9975,.T.);
#9973=ORIENTED_EDGE('',*,*,#9976,.T.);
#9974=EDGE_CURVE('',#185,#533,#9977,.F.);
#9975=EDGE_CURVE('',#533,#181,#9978,.T.);
#9976=EDGE_CURVE('',#181,#185,#9979,.T.);
#9977=LINE('',#184,#9980);
#9978=LINE('',#532,#9981);
#9979=LINE('',#180,#9982);
#9980=VECTOR('',#9983,1.0);
#9981=VECTOR('',#9984,1.0);
#9982=VECTOR('',#9985,1.0);
#9983=DIRECTION('',(0.006340385256955681,0.06437714220637815,-0.9979054980688968));
#9984=DIRECTION('',(0,0,1));
#9985=DIRECTION('',(-0.09801392790553251,-0.9951850430631124,0));
#9986=FACE_SURFACE('',(#9991),#9987,.T.);
#9987=PLANE('',#9988);
#9988=AXIS2_PLACEMENT_3D('',#180,#9989,#9990);
#9989=DIRECTION('',(0.9569407886580252,-0.290283184153951,0));
#9990=DIRECTION('',(0,0,-1));
#9991=FACE_BOUND('',#9992,.T.);
#9992=EDGE_LOOP('',(#9993,#9994,#9995));
#9993=ORIENTED_EDGE('',*,*,#9996,.T.);
#9994=ORIENTED_EDGE('',*,*,#9997,.T.);
#9995=ORIENTED_EDGE('',*,*,#9998,.T.);
#9996=EDGE_CURVE('',#181,#533,#9999,.F.);
#9997=EDGE_CURVE('',#533,#535,#10000,.T.);
#9998=EDGE_CURVE('',#535,#181,#10001,.T.);
#9999=LINE('',#180,#10002);
#10000=LINE('',#532,#10003);
#10001=LINE('',#534,#10004);
#10002=VECTOR('',#10005,1.0);
#10003=VECTOR('',#10006,1.0);
#10004=VECTOR('',#10007,1.0);
#10005=DIRECTION('',(0,0,-1));
#10006=DIRECTION('',(0.29028318415395105,0.9569407886580253,0));
#10007=DIRECTION('',(-0.01877815591594823,-0.061903631738518955,0.9979054670849229));
#10008=FACE_SURFACE('',(#10013),#10009,.T.);
#10009=PLANE('',#10010);
#10010=AXIS2_PLACEMENT_3D('',#180,#10011,#10012);
#10011=DIRECTION('',(0.9569407886580252,-0.290283184153951,0));
#10012=DIRECTION('',(0.01877815591594823,0.061903631738518955,-0.9979054670849229));
#10013=FACE_BOUND('',#10014,.T.);
#10014=EDGE_LOOP('',(#10015,#10016,#10017));
#10015=ORIENTED_EDGE('',*,*,#10018,.T.);
#10016=ORIENTED_EDGE('',*,*,#10019,.T.);
#10017=ORIENTED_EDGE('',*,*,#10020,.T.);
#10018=EDGE_CURVE('',#181,#535,#10021,.F.);
#10019=EDGE_CURVE('',#535,#177,#10022,.T.);
#10020=EDGE_CURVE('',#177,#181,#10023,.T.);
#10021=LINE('',#180,#10024);
#10022=LINE('',#534,#10025);
#10023=LINE('',#176,#10026);
#10024=VECTOR('',#10027,1.0);
#10025=VECTOR('',#10028,1.0);
#10026=VECTOR('',#10029,1.0);
#10027=DIRECTION('',(0.01877815591594823,0.061903631738518955,-0.9979054670849229));
#10028=DIRECTION('',(0,0,1));
#10029=DIRECTION('',(-0.29028318415395105,-0.9569407886580253,0));
#10030=FACE_SURFACE('',(#10035),#10031,.T.);
#10031=PLANE('',#10032);
#10032=AXIS2_PLACEMENT_3D('',#176,#10033,#10034);
#10033=DIRECTION('',(0.8819220730551526,-0.4713952238388743,0));
#10034=DIRECTION('',(0,0,-1));
#10035=FACE_BOUND('',#10036,.T.);
#10036=EDGE_LOOP('',(#10037,#10038,#10039));
#10037=ORIENTED_EDGE('',*,*,#10040,.T.);
#10038=ORIENTED_EDGE('',*,*,#10041,.T.);
#10039=ORIENTED_EDGE('',*,*,#10042,.T.);
#10040=EDGE_CURVE('',#177,#535,#10043,.F.);
#10041=EDGE_CURVE('',#535,#537,#10044,.T.);
#10042=EDGE_CURVE('',#537,#177,#10045,.T.);
#10043=LINE('',#176,#10046);
#10044=LINE('',#534,#10047);
#10045=LINE('',#536,#10048);
#10046=VECTOR('',#10049,1.0);
#10047=VECTOR('',#10050,1.0);
#10048=VECTOR('',#10051,1.0);
#10049=DIRECTION('',(0,0,-1));
#10050=DIRECTION('',(0.4713952238388742,0.8819220730551525,0));
#10051=DIRECTION('',(-0.030494252906162415,-0.057050969927653,0.9979054501153949));
#10052=FACE_SURFACE('',(#10057),#10053,.T.);
#10053=PLANE('',#10054);
#10054=AXIS2_PLACEMENT_3D('',#176,#10055,#10056);
#10055=DIRECTION('',(0.8819220730551526,-0.4713952238388743,0));
#10056=DIRECTION('',(0.030494252906162415,0.057050969927653,-0.9979054501153949));
#10057=FACE_BOUND('',#10058,.T.);
#10058=EDGE_LOOP('',(#10059,#10060,#10061));
#10059=ORIENTED_EDGE('',*,*,#10062,.T.);
#10060=ORIENTED_EDGE('',*,*,#10063,.T.);
#10061=ORIENTED_EDGE('',*,*,#10064,.T.);
#10062=EDGE_CURVE('',#177,#537,#10065,.F.);
#10063=EDGE_CURVE('',#537,#173,#10066,.T.);
#10064=EDGE_CURVE('',#173,#177,#10067,.T.);
#10065=LINE('',#176,#10068);
#10066=LINE('',#536,#10069);
#10067=LINE('',#172,#10070);
#10068=VECTOR('',#10071,1.0);
#10069=VECTOR('',#10072,1.0);
#10070=VECTOR('',#10073,1.0);
#10071=DIRECTION('',(0.030494252906162415,0.057050969927653,-0.9979054501153949));
#10072=DIRECTION('',(0,0,1));
#10073=DIRECTION('',(-0.4713952238388742,-0.8819220730551525,0));
#10074=FACE_SURFACE('',(#10079),#10075,.T.);
#10075=PLANE('',#10076);
#10076=AXIS2_PLACEMENT_3D('',#172,#10077,#10078);
#10077=DIRECTION('',(0.7730092181654995,-0.6343947892528462,0));
#10078=DIRECTION('',(0,0,-1));
#10079=FACE_BOUND('',#10080,.T.);
#10080=EDGE_LOOP('',(#10081,#10082,#10083));
#10081=ORIENTED_EDGE('',*,*,#10084,.T.);
#10082=ORIENTED_EDGE('',*,*,#10085,.T.);
#10083=ORIENTED_EDGE('',*,*,#10086,.T.);
#10084=EDGE_CURVE('',#173,#537,#10087,.F.);
#10085=EDGE_CURVE('',#537,#539,#10088,.T.);
#10086=EDGE_CURVE('',#539,#173,#10089,.T.);
#10087=LINE('',#172,#10090);
#10088=LINE('',#536,#10091);
#10089=LINE('',#538,#10092);
#10090=VECTOR('',#10093,1.0);
#10091=VECTOR('',#10094,1.0);
#10092=VECTOR('',#10095,1.0);
#10093=DIRECTION('',(0,0,-1));
#10094=DIRECTION('',(0.6343947892528462,0.7730092181654996,0));
#10095=DIRECTION('',(-0.04103843952073222,-0.05000528469979237,0.9979054654544167));
#10096=FACE_SURFACE('',(#10101),#10097,.T.);
#10097=PLANE('',#10098);
#10098=AXIS2_PLACEMENT_3D('',#172,#10099,#10100);
#10099=DIRECTION('',(0.7730092181654995,-0.6343947892528462,0));
#10100=DIRECTION('',(0.04103843952073222,0.05000528469979237,-0.9979054654544167));
#10101=FACE_BOUND('',#10102,.T.);
#10102=EDGE_LOOP('',(#10103,#10104,#10105));
#10103=ORIENTED_EDGE('',*,*,#10106,.T.);
#10104=ORIENTED_EDGE('',*,*,#10107,.T.);
#10105=ORIENTED_EDGE('',*,*,#10108,.T.);
#10106=EDGE_CURVE('',#173,#539,#10109,.F.);
#10107=EDGE_CURVE('',#539,#169,#10110,.T.);
#10108=EDGE_CURVE('',#169,#173,#10111,.T.);
#10109=LINE('',#172,#10112);
#10110=LINE('',#538,#10113);
#10111=LINE('',#168,#10114);
#10112=VECTOR('',#10115,1.0);
#10113=VECTOR('',#10116,1.0);
#10114=VECTOR('',#10117,1.0);
#10115=DIRECTION('',(0.04103843952073222,0.05000528469979237,-0.9979054654544167));
#10116=DIRECTION('',(0,0,1));
#10117=DIRECTION('',(-0.6343947892528462,-0.7730092181654996,0));
#10118=FACE_SURFACE('',(#10123),#10119,.T.);
#10119=PLANE('',#10120);
#10120=AXIS2_PLACEMENT_3D('',#168,#10121,#10122);
#10121=DIRECTION('',(0.6343940755918346,-0.7730098038537299,0));
#10122=DIRECTION('',(0,0,-1));
#10123=FACE_BOUND('',#10124,.T.);
#10124=EDGE_LOOP('',(#10125,#10126,#10127));
#10125=ORIENTED_EDGE('',*,*,#10128,.T.);
#10126=ORIENTED_EDGE('',*,*,#10129,.T.);
#10127=ORIENTED_EDGE('',*,*,#10130,.T.);
#10128=EDGE_CURVE('',#169,#539,#10131,.F.);
#10129=EDGE_CURVE('',#539,#541,#10132,.T.);
#10130=EDGE_CURVE('',#541,#169,#10133,.T.);
#10131=LINE('',#168,#10134);
#10132=LINE('',#538,#10135);
#10133=LINE('',#540,#10136);
#10134=VECTOR('',#10137,1.0);
#10135=VECTOR('',#10138,1.0);
#10136=VECTOR('',#10139,1.0);
#10137=DIRECTION('',(0,0,-1));
#10138=DIRECTION('',(0.7730098038537297,0.6343940755918345,0));
#10139=DIRECTION('',(-0.050004855811523176,-0.04103801028072971,0.9979055045982397));
#10140=FACE_SURFACE('',(#10145),#10141,.T.);
#10141=PLANE('',#10142);
#10142=AXIS2_PLACEMENT_3D('',#168,#10143,#10144);
#10143=DIRECTION('',(0.6343940755918346,-0.7730098038537299,0));
#10144=DIRECTION('',(0.050004855811523176,0.04103801028072971,-0.9979055045982397));
#10145=FACE_BOUND('',#10146,.T.);
#10146=EDGE_LOOP('',(#10147,#10148,#10149));
#10147=ORIENTED_EDGE('',*,*,#10150,.T.);
#10148=ORIENTED_EDGE('',*,*,#10151,.T.);
#10149=ORIENTED_EDGE('',*,*,#10152,.T.);
#10150=EDGE_CURVE('',#169,#541,#10153,.F.);
#10151=EDGE_CURVE('',#541,#165,#10154,.T.);
#10152=EDGE_CURVE('',#165,#169,#10155,.T.);
#10153=LINE('',#168,#10156);
#10154=LINE('',#540,#10157);
#10155=LINE('',#164,#10158);
#10156=VECTOR('',#10159,1.0);
#10157=VECTOR('',#10160,1.0);
#10158=VECTOR('',#10161,1.0);
#10159=DIRECTION('',(0.050004855811523176,0.04103801028072971,-0.9979055045982397));
#10160=DIRECTION('',(0,0,1));
#10161=DIRECTION('',(-0.7730098038537297,-0.6343940755918345,0));
#10162=FACE_SURFACE('',(#10167),#10163,.T.);
#10163=PLANE('',#10164);
#10164=AXIS2_PLACEMENT_3D('',#164,#10165,#10166);
#10165=DIRECTION('',(0.4714031730313694,-0.8819178240947151,0));
#10166=DIRECTION('',(0,0,-1));
#10167=FACE_BOUND('',#10168,.T.);
#10168=EDGE_LOOP('',(#10169,#10170,#10171));
#10169=ORIENTED_EDGE('',*,*,#10172,.T.);
#10170=ORIENTED_EDGE('',*,*,#10173,.T.);
#10171=ORIENTED_EDGE('',*,*,#10174,.T.);
#10172=EDGE_CURVE('',#165,#541,#10175,.F.);
#10173=EDGE_CURVE('',#541,#543,#10176,.T.);
#10174=EDGE_CURVE('',#543,#165,#10177,.T.);
#10175=LINE('',#164,#10178);
#10176=LINE('',#540,#10179);
#10177=LINE('',#542,#10180);
#10178=VECTOR('',#10181,1.0);
#10179=VECTOR('',#10182,1.0);
#10180=VECTOR('',#10183,1.0);
#10181=DIRECTION('',(0,0,-1));
#10182=DIRECTION('',(0.8819178240947152,0.4714031730313694,0));
#10183=DIRECTION('',(-0.057050539730659995,-0.030494684104827686,0.9979054615331991));
#10184=FACE_SURFACE('',(#10189),#10185,.T.);
#10185=PLANE('',#10186);
#10186=AXIS2_PLACEMENT_3D('',#164,#10187,#10188);
#10187=DIRECTION('',(0.4714031730313694,-0.8819178240947151,0));
#10188=DIRECTION('',(0.057050539730659995,0.030494684104827686,-0.9979054615331991));
#10189=FACE_BOUND('',#10190,.T.);
#10190=EDGE_LOOP('',(#10191,#10192,#10193));
#10191=ORIENTED_EDGE('',*,*,#10194,.T.);
#10192=ORIENTED_EDGE('',*,*,#10195,.T.);
#10193=ORIENTED_EDGE('',*,*,#10196,.T.);
#10194=EDGE_CURVE('',#165,#543,#10197,.F.);
#10195=EDGE_CURVE('',#543,#161,#10198,.T.);
#10196=EDGE_CURVE('',#161,#165,#10199,.T.);
#10197=LINE('',#164,#10200);
#10198=LINE('',#542,#10201);
#10199=LINE('',#160,#10202);
#10200=VECTOR('',#10203,1.0);
#10201=VECTOR('',#10204,1.0);
#10202=VECTOR('',#10205,1.0);
#10203=DIRECTION('',(0.057050539730659995,0.030494684104827686,-0.9979054615331991));
#10204=DIRECTION('',(0,0,1));
#10205=DIRECTION('',(-0.8819178240947152,-0.4714031730313694,0));
#10206=FACE_SURFACE('',(#10211),#10207,.T.);
#10207=PLANE('',#10208);
#10208=AXIS2_PLACEMENT_3D('',#160,#10209,#10210);
#10209=DIRECTION('',(0.29027708504790517,-0.9569426387700003,0));
#10210=DIRECTION('',(0,0,-1));
#10211=FACE_BOUND('',#10212,.T.);
#10212=EDGE_LOOP('',(#10213,#10214,#10215));
#10213=ORIENTED_EDGE('',*,*,#10216,.T.);
#10214=ORIENTED_EDGE('',*,*,#10217,.T.);
#10215=ORIENTED_EDGE('',*,*,#10218,.T.);
#10216=EDGE_CURVE('',#161,#543,#10219,.F.);
#10217=EDGE_CURVE('',#543,#545,#10220,.T.);
#10218=EDGE_CURVE('',#545,#161,#10221,.T.);
#10219=LINE('',#160,#10222);
#10220=LINE('',#542,#10223);
#10221=LINE('',#544,#10224);
#10222=VECTOR('',#10225,1.0);
#10223=VECTOR('',#10226,1.0);
#10224=VECTOR('',#10227,1.0);
#10225=DIRECTION('',(0,0,-1));
#10226=DIRECTION('',(0.9569426387700003,0.29027708504790517,0));
#10227=DIRECTION('',(-0.061903632239348506,-0.018777725218109425,0.9979054751584483));
#10228=FACE_SURFACE('',(#10233),#10229,.T.);
#10229=PLANE('',#10230);
#10230=AXIS2_PLACEMENT_3D('',#160,#10231,#10232);
#10231=DIRECTION('',(0.29027708504790517,-0.9569426387700003,0));
#10232=DIRECTION('',(0.061903632239348506,0.018777725218109425,-0.9979054751584483));
#10233=FACE_BOUND('',#10234,.T.);
#10234=EDGE_LOOP('',(#10235,#10236,#10237));
#10235=ORIENTED_EDGE('',*,*,#10238,.T.);
#10236=ORIENTED_EDGE('',*,*,#10239,.T.);
#10237=ORIENTED_EDGE('',*,*,#10240,.T.);
#10238=EDGE_CURVE('',#161,#545,#10241,.F.);
#10239=EDGE_CURVE('',#545,#157,#10242,.T.);
#10240=EDGE_CURVE('',#157,#161,#10243,.T.);
#10241=LINE('',#160,#10244);
#10242=LINE('',#544,#10245);
#10243=LINE('',#156,#10246);
#10244=VECTOR('',#10247,1.0);
#10245=VECTOR('',#10248,1.0);
#10246=VECTOR('',#10249,1.0);
#10247=DIRECTION('',(0.061903632239348506,0.018777725218109425,-0.9979054751584483));
#10248=DIRECTION('',(0,0,1));
#10249=DIRECTION('',(-0.9569426387700003,-0.29027708504790517,0));
#10250=FACE_SURFACE('',(#10255),#10251,.T.);
#10251=PLANE('',#10252);
#10252=AXIS2_PLACEMENT_3D('',#156,#10253,#10254);
#10253=DIRECTION('',(0.09801327824455061,-0.9951851070468029,0));
#10254=DIRECTION('',(0,0,-1));
#10255=FACE_BOUND('',#10256,.T.);
#10256=EDGE_LOOP('',(#10257,#10258,#10259));
#10257=ORIENTED_EDGE('',*,*,#10260,.T.);
#10258=ORIENTED_EDGE('',*,*,#10261,.T.);
#10259=ORIENTED_EDGE('',*,*,#10262,.T.);
#10260=EDGE_CURVE('',#157,#545,#10263,.F.);
#10261=EDGE_CURVE('',#545,#483,#10264,.T.);
#10262=EDGE_CURVE('',#483,#157,#10265,.T.);
#10263=LINE('',#156,#10266);
#10264=LINE('',#544,#10267);
#10265=LINE('',#482,#10268);
#10266=VECTOR('',#10269,1.0);
#10267=VECTOR('',#10270,1.0);
#10268=VECTOR('',#10271,1.0);
#10269=DIRECTION('',(0,0,-1));
#10270=DIRECTION('',(0.9951851070468029,0.0980132782445506,0));
#10271=DIRECTION('',(-0.06437757127051225,-0.006340385081092613,0.9979054703900232));
#10272=FACE_SURFACE('',(#10277),#10273,.T.);
#10273=PLANE('',#10274);
#10274=AXIS2_PLACEMENT_3D('',#156,#10275,#10276);
#10275=DIRECTION('',(0.09801327824455061,-0.9951851070468029,0));
#10276=DIRECTION('',(0.06437757127051225,0.006340385081092613,-0.9979054703900232));
#10277=FACE_BOUND('',#10278,.T.);
#10278=EDGE_LOOP('',(#10279,#10280,#10281));
#10279=ORIENTED_EDGE('',*,*,#10282,.T.);
#10280=ORIENTED_EDGE('',*,*,#10283,.T.);
#10281=ORIENTED_EDGE('',*,*,#10284,.T.);
#10282=EDGE_CURVE('',#157,#483,#10285,.F.);
#10283=EDGE_CURVE('',#483,#153,#10286,.T.);
#10284=EDGE_CURVE('',#153,#157,#10287,.T.);
#10285=LINE('',#156,#10288);
#10286=LINE('',#482,#10289);
#10287=LINE('',#152,#10290);
#10288=VECTOR('',#10291,1.0);
#10289=VECTOR('',#10292,1.0);
#10290=VECTOR('',#10293,1.0);
#10291=DIRECTION('',(0.06437757127051225,0.006340385081092613,-0.9979054703900232));
#10292=DIRECTION('',(0,0,1));
#10293=DIRECTION('',(-0.9951851070468029,-0.0980132782445506,0));
#10294=FACE_SURFACE('',(#10299),#10295,.T.);
#10295=PLANE('',#10296);
#10296=AXIS2_PLACEMENT_3D('',#500,#10297,#10298);
#10297=DIRECTION('',(0,0,1));
#10298=DIRECTION('',(0.09801392790553251,0.9951850430631124,0));
#10299=FACE_BOUND('',#10300,.T.);
#10300=EDGE_LOOP('',(#10301,#10302,#10303));
#10301=ORIENTED_EDGE('',*,*,#10304,.T.);
#10302=ORIENTED_EDGE('',*,*,#10305,.T.);
#10303=ORIENTED_EDGE('',*,*,#10306,.T.);
#10304=EDGE_CURVE('',#501,#499,#10307,.F.);
#10305=EDGE_CURVE('',#499,#497,#10308,.T.);
#10306=EDGE_CURVE('',#497,#501,#10309,.T.);
#10307=LINE('',#500,#10310);
#10308=LINE('',#498,#10311);
#10309=LINE('',#496,#10312);
#10310=VECTOR('',#10313,1.0);
#10311=VECTOR('',#10314,1.0);
#10312=VECTOR('',#10315,1.0);
#10313=DIRECTION('',(0.09801392790553251,0.9951850430631124,0));
#10314=DIRECTION('',(-0.09801392790553251,0.9951850430631124,0));
#10315=DIRECTION('',(0,-1,0));
#10316=FACE_SURFACE('',(#10321),#10317,.T.);
#10317=PLANE('',#10318);
#10318=AXIS2_PLACEMENT_3D('',#496,#10319,#10320);
#10319=DIRECTION('',(0,0,1));
#10320=DIRECTION('',(-0.29028318415395105,0.9569407886580253,0));
#10321=FACE_BOUND('',#10322,.T.);
#10322=EDGE_LOOP('',(#10323,#10324,#10325));
#10323=ORIENTED_EDGE('',*,*,#10326,.T.);
#10324=ORIENTED_EDGE('',*,*,#10327,.T.);
#10325=ORIENTED_EDGE('',*,*,#10328,.T.);
#10326=EDGE_CURVE('',#497,#495,#10329,.F.);
#10327=EDGE_CURVE('',#495,#493,#10330,.T.);
#10328=EDGE_CURVE('',#493,#497,#10331,.T.);
#10329=LINE('',#496,#10332);
#10330=LINE('',#494,#10333);
#10331=LINE('',#492,#10334);
#10332=VECTOR('',#10335,1.0);
#10333=VECTOR('',#10336,1.0);
#10334=VECTOR('',#10337,1.0);
#10335=DIRECTION('',(-0.29028318415395105,0.9569407886580253,0));
#10336=DIRECTION('',(-0.4713952238388742,0.8819220730551525,0));
#10337=DIRECTION('',(0.38268210400684627,-0.9238800827341682,0));
#10338=FACE_SURFACE('',(#10343),#10339,.T.);
#10339=PLANE('',#10340);
#10340=AXIS2_PLACEMENT_3D('',#492,#10341,#10342);
#10341=DIRECTION('',(0,0,1));
#10342=DIRECTION('',(-0.6343947892528462,0.7730092181654996,0));
#10343=FACE_BOUND('',#10344,.T.);
#10344=EDGE_LOOP('',(#10345,#10346,#10347));
#10345=ORIENTED_EDGE('',*,*,#10348,.T.);
#10346=ORIENTED_EDGE('',*,*,#10349,.T.);
#10347=ORIENTED_EDGE('',*,*,#10350,.T.);
#10348=EDGE_CURVE('',#493,#491,#10351,.F.);
#10349=EDGE_CURVE('',#491,#489,#10352,.T.);
#10350=EDGE_CURVE('',#489,#493,#10353,.T.);
#10351=LINE('',#492,#10354);
#10352=LINE('',#490,#10355);
#10353=LINE('',#488,#10356);
#10354=VECTOR('',#10357,1.0);
#10355=VECTOR('',#10358,1.0);
#10356=VECTOR('',#10359,1.0);
#10357=DIRECTION('',(-0.6343947892528462,0.7730092181654996,0));
#10358=DIRECTION('',(-0.7730098038537297,0.6343940755918345,0));
#10359=DIRECTION('',(0.7071067811865476,-0.7071067811865476,0));
#10360=FACE_SURFACE('',(#10365),#10361,.T.);
#10361=PLANE('',#10362);
#10362=AXIS2_PLACEMENT_3D('',#488,#10363,#10364);
#10363=DIRECTION('',(0,0,1));
#10364=DIRECTION('',(-0.8819178240947152,0.4714031730313694,0));
#10365=FACE_BOUND('',#10366,.T.);
#10366=EDGE_LOOP('',(#10367,#10368,#10369));
#10367=ORIENTED_EDGE('',*,*,#10370,.T.);
#10368=ORIENTED_EDGE('',*,*,#10371,.T.);
#10369=ORIENTED_EDGE('',*,*,#10372,.T.);
#10370=EDGE_CURVE('',#489,#487,#10373,.F.);
#10371=EDGE_CURVE('',#487,#485,#10374,.T.);
#10372=EDGE_CURVE('',#485,#489,#10375,.T.);
#10373=LINE('',#488,#10376);
#10374=LINE('',#486,#10377);
#10375=LINE('',#484,#10378);
#10376=VECTOR('',#10379,1.0);
#10377=VECTOR('',#10380,1.0);
#10378=VECTOR('',#10381,1.0);
#10379=DIRECTION('',(-0.8819178240947152,0.4714031730313694,0));
#10380=DIRECTION('',(-0.9569426387700003,0.29027708504790517,0));
#10381=DIRECTION('',(0.9238795926862721,-0.38268328708979166,0));
#10382=FACE_SURFACE('',(#10387),#10383,.T.);
#10383=PLANE('',#10384);
#10384=AXIS2_PLACEMENT_3D('',#484,#10385,#10386);
#10385=DIRECTION('',(0,0,1));
#10386=DIRECTION('',(-0.9951851710292209,0.09801262859213908,0));
#10387=FACE_BOUND('',#10388,.T.);
#10388=EDGE_LOOP('',(#10389,#10390,#10391));
#10389=ORIENTED_EDGE('',*,*,#10392,.T.);
#10390=ORIENTED_EDGE('',*,*,#10393,.T.);
#10391=ORIENTED_EDGE('',*,*,#10394,.T.);
#10392=EDGE_CURVE('',#485,#483,#10395,.F.);
#10393=EDGE_CURVE('',#483,#545,#10396,.T.);
#10394=EDGE_CURVE('',#545,#485,#10397,.T.);
#10395=LINE('',#484,#10398);
#10396=LINE('',#482,#10399);
#10397=LINE('',#544,#10400);
#10398=VECTOR('',#10401,1.0);
#10399=VECTOR('',#10402,1.0);
#10400=VECTOR('',#10403,1.0);
#10401=DIRECTION('',(-0.9951851710292209,0.09801262859213908,0));
#10402=DIRECTION('',(-0.9951851070468029,-0.0980132782445506,0));
#10403=DIRECTION('',(1,0,0));
#10404=FACE_SURFACE('',(#10409),#10405,.T.);
#10405=PLANE('',#10406);
#10406=AXIS2_PLACEMENT_3D('',#544,#10407,#10408);
#10407=DIRECTION('',(0,0,1));
#10408=DIRECTION('',(-0.9569426387700003,-0.29027708504790517,0));
#10409=FACE_BOUND('',#10410,.T.);
#10410=EDGE_LOOP('',(#10411,#10412,#10413));
#10411=ORIENTED_EDGE('',*,*,#10414,.T.);
#10412=ORIENTED_EDGE('',*,*,#10415,.T.);
#10413=ORIENTED_EDGE('',*,*,#10416,.T.);
#10414=EDGE_CURVE('',#545,#543,#10417,.F.);
#10415=EDGE_CURVE('',#543,#541,#10418,.T.);
#10416=EDGE_CURVE('',#541,#545,#10419,.T.);
#10417=LINE('',#544,#10420);
#10418=LINE('',#542,#10421);
#10419=LINE('',#540,#10422);
#10420=VECTOR('',#10423,1.0);
#10421=VECTOR('',#10424,1.0);
#10422=VECTOR('',#10425,1.0);
#10423=DIRECTION('',(-0.9569426387700003,-0.29027708504790517,0));
#10424=DIRECTION('',(-0.8819178240947152,-0.4714031730313694,0));
#10425=DIRECTION('',(0.9238795926862721,0.38268328708979166,0));
#10426=FACE_SURFACE('',(#10431),#10427,.T.);
#10427=PLANE('',#10428);
#10428=AXIS2_PLACEMENT_3D('',#540,#10429,#10430);
#10429=DIRECTION('',(0,0,1));
#10430=DIRECTION('',(-0.7730098038537297,-0.6343940755918345,0));
#10431=FACE_BOUND('',#10432,.T.);
#10432=EDGE_LOOP('',(#10433,#10434,#10435));
#10433=ORIENTED_EDGE('',*,*,#10436,.T.);
#10434=ORIENTED_EDGE('',*,*,#10437,.T.);
#10435=ORIENTED_EDGE('',*,*,#10438,.T.);
#10436=EDGE_CURVE('',#541,#539,#10439,.F.);
#10437=EDGE_CURVE('',#539,#537,#10440,.T.);
#10438=EDGE_CURVE('',#537,#541,#10441,.T.);
#10439=LINE('',#540,#10442);
#10440=LINE('',#538,#10443);
#10441=LINE('',#536,#10444);
#10442=VECTOR('',#10445,1.0);
#10443=VECTOR('',#10446,1.0);
#10444=VECTOR('',#10447,1.0);
#10445=DIRECTION('',(-0.7730098038537297,-0.6343940755918345,0));
#10446=DIRECTION('',(-0.6343947892528462,-0.7730092181654996,0));
#10447=DIRECTION('',(0.7071067811865476,0.7071067811865476,0));
#10448=FACE_SURFACE('',(#10453),#10449,.T.);
#10449=PLANE('',#10450);
#10450=AXIS2_PLACEMENT_3D('',#536,#10451,#10452);
#10451=DIRECTION('',(0,0,1));
#10452=DIRECTION('',(-0.4713952238388742,-0.8819220730551525,0));
#10453=FACE_BOUND('',#10454,.T.);
#10454=EDGE_LOOP('',(#10455,#10456,#10457));
#10455=ORIENTED_EDGE('',*,*,#10458,.T.);
#10456=ORIENTED_EDGE('',*,*,#10459,.T.);
#10457=ORIENTED_EDGE('',*,*,#10460,.T.);
#10458=EDGE_CURVE('',#537,#535,#10461,.F.);
#10459=EDGE_CURVE('',#535,#533,#10462,.T.);
#10460=EDGE_CURVE('',#533,#537,#10463,.T.);
#10461=LINE('',#536,#10464);
#10462=LINE('',#534,#10465);
#10463=LINE('',#532,#10466);
#10464=VECTOR('',#10467,1.0);
#10465=VECTOR('',#10468,1.0);
#10466=VECTOR('',#10469,1.0);
#10467=DIRECTION('',(-0.4713952238388742,-0.8819220730551525,0));
#10468=DIRECTION('',(-0.29028318415395105,-0.9569407886580253,0));
#10469=DIRECTION('',(0.38268210400684627,0.9238800827341682,0));
#10470=FACE_SURFACE('',(#10475),#10471,.T.);
#10471=PLANE('',#10472);
#10472=AXIS2_PLACEMENT_3D('',#532,#10473,#10474);
#10473=DIRECTION('',(0,0,1));
#10474=DIRECTION('',(-0.09801392790553251,-0.9951850430631124,0));
#10475=FACE_BOUND('',#10476,.T.);
#10476=EDGE_LOOP('',(#10477,#10478,#10479));
#10477=ORIENTED_EDGE('',*,*,#10480,.T.);
#10478=ORIENTED_EDGE('',*,*,#10481,.T.);
#10479=ORIENTED_EDGE('',*,*,#10482,.T.);
#10480=EDGE_CURVE('',#533,#531,#10483,.F.);
#10481=EDGE_CURVE('',#531,#529,#10484,.T.);
#10482=EDGE_CURVE('',#529,#533,#10485,.T.);
#10483=LINE('',#532,#10486);
#10484=LINE('',#530,#10487);
#10485=LINE('',#528,#10488);
#10486=VECTOR('',#10489,1.0);
#10487=VECTOR('',#10490,1.0);
#10488=VECTOR('',#10491,1.0);
#10489=DIRECTION('',(-0.09801392790553251,-0.9951850430631124,0));
#10490=DIRECTION('',(0.09801392790553251,-0.9951850430631124,0));
#10491=DIRECTION('',(0,1,0));
#10492=FACE_SURFACE('',(#10497),#10493,.T.);
#10493=PLANE('',#10494);
#10494=AXIS2_PLACEMENT_3D('',#528,#10495,#10496);
#10495=DIRECTION('',(0,0,1));
#10496=DIRECTION('',(0.2902813340373658,-0.9569413498796503,0));
#10497=FACE_BOUND('',#10498,.T.);
#10498=EDGE_LOOP('',(#10499,#10500,#10501));
#10499=ORIENTED_EDGE('',*,*,#10502,.T.);
#10500=ORIENTED_EDGE('',*,*,#10503,.T.);
#10501=ORIENTED_EDGE('',*,*,#10504,.T.);
#10502=EDGE_CURVE('',#529,#527,#10505,.F.);
#10503=EDGE_CURVE('',#527,#525,#10506,.T.);
#10504=EDGE_CURVE('',#525,#529,#10507,.T.);
#10505=LINE('',#528,#10508);
#10506=LINE('',#526,#10509);
#10507=LINE('',#524,#10510);
#10508=VECTOR('',#10511,1.0);
#10509=VECTOR('',#10512,1.0);
#10510=VECTOR('',#10513,1.0);
#10511=DIRECTION('',(0.2902813340373658,-0.9569413498796503,0));
#10512=DIRECTION('',(0.47139799276012556,-0.881920593036428,0));
#10513=DIRECTION('',(-0.38268210400684627,0.9238800827341682,0));
#10514=FACE_SURFACE('',(#10519),#10515,.T.);
#10515=PLANE('',#10516);
#10516=AXIS2_PLACEMENT_3D('',#524,#10517,#10518);
#10517=DIRECTION('',(0,0,1));
#10518=DIRECTION('',(0.634398055434882,-0.7730065376569853,0));
#10519=FACE_BOUND('',#10520,.T.);
#10520=EDGE_LOOP('',(#10521,#10522,#10523));
#10521=ORIENTED_EDGE('',*,*,#10524,.T.);
#10522=ORIENTED_EDGE('',*,*,#10525,.T.);
#10523=ORIENTED_EDGE('',*,*,#10526,.T.);
#10524=EDGE_CURVE('',#525,#523,#10527,.F.);
#10525=EDGE_CURVE('',#523,#521,#10528,.T.);
#10526=EDGE_CURVE('',#521,#525,#10529,.T.);
#10527=LINE('',#524,#10530);
#10528=LINE('',#522,#10531);
#10529=LINE('',#520,#10532);
#10530=VECTOR('',#10533,1.0);
#10531=VECTOR('',#10534,1.0);
#10532=VECTOR('',#10535,1.0);
#10533=DIRECTION('',(0.634398055434882,-0.7730065376569853,0));
#10534=DIRECTION('',(0.7730032714673523,-0.6344020352274818,0));
#10535=DIRECTION('',(-0.7071051080461417,0.7071084543229945,0));
#10536=FACE_SURFACE('',(#10541),#10537,.T.);
#10537=PLANE('',#10538);
#10538=AXIS2_PLACEMENT_3D('',#520,#10539,#10540);
#10539=DIRECTION('',(0,0,1));
#10540=DIRECTION('',(0.8819233619650994,-0.47139281244008846,0));
#10541=FACE_BOUND('',#10542,.T.);
#10542=EDGE_LOOP('',(#10543,#10544,#10545));
#10543=ORIENTED_EDGE('',*,*,#10546,.T.);
#10544=ORIENTED_EDGE('',*,*,#10547,.T.);
#10545=ORIENTED_EDGE('',*,*,#10548,.T.);
#10546=EDGE_CURVE('',#521,#519,#10549,.F.);
#10547=EDGE_CURVE('',#519,#517,#10550,.T.);
#10548=EDGE_CURVE('',#517,#521,#10551,.T.);
#10549=LINE('',#520,#10552);
#10550=LINE('',#518,#10553);
#10551=LINE('',#516,#10554);
#10552=VECTOR('',#10555,1.0);
#10553=VECTOR('',#10556,1.0);
#10554=VECTOR('',#10557,1.0);
#10555=DIRECTION('',(0.8819233619650994,-0.47139281244008846,0));
#10556=DIRECTION('',(0.9569426387700003,-0.29027708504790517,0));
#10557=DIRECTION('',(-0.9238819588472502,0.38267757461937574,0));
#10558=FACE_SURFACE('',(#10563),#10559,.T.);
#10559=PLANE('',#10560);
#10560=AXIS2_PLACEMENT_3D('',#516,#10561,#10562);
#10561=DIRECTION('',(-0,0,1));
#10562=DIRECTION('',(0.9951838076476617,-0.09802647089384477,0));
#10563=FACE_BOUND('',#10564,.T.);
#10564=EDGE_LOOP('',(#10565,#10566,#10567));
#10565=ORIENTED_EDGE('',*,*,#10568,.T.);
#10566=ORIENTED_EDGE('',*,*,#10569,.T.);
#10567=ORIENTED_EDGE('',*,*,#10570,.T.);
#10568=EDGE_CURVE('',#517,#515,#10571,.F.);
#10569=EDGE_CURVE('',#515,#513,#10572,.T.);
#10570=EDGE_CURVE('',#513,#517,#10573,.T.);
#10571=LINE('',#516,#10574);
#10572=LINE('',#514,#10575);
#10573=LINE('',#512,#10576);
#10574=VECTOR('',#10577,1.0);
#10575=VECTOR('',#10578,1.0);
#10576=VECTOR('',#10579,1.0);
#10577=DIRECTION('',(0.9951838076476617,-0.09802647089384477,0));
#10578=DIRECTION('',(0.9951838716472214,0.09802582115568632,0));
#10579=DIRECTION('',(-1,0,0));
#10580=FACE_SURFACE('',(#10585),#10581,.T.);
#10581=PLANE('',#10582);
#10582=AXIS2_PLACEMENT_3D('',#512,#10583,#10584);
#10583=DIRECTION('',(0,0,1));
#10584=DIRECTION('',(0.9569426387700003,0.29027708504790517,0));
#10585=FACE_BOUND('',#10586,.T.);
#10586=EDGE_LOOP('',(#10587,#10588,#10589));
#10587=ORIENTED_EDGE('',*,*,#10590,.T.);
#10588=ORIENTED_EDGE('',*,*,#10591,.T.);
#10589=ORIENTED_EDGE('',*,*,#10592,.T.);
#10590=EDGE_CURVE('',#513,#511,#10593,.F.);
#10591=EDGE_CURVE('',#511,#509,#10594,.T.);
#10592=EDGE_CURVE('',#509,#513,#10595,.T.);
#10593=LINE('',#512,#10596);
#10594=LINE('',#510,#10597);
#10595=LINE('',#508,#10598);
#10596=VECTOR('',#10599,1.0);
#10597=VECTOR('',#10600,1.0);
#10598=VECTOR('',#10601,1.0);
#10599=DIRECTION('',(0.9569426387700003,0.29027708504790517,0));
#10600=DIRECTION('',(0.8819233619650994,0.47139281244008846,0));
#10601=DIRECTION('',(-0.9238819588472502,-0.38267757461937574,0));
#10602=FACE_SURFACE('',(#10607),#10603,.T.);
#10603=PLANE('',#10604);
#10604=AXIS2_PLACEMENT_3D('',#508,#10605,#10606);
#10605=DIRECTION('',(0,0,1));
#10606=DIRECTION('',(0.7730032714673523,0.6344020352274818,0));
#10607=FACE_BOUND('',#10608,.T.);
#10608=EDGE_LOOP('',(#10609,#10610,#10611));
#10609=ORIENTED_EDGE('',*,*,#10612,.T.);
#10610=ORIENTED_EDGE('',*,*,#10613,.T.);
#10611=ORIENTED_EDGE('',*,*,#10614,.T.);
#10612=EDGE_CURVE('',#509,#507,#10615,.F.);
#10613=EDGE_CURVE('',#507,#505,#10616,.T.);
#10614=EDGE_CURVE('',#505,#509,#10617,.T.);
#10615=LINE('',#508,#10618);
#10616=LINE('',#506,#10619);
#10617=LINE('',#504,#10620);
#10618=VECTOR('',#10621,1.0);
#10619=VECTOR('',#10622,1.0);
#10620=VECTOR('',#10623,1.0);
#10621=DIRECTION('',(0.7730032714673523,0.6344020352274818,0));
#10622=DIRECTION('',(0.634398055434882,0.7730065376569853,0));
#10623=DIRECTION('',(-0.7071051080461417,-0.7071084543229945,0));
#10624=FACE_SURFACE('',(#10629),#10625,.T.);
#10625=PLANE('',#10626);
#10626=AXIS2_PLACEMENT_3D('',#504,#10627,#10628);
#10627=DIRECTION('',(0,0,1));
#10628=DIRECTION('',(0.47139799276012556,0.881920593036428,0));
#10629=FACE_BOUND('',#10630,.T.);
#10630=EDGE_LOOP('',(#10631,#10632,#10633));
#10631=ORIENTED_EDGE('',*,*,#10634,.T.);
#10632=ORIENTED_EDGE('',*,*,#10635,.T.);
#10633=ORIENTED_EDGE('',*,*,#10636,.T.);
#10634=EDGE_CURVE('',#505,#503,#10637,.F.);
#10635=EDGE_CURVE('',#503,#501,#10638,.T.);
#10636=EDGE_CURVE('',#501,#505,#10639,.T.);
#10637=LINE('',#504,#10640);
#10638=LINE('',#502,#10641);
#10639=LINE('',#500,#10642);
#10640=VECTOR('',#10643,1.0);
#10641=VECTOR('',#10644,1.0);
#10642=VECTOR('',#10645,1.0);
#10643=DIRECTION('',(0.47139799276012556,0.881920593036428,0));
#10644=DIRECTION('',(0.2902813340373658,0.9569413498796503,0));
#10645=DIRECTION('',(-0.38268210400684627,-0.9238800827341682,0));
#10646=FACE_SURFACE('',(#10651),#10647,.T.);
#10647=PLANE('',#10648);
#10648=AXIS2_PLACEMENT_3D('',#500,#10649,#10650);
#10649=DIRECTION('',(0,-0,1));
#10650=DIRECTION('',(0,1,0));
#10651=FACE_BOUND('',#10652,.T.);
#10652=EDGE_LOOP('',(#10653,#10654,#10655));
#10653=ORIENTED_EDGE('',*,*,#10656,.T.);
#10654=ORIENTED_EDGE('',*,*,#10657,.T.);
#10655=ORIENTED_EDGE('',*,*,#10658,.T.);
#10656=EDGE_CURVE('',#501,#497,#10659,.F.);
#10657=EDGE_CURVE('',#497,#493,#10660,.T.);
#10658=EDGE_CURVE('',#493,#501,#10661,.T.);
#10659=LINE('',#500,#10662);
#10660=LINE('',#496,#10663);
#10661=LINE('',#492,#10664);
#10662=VECTOR('',#10665,1.0);
#10663=VECTOR('',#10666,1.0);
#10664=VECTOR('',#10667,1.0);
#10665=DIRECTION('',(0,1,0));
#10666=DIRECTION('',(-0.38268210400684627,0.9238800827341682,0));
#10667=DIRECTION('',(0.19509050861323338,-0.9807852432867401,0));
#10668=FACE_SURFACE('',(#10673),#10669,.T.);
#10669=PLANE('',#10670);
#10670=AXIS2_PLACEMENT_3D('',#492,#10671,#10672);
#10671=DIRECTION('',(0,0,1));
#10672=DIRECTION('',(-0.7071067811865476,0.7071067811865476,0));
#10673=FACE_BOUND('',#10674,.T.);
#10674=EDGE_LOOP('',(#10675,#10676,#10677));
#10675=ORIENTED_EDGE('',*,*,#10678,.T.);
#10676=ORIENTED_EDGE('',*,*,#10679,.T.);
#10677=ORIENTED_EDGE('',*,*,#10680,.T.);
#10678=EDGE_CURVE('',#493,#489,#10681,.F.);
#10679=EDGE_CURVE('',#489,#485,#10682,.T.);
#10680=EDGE_CURVE('',#485,#493,#10683,.T.);
#10681=LINE('',#492,#10684);
#10682=LINE('',#488,#10685);
#10683=LINE('',#484,#10686);
#10684=VECTOR('',#10687,1.0);
#10685=VECTOR('',#10688,1.0);
#10686=VECTOR('',#10689,1.0);
#10687=DIRECTION('',(-0.7071067811865476,0.7071067811865476,0));
#10688=DIRECTION('',(-0.9238795926862721,0.38268328708979166,0));
#10689=DIRECTION('',(0.8314698271654363,-0.5555699114544268,0));
#10690=FACE_SURFACE('',(#10695),#10691,.T.);
#10691=PLANE('',#10692);
#10692=AXIS2_PLACEMENT_3D('',#484,#10693,#10694);
#10693=DIRECTION('',(0,0,1));
#10694=DIRECTION('',(-1,0,0));
#10695=FACE_BOUND('',#10696,.T.);
#10696=EDGE_LOOP('',(#10697,#10698,#10699));
#10697=ORIENTED_EDGE('',*,*,#10700,.T.);
#10698=ORIENTED_EDGE('',*,*,#10701,.T.);
#10699=ORIENTED_EDGE('',*,*,#10702,.T.);
#10700=EDGE_CURVE('',#485,#545,#10703,.F.);
#10701=EDGE_CURVE('',#545,#541,#10704,.T.);
#10702=EDGE_CURVE('',#541,#485,#10705,.T.);
#10703=LINE('',#484,#10706);
#10704=LINE('',#544,#10707);
#10705=LINE('',#540,#10708);
#10706=VECTOR('',#10709,1.0);
#10707=VECTOR('',#10710,1.0);
#10708=VECTOR('',#10711,1.0);
#10709=DIRECTION('',(-1,0,0));
#10710=DIRECTION('',(-0.9238795926862721,-0.38268328708979166,0));
#10711=DIRECTION('',(0.9807853731416257,0.19508985578815177,0));
#10712=FACE_SURFACE('',(#10717),#10713,.T.);
#10713=PLANE('',#10714);
#10714=AXIS2_PLACEMENT_3D('',#540,#10715,#10716);
#10715=DIRECTION('',(0,0,1));
#10716=DIRECTION('',(-0.7071067811865476,-0.7071067811865476,0));
#10717=FACE_BOUND('',#10718,.T.);
#10718=EDGE_LOOP('',(#10719,#10720,#10721));
#10719=ORIENTED_EDGE('',*,*,#10722,.T.);
#10720=ORIENTED_EDGE('',*,*,#10723,.T.);
#10721=ORIENTED_EDGE('',*,*,#10724,.T.);
#10722=EDGE_CURVE('',#541,#537,#10725,.F.);
#10723=EDGE_CURVE('',#537,#533,#10726,.T.);
#10724=EDGE_CURVE('',#533,#541,#10727,.T.);
#10725=LINE('',#540,#10728);
#10726=LINE('',#536,#10729);
#10727=LINE('',#532,#10730);
#10728=VECTOR('',#10731,1.0);
#10729=VECTOR('',#10732,1.0);
#10730=VECTOR('',#10733,1.0);
#10731=DIRECTION('',(-0.7071067811865476,-0.7071067811865476,0));
#10732=DIRECTION('',(-0.38268210400684627,-0.9238800827341682,0));
#10733=DIRECTION('',(0.5555691234239235,0.8314703537096036,0));
#10734=FACE_SURFACE('',(#10739),#10735,.T.);
#10735=PLANE('',#10736);
#10736=AXIS2_PLACEMENT_3D('',#532,#10737,#10738);
#10737=DIRECTION('',(0,0,1));
#10738=DIRECTION('',(0,-1,0));
#10739=FACE_BOUND('',#10740,.T.);
#10740=EDGE_LOOP('',(#10741,#10742,#10743));
#10741=ORIENTED_EDGE('',*,*,#10744,.T.);
#10742=ORIENTED_EDGE('',*,*,#10745,.T.);
#10743=ORIENTED_EDGE('',*,*,#10746,.T.);
#10744=EDGE_CURVE('',#533,#529,#10747,.F.);
#10745=EDGE_CURVE('',#529,#525,#10748,.T.);
#10746=EDGE_CURVE('',#525,#533,#10749,.T.);
#10747=LINE('',#532,#10750);
#10748=LINE('',#528,#10751);
#10749=LINE('',#524,#10752);
#10750=VECTOR('',#10753,1.0);
#10751=VECTOR('',#10754,1.0);
#10752=VECTOR('',#10755,1.0);
#10753=DIRECTION('',(0,-1,0));
#10754=DIRECTION('',(0.38268210400684627,-0.9238800827341682,0));
#10755=DIRECTION('',(-0.19509050861323338,0.9807852432867401,0));
#10756=FACE_SURFACE('',(#10761),#10757,.T.);
#10757=PLANE('',#10758);
#10758=AXIS2_PLACEMENT_3D('',#524,#10759,#10760);
#10759=DIRECTION('',(0,0,1));
#10760=DIRECTION('',(0.7071051080461417,-0.7071084543229945,0));
#10761=FACE_BOUND('',#10762,.T.);
#10762=EDGE_LOOP('',(#10763,#10764,#10765));
#10763=ORIENTED_EDGE('',*,*,#10766,.T.);
#10764=ORIENTED_EDGE('',*,*,#10767,.T.);
#10765=ORIENTED_EDGE('',*,*,#10768,.T.);
#10766=EDGE_CURVE('',#525,#521,#10769,.F.);
#10767=EDGE_CURVE('',#521,#517,#10770,.T.);
#10768=EDGE_CURVE('',#517,#525,#10771,.T.);
#10769=LINE('',#524,#10772);
#10770=LINE('',#520,#10773);
#10771=LINE('',#516,#10774);
#10772=VECTOR('',#10775,1.0);
#10773=VECTOR('',#10776,1.0);
#10774=VECTOR('',#10777,1.0);
#10775=DIRECTION('',(0.7071051080461417,-0.7071084543229945,0));
#10776=DIRECTION('',(0.9238819588472502,-0.38267757461937574,0));
#10777=DIRECTION('',(-0.8314706151967182,0.555568732079471,0));
#10778=FACE_SURFACE('',(#10783),#10779,.T.);
#10779=PLANE('',#10780);
#10780=AXIS2_PLACEMENT_3D('',#516,#10781,#10782);
#10781=DIRECTION('',(0,0,1));
#10782=DIRECTION('',(1,0,0));
#10783=FACE_BOUND('',#10784,.T.);
#10784=EDGE_LOOP('',(#10785,#10786,#10787));
#10785=ORIENTED_EDGE('',*,*,#10788,.T.);
#10786=ORIENTED_EDGE('',*,*,#10789,.T.);
#10787=ORIENTED_EDGE('',*,*,#10790,.T.);
#10788=EDGE_CURVE('',#517,#513,#10791,.F.);
#10789=EDGE_CURVE('',#513,#509,#10792,.T.);
#10790=EDGE_CURVE('',#509,#517,#10793,.T.);
#10791=LINE('',#516,#10794);
#10792=LINE('',#512,#10795);
#10793=LINE('',#508,#10796);
#10794=VECTOR('',#10797,1.0);
#10795=VECTOR('',#10798,1.0);
#10796=VECTOR('',#10799,1.0);
#10797=DIRECTION('',(1,0,0));
#10798=DIRECTION('',(0.9238819588472502,0.38267757461937574,0));
#10799=DIRECTION('',(-0.9807860259595095,-0.19508657381417233,0));
#10800=FACE_SURFACE('',(#10805),#10801,.T.);
#10801=PLANE('',#10802);
#10802=AXIS2_PLACEMENT_3D('',#508,#10803,#10804);
#10803=DIRECTION('',(0,0,1));
#10804=DIRECTION('',(0.7071051080461417,0.7071084543229945,0));
#10805=FACE_BOUND('',#10806,.T.);
#10806=EDGE_LOOP('',(#10807,#10808,#10809));
#10807=ORIENTED_EDGE('',*,*,#10810,.T.);
#10808=ORIENTED_EDGE('',*,*,#10811,.T.);
#10809=ORIENTED_EDGE('',*,*,#10812,.T.);
#10810=EDGE_CURVE('',#509,#505,#10813,.F.);
#10811=EDGE_CURVE('',#505,#501,#10814,.T.);
#10812=EDGE_CURVE('',#501,#509,#10815,.T.);
#10813=LINE('',#508,#10816);
#10814=LINE('',#504,#10817);
#10815=LINE('',#500,#10818);
#10816=VECTOR('',#10819,1.0);
#10817=VECTOR('',#10820,1.0);
#10818=VECTOR('',#10821,1.0);
#10819=DIRECTION('',(0.7071051080461417,0.7071084543229945,0));
#10820=DIRECTION('',(0.38268210400684627,0.9238800827341682,0));
#10821=DIRECTION('',(-0.5555683353951567,-0.8314708802515303,0));
#10822=FACE_SURFACE('',(#10827),#10823,.T.);
#10823=PLANE('',#10824);
#10824=AXIS2_PLACEMENT_3D('',#500,#10825,#10826);
#10825=DIRECTION('',(0,0,1));
#10826=DIRECTION('',(-0.19509050861323338,0.9807852432867401,0));
#10827=FACE_BOUND('',#10828,.T.);
#10828=EDGE_LOOP('',(#10829,#10830,#10831));
#10829=ORIENTED_EDGE('',*,*,#10832,.T.);
#10830=ORIENTED_EDGE('',*,*,#10833,.T.);
#10831=ORIENTED_EDGE('',*,*,#10834,.T.);
#10832=EDGE_CURVE('',#501,#493,#10835,.F.);
#10833=EDGE_CURVE('',#493,#485,#10836,.T.);
#10834=EDGE_CURVE('',#485,#501,#10837,.T.);
#10835=LINE('',#500,#10838);
#10836=LINE('',#492,#10839);
#10837=LINE('',#484,#10840);
#10838=VECTOR('',#10841,1.0);
#10839=VECTOR('',#10842,1.0);
#10840=VECTOR('',#10843,1.0);
#10841=DIRECTION('',(-0.19509050861323338,0.9807852432867401,0));
#10842=DIRECTION('',(-0.8314698271654363,0.5555699114544268,0));
#10843=DIRECTION('',(0.5555704335352165,-0.8314694783222601,0));
#10844=FACE_SURFACE('',(#10849),#10845,.T.);
#10845=PLANE('',#10846);
#10846=AXIS2_PLACEMENT_3D('',#484,#10847,#10848);
#10847=DIRECTION('',(0,0,1));
#10848=DIRECTION('',(-0.9807853731416257,-0.19508985578815177,0));
#10849=FACE_BOUND('',#10850,.T.);
#10850=EDGE_LOOP('',(#10851,#10852,#10853));
#10851=ORIENTED_EDGE('',*,*,#10854,.T.);
#10852=ORIENTED_EDGE('',*,*,#10855,.T.);
#10853=ORIENTED_EDGE('',*,*,#10856,.T.);
#10854=EDGE_CURVE('',#485,#541,#10857,.F.);
#10855=EDGE_CURVE('',#541,#533,#10858,.T.);
#10856=EDGE_CURVE('',#533,#485,#10859,.T.);
#10857=LINE('',#484,#10860);
#10858=LINE('',#540,#10861);
#10859=LINE('',#532,#10862);
#10860=VECTOR('',#10863,1.0);
#10861=VECTOR('',#10864,1.0);
#10862=VECTOR('',#10865,1.0);
#10863=DIRECTION('',(-0.9807853731416257,-0.19508985578815177,0));
#10864=DIRECTION('',(-0.5555691234239235,-0.8314703537096036,0));
#10865=DIRECTION('',(0.8314696217717847,0.5555702188478834,0));
#10866=FACE_SURFACE('',(#10871),#10867,.T.);
#10867=PLANE('',#10868);
#10868=AXIS2_PLACEMENT_3D('',#532,#10869,#10870);
#10869=DIRECTION('',(0,0,1));
#10870=DIRECTION('',(0.19509050861323338,-0.9807852432867401,0));
#10871=FACE_BOUND('',#10872,.T.);
#10872=EDGE_LOOP('',(#10873,#10874,#10875));
#10873=ORIENTED_EDGE('',*,*,#10876,.T.);
#10874=ORIENTED_EDGE('',*,*,#10877,.T.);
#10875=ORIENTED_EDGE('',*,*,#10878,.T.);
#10876=EDGE_CURVE('',#533,#525,#10879,.F.);
#10877=EDGE_CURVE('',#525,#517,#10880,.T.);
#10878=EDGE_CURVE('',#517,#533,#10881,.T.);
#10879=LINE('',#532,#10882);
#10880=LINE('',#524,#10883);
#10881=LINE('',#516,#10884);
#10882=VECTOR('',#10885,1.0);
#10883=VECTOR('',#10886,1.0);
#10884=VECTOR('',#10887,1.0);
#10885=DIRECTION('',(0.19509050861323338,-0.9807852432867401,0));
#10886=DIRECTION('',(0.8314706151967182,-0.555568732079471,0));
#10887=DIRECTION('',(-0.5555708600151663,0.8314691933571613,0));
#10888=FACE_SURFACE('',(#10893),#10889,.T.);
#10889=PLANE('',#10890);
#10890=AXIS2_PLACEMENT_3D('',#516,#10891,#10892);
#10891=DIRECTION('',(0,0,1));
#10892=DIRECTION('',(0.9807860259595095,0.19508657381417233,0));
#10893=FACE_BOUND('',#10894,.T.);
#10894=EDGE_LOOP('',(#10895,#10896,#10897));
#10895=ORIENTED_EDGE('',*,*,#10898,.T.);
#10896=ORIENTED_EDGE('',*,*,#10899,.T.);
#10897=ORIENTED_EDGE('',*,*,#10900,.T.);
#10898=EDGE_CURVE('',#517,#509,#10901,.F.);
#10899=EDGE_CURVE('',#509,#501,#10902,.T.);
#10900=EDGE_CURVE('',#501,#517,#10903,.T.);
#10901=LINE('',#516,#10904);
#10902=LINE('',#508,#10905);
#10903=LINE('',#500,#10906);
#10904=VECTOR('',#10907,1.0);
#10905=VECTOR('',#10908,1.0);
#10906=VECTOR('',#10909,1.0);
#10907=DIRECTION('',(0.9807860259595095,0.19508657381417233,0));
#10908=DIRECTION('',(0.5555683353951567,0.8314708802515303,0));
#10909=DIRECTION('',(-0.8314700482504892,-0.5555695805768427,0));
#10910=FACE_SURFACE('',(#10915),#10911,.T.);
#10911=PLANE('',#10912);
#10912=AXIS2_PLACEMENT_3D('',#500,#10913,#10914);
#10913=DIRECTION('',(0,0,1));
#10914=DIRECTION('',(-0.5555704335352165,0.8314694783222601,0));
#10915=FACE_BOUND('',#10916,.T.);
#10916=EDGE_LOOP('',(#10917,#10918,#10919));
#10917=ORIENTED_EDGE('',*,*,#10920,.T.);
#10918=ORIENTED_EDGE('',*,*,#10921,.T.);
#10919=ORIENTED_EDGE('',*,*,#10922,.T.);
#10920=EDGE_CURVE('',#501,#485,#10923,.F.);
#10921=EDGE_CURVE('',#485,#533,#10924,.T.);
#10922=EDGE_CURVE('',#533,#501,#10925,.T.);
#10923=LINE('',#500,#10926);
#10924=LINE('',#484,#10927);
#10925=LINE('',#532,#10928);
#10926=VECTOR('',#10929,1.0);
#10927=VECTOR('',#10930,1.0);
#10928=VECTOR('',#10931,1.0);
#10929=DIRECTION('',(-0.5555704335352165,0.8314694783222601,0));
#10930=DIRECTION('',(-0.8314696217717847,-0.5555702188478834,0));
#10931=DIRECTION('',(0.9807855020564141,-0.1950892076870161,0));
#10932=FACE_SURFACE('',(#10937),#10933,.T.);
#10933=PLANE('',#10934);
#10934=AXIS2_PLACEMENT_3D('',#532,#10935,#10936);
#10935=DIRECTION('',(0,0,1));
#10936=DIRECTION('',(0.5555708600151663,-0.8314691933571613,0));
#10937=FACE_BOUND('',#10938,.T.);
#10938=EDGE_LOOP('',(#10939,#10940,#10941));
#10939=ORIENTED_EDGE('',*,*,#10942,.T.);
#10940=ORIENTED_EDGE('',*,*,#10943,.T.);
#10941=ORIENTED_EDGE('',*,*,#10944,.T.);
#10942=EDGE_CURVE('',#533,#517,#10945,.F.);
#10943=EDGE_CURVE('',#517,#501,#10946,.T.);
#10944=EDGE_CURVE('',#501,#533,#10947,.T.);
#10945=LINE('',#532,#10948);
#10946=LINE('',#516,#10949);
#10947=LINE('',#500,#10950);
#10948=VECTOR('',#10951,1.0);
#10949=VECTOR('',#10952,1.0);
#10950=VECTOR('',#10953,1.0);
#10951=DIRECTION('',(0.5555708600151663,-0.8314691933571613,0));
#10952=DIRECTION('',(0.8314700482504892,0.5555695805768427,0));
#10953=DIRECTION('',(-0.9807855020564141,0.1950892076870161,0));
#10954=FACE_SURFACE('',(#10959),#10955,.T.);
#10955=PLANE('',#10956);
#10956=AXIS2_PLACEMENT_3D('',#286,#10957,#10958);
#10957=DIRECTION('',(-0.09801392790553252,-0.9951850430631125,-0));
#10958=DIRECTION('',(0,0,-1));
#10959=FACE_BOUND('',#10960,.T.);
#10960=EDGE_LOOP('',(#10961,#10962,#10963));
#10961=ORIENTED_EDGE('',*,*,#10964,.T.);
#10962=ORIENTED_EDGE('',*,*,#10965,.T.);
#10963=ORIENTED_EDGE('',*,*,#10966,.T.);
#10964=EDGE_CURVE('',#287,#547,#10967,.F.);
#10965=EDGE_CURVE('',#547,#549,#10968,.T.);
#10966=EDGE_CURVE('',#549,#287,#10969,.T.);
#10967=LINE('',#286,#10970);
#10968=LINE('',#546,#10971);
#10969=LINE('',#548,#10972);
#10970=VECTOR('',#10973,1.0);
#10971=VECTOR('',#10974,1.0);
#10972=VECTOR('',#10975,1.0);
#10973=DIRECTION('',(0,0,-1));
#10974=DIRECTION('',(0.9951850430631124,-0.09801392790553251,0));
#10975=DIRECTION('',(-0.06437714220637815,0.006340385256955681,0.9979054980688968));
#10976=FACE_SURFACE('',(#10981),#10977,.T.);
#10977=PLANE('',#10978);
#10978=AXIS2_PLACEMENT_3D('',#286,#10979,#10980);
#10979=DIRECTION('',(-0.09801392790553252,-0.9951850430631125,0));
#10980=DIRECTION('',(0.06437714220637815,-0.006340385256955681,-0.9979054980688968));
#10981=FACE_BOUND('',#10982,.T.);
#10982=EDGE_LOOP('',(#10983,#10984,#10985));
#10983=ORIENTED_EDGE('',*,*,#10986,.T.);
#10984=ORIENTED_EDGE('',*,*,#10987,.T.);
#10985=ORIENTED_EDGE('',*,*,#10988,.T.);
#10986=EDGE_CURVE('',#287,#549,#10989,.F.);
#10987=EDGE_CURVE('',#549,#289,#10990,.T.);
#10988=EDGE_CURVE('',#289,#287,#10991,.T.);
#10989=LINE('',#286,#10992);
#10990=LINE('',#548,#10993);
#10991=LINE('',#288,#10994);
#10992=VECTOR('',#10995,1.0);
#10993=VECTOR('',#10996,1.0);
#10994=VECTOR('',#10997,1.0);
#10995=DIRECTION('',(0.06437714220637815,-0.006340385256955681,-0.9979054980688968));
#10996=DIRECTION('',(0,0,1));
#10997=DIRECTION('',(-0.9951850430631124,0.09801392790553251,0));
#10998=FACE_SURFACE('',(#11003),#10999,.T.);
#10999=PLANE('',#11000);
#11000=AXIS2_PLACEMENT_3D('',#288,#11001,#11002);
#11001=DIRECTION('',(-0.29027893515526987,-0.956942077560143,-0));
#11002=DIRECTION('',(0,0,-1));
#11003=FACE_BOUND('',#11004,.T.);
#11004=EDGE_LOOP('',(#11005,#11006,#11007));
#11005=ORIENTED_EDGE('',*,*,#11008,.T.);
#11006=ORIENTED_EDGE('',*,*,#11009,.T.);
#11007=ORIENTED_EDGE('',*,*,#11010,.T.);
#11008=EDGE_CURVE('',#289,#549,#11011,.F.);
#11009=EDGE_CURVE('',#549,#551,#11012,.T.);
#11010=EDGE_CURVE('',#551,#289,#11013,.T.);
#11011=LINE('',#288,#11014);
#11012=LINE('',#548,#11015);
#11013=LINE('',#550,#11016);
#11014=VECTOR('',#11017,1.0);
#11015=VECTOR('',#11018,1.0);
#11016=VECTOR('',#11019,1.0);
#11017=DIRECTION('',(0,0,-1));
#11018=DIRECTION('',(0.9569420775601429,-0.29027893515526987,0));
#11019=DIRECTION('',(-0.0619032030406104,0.018777725718931514,0.9979055017736587));
#11020=FACE_SURFACE('',(#11025),#11021,.T.);
#11021=PLANE('',#11022);
#11022=AXIS2_PLACEMENT_3D('',#288,#11023,#11024);
#11023=DIRECTION('',(-0.29027893515526987,-0.956942077560143,0));
#11024=DIRECTION('',(0.0619032030406104,-0.018777725718931514,-0.9979055017736587));
#11025=FACE_BOUND('',#11026,.T.);
#11026=EDGE_LOOP('',(#11027,#11028,#11029));
#11027=ORIENTED_EDGE('',*,*,#11030,.T.);
#11028=ORIENTED_EDGE('',*,*,#11031,.T.);
#11029=ORIENTED_EDGE('',*,*,#11032,.T.);
#11030=EDGE_CURVE('',#289,#551,#11033,.F.);
#11031=EDGE_CURVE('',#551,#291,#11034,.T.);
#11032=EDGE_CURVE('',#291,#289,#11035,.T.);
#11033=LINE('',#288,#11036);
#11034=LINE('',#550,#11037);
#11035=LINE('',#290,#11038);
#11036=VECTOR('',#11039,1.0);
#11037=VECTOR('',#11040,1.0);
#11038=VECTOR('',#11041,1.0);
#11039=DIRECTION('',(0.0619032030406104,-0.018777725718931514,-0.9979055017736587));
#11040=DIRECTION('',(0,0,1));
#11041=DIRECTION('',(-0.9569420775601429,0.29027893515526987,0));
#11042=FACE_SURFACE('',(#11047),#11043,.T.);
#11043=PLANE('',#11044);
#11044=AXIS2_PLACEMENT_3D('',#290,#11045,#11046);
#11045=DIRECTION('',(-0.4714059419935435,-0.8819163440220278,-0));
#11046=DIRECTION('',(0,0,-1));
#11047=FACE_BOUND('',#11048,.T.);
#11048=EDGE_LOOP('',(#11049,#11050,#11051));
#11049=ORIENTED_EDGE('',*,*,#11052,.T.);
#11050=ORIENTED_EDGE('',*,*,#11053,.T.);
#11051=ORIENTED_EDGE('',*,*,#11054,.T.);
#11052=EDGE_CURVE('',#291,#551,#11055,.F.);
#11053=EDGE_CURVE('',#551,#553,#11056,.T.);
#11054=EDGE_CURVE('',#553,#291,#11057,.T.);
#11055=LINE('',#290,#11058);
#11056=LINE('',#550,#11059);
#11057=LINE('',#552,#11060);
#11058=VECTOR('',#11061,1.0);
#11059=VECTOR('',#11062,1.0);
#11060=VECTOR('',#11063,1.0);
#11061=DIRECTION('',(0,0,-1));
#11062=DIRECTION('',(0.8819163440220278,-0.4714059419935436,0));
#11063=DIRECTION('',(-0.05705011028320142,0.03049468485439066,0.9979054860618344));
#11064=FACE_SURFACE('',(#11069),#11065,.T.);
#11065=PLANE('',#11066);
#11066=AXIS2_PLACEMENT_3D('',#290,#11067,#11068);
#11067=DIRECTION('',(-0.4714059419935435,-0.8819163440220278,0));
#11068=DIRECTION('',(0.05705011028320142,-0.03049468485439066,-0.9979054860618344));
#11069=FACE_BOUND('',#11070,.T.);
#11070=EDGE_LOOP('',(#11071,#11072,#11073));
#11071=ORIENTED_EDGE('',*,*,#11074,.T.);
#11072=ORIENTED_EDGE('',*,*,#11075,.T.);
#11073=ORIENTED_EDGE('',*,*,#11076,.T.);
#11074=EDGE_CURVE('',#291,#553,#11077,.F.);
#11075=EDGE_CURVE('',#553,#295,#11078,.T.);
#11076=EDGE_CURVE('',#295,#291,#11079,.T.);
#11077=LINE('',#290,#11080);
#11078=LINE('',#552,#11081);
#11079=LINE('',#294,#11082);
#11080=VECTOR('',#11083,1.0);
#11081=VECTOR('',#11084,1.0);
#11082=VECTOR('',#11085,1.0);
#11083=DIRECTION('',(0.05705011028320142,-0.03049468485439066,-0.9979054860618344));
#11084=DIRECTION('',(0,0,1));
#11085=DIRECTION('',(-0.8819163440220278,0.4714059419935436,0));
#11086=FACE_SURFACE('',(#11091),#11087,.T.);
#11087=PLANE('',#11088);
#11088=AXIS2_PLACEMENT_3D('',#294,#11089,#11090);
#11089=DIRECTION('',(-0.6343875432358473,-0.7730151647847446,-0));
#11090=DIRECTION('',(0,0,-1));
#11091=FACE_BOUND('',#11092,.T.);
#11092=EDGE_LOOP('',(#11093,#11094,#11095));
#11093=ORIENTED_EDGE('',*,*,#11096,.T.);
#11094=ORIENTED_EDGE('',*,*,#11097,.T.);
#11095=ORIENTED_EDGE('',*,*,#11098,.T.);
#11096=EDGE_CURVE('',#295,#553,#11099,.F.);
#11097=EDGE_CURVE('',#553,#555,#11100,.T.);
#11098=EDGE_CURVE('',#555,#295,#11101,.T.);
#11099=LINE('',#294,#11102);
#11100=LINE('',#552,#11103);
#11101=LINE('',#554,#11104);
#11102=VECTOR('',#11105,1.0);
#11103=VECTOR('',#11106,1.0);
#11104=VECTOR('',#11107,1.0);
#11105=DIRECTION('',(0,0,-1));
#11106=DIRECTION('',(0.7730151647847446,-0.6343875432358472,0));
#11107=DIRECTION('',(-0.05000571535635159,0.04103800851242112,0.9979054615989603));
#11108=FACE_SURFACE('',(#11113),#11109,.T.);
#11109=PLANE('',#11110);
#11110=AXIS2_PLACEMENT_3D('',#294,#11111,#11112);
#11111=DIRECTION('',(-0.6343875432358473,-0.7730151647847446,0));
#11112=DIRECTION('',(0.05000571535635159,-0.04103800851242112,-0.9979054615989603));
#11113=FACE_BOUND('',#11114,.T.);
#11114=EDGE_LOOP('',(#11115,#11116,#11117));
#11115=ORIENTED_EDGE('',*,*,#11118,.T.);
#11116=ORIENTED_EDGE('',*,*,#11119,.T.);
#11117=ORIENTED_EDGE('',*,*,#11120,.T.);
#11118=EDGE_CURVE('',#295,#555,#11121,.F.);
#11119=EDGE_CURVE('',#555,#299,#11122,.T.);
#11120=EDGE_CURVE('',#299,#295,#11123,.T.);
#11121=LINE('',#294,#11124);
#11122=LINE('',#554,#11125);
#11123=LINE('',#298,#11126);
#11124=VECTOR('',#11127,1.0);
#11125=VECTOR('',#11128,1.0);
#11126=VECTOR('',#11129,1.0);
#11127=DIRECTION('',(0.05000571535635159,-0.04103800851242112,-0.9979054615989603));
#11128=DIRECTION('',(0,0,1));
#11129=DIRECTION('',(-0.7730151647847446,0.6343875432358472,0));
#11130=FACE_SURFACE('',(#11135),#11131,.T.);
#11131=PLANE('',#11132);
#11132=AXIS2_PLACEMENT_3D('',#298,#11133,#11134);
#11133=DIRECTION('',(-0.773005951998172,-0.6343987690525571,-0));
#11134=DIRECTION('',(0,0,-1));
#11135=FACE_BOUND('',#11136,.T.);
#11136=EDGE_LOOP('',(#11137,#11138,#11139));
#11137=ORIENTED_EDGE('',*,*,#11140,.T.);
#11138=ORIENTED_EDGE('',*,*,#11141,.T.);
#11139=ORIENTED_EDGE('',*,*,#11142,.T.);
#11140=EDGE_CURVE('',#299,#555,#11143,.F.);
#11141=EDGE_CURVE('',#555,#557,#11144,.T.);
#11142=EDGE_CURVE('',#557,#299,#11145,.T.);
#11143=LINE('',#298,#11146);
#11144=LINE('',#554,#11147);
#11145=LINE('',#556,#11148);
#11146=VECTOR('',#11149,1.0);
#11147=VECTOR('',#11150,1.0);
#11148=VECTOR('',#11151,1.0);
#11149=DIRECTION('',(0,0,-1));
#11150=DIRECTION('',(0.6343987690525571,-0.773005951998172,0));
#11151=DIRECTION('',(-0.04103886964486242,0.05000528381562421,0.997905447809957));
#11152=FACE_SURFACE('',(#11157),#11153,.T.);
#11153=PLANE('',#11154);
#11154=AXIS2_PLACEMENT_3D('',#298,#11155,#11156);
#11155=DIRECTION('',(-0.773005951998172,-0.6343987690525571,0));
#11156=DIRECTION('',(0.04103886964486242,-0.05000528381562421,-0.997905447809957));
#11157=FACE_BOUND('',#11158,.T.);
#11158=EDGE_LOOP('',(#11159,#11160,#11161));
#11159=ORIENTED_EDGE('',*,*,#11162,.T.);
#11160=ORIENTED_EDGE('',*,*,#11163,.T.);
#11161=ORIENTED_EDGE('',*,*,#11164,.T.);
#11162=EDGE_CURVE('',#299,#557,#11165,.F.);
#11163=EDGE_CURVE('',#557,#303,#11166,.T.);
#11164=EDGE_CURVE('',#303,#299,#11167,.T.);
#11165=LINE('',#298,#11168);
#11166=LINE('',#556,#11169);
#11167=LINE('',#302,#11170);
#11168=VECTOR('',#11171,1.0);
#11169=VECTOR('',#11172,1.0);
#11170=VECTOR('',#11173,1.0);
#11171=DIRECTION('',(0.04103886964486242,-0.05000528381562421,-0.997905447809957));
#11172=DIRECTION('',(0,0,1));
#11173=DIRECTION('',(-0.6343987690525571,0.773005951998172,0));
#11174=FACE_SURFACE('',(#11179),#11175,.T.);
#11175=PLANE('',#11176);
#11176=AXIS2_PLACEMENT_3D('',#556,#11177,#11178);
#11177=DIRECTION('',(-0.8819276108436893,-0.4713848631760912,0));
#11178=DIRECTION('',(0.47138486317609113,-0.8819276108436892,0));
#11179=FACE_BOUND('',#11180,.T.);
#11180=EDGE_LOOP('',(#11181,#11182,#11183));
#11181=ORIENTED_EDGE('',*,*,#11184,.T.);
#11182=ORIENTED_EDGE('',*,*,#11185,.T.);
#11183=ORIENTED_EDGE('',*,*,#11186,.T.);
#11184=EDGE_CURVE('',#557,#559,#11187,.F.);
#11185=EDGE_CURVE('',#559,#307,#11188,.T.);
#11186=EDGE_CURVE('',#307,#557,#11189,.T.);
#11187=LINE('',#556,#11190);
#11188=LINE('',#558,#11191);
#11189=LINE('',#306,#11192);
#11190=VECTOR('',#11193,1.0);
#11191=VECTOR('',#11194,1.0);
#11192=VECTOR('',#11195,1.0);
#11193=DIRECTION('',(0.47138486317609113,-0.8819276108436892,0));
#11194=DIRECTION('',(0,0,1));
#11195=DIRECTION('',(-0.030493392007918136,0.05705097142675351,-0.9979054763368698));
#11196=FACE_SURFACE('',(#11201),#11197,.T.);
#11197=PLANE('',#11198);
#11198=AXIS2_PLACEMENT_3D('',#556,#11199,#11200);
#11199=DIRECTION('',(-0.8819276108436893,-0.4713848631760912,0));
#11200=DIRECTION('',(0.030493392007918136,-0.05705097142675351,0.9979054763368698));
#11201=FACE_BOUND('',#11202,.T.);
#11202=EDGE_LOOP('',(#11203,#11204,#11205));
#11203=ORIENTED_EDGE('',*,*,#11206,.T.);
#11204=ORIENTED_EDGE('',*,*,#11207,.T.);
#11205=ORIENTED_EDGE('',*,*,#11208,.T.);
#11206=EDGE_CURVE('',#557,#307,#11209,.F.);
#11207=EDGE_CURVE('',#307,#303,#11210,.T.);
#11208=EDGE_CURVE('',#303,#557,#11211,.T.);
#11209=LINE('',#556,#11212);
#11210=LINE('',#306,#11213);
#11211=LINE('',#302,#11214);
#11212=VECTOR('',#11215,1.0);
#11213=VECTOR('',#11216,1.0);
#11214=VECTOR('',#11217,1.0);
#11215=DIRECTION('',(0.030493392007918136,-0.05705097142675351,0.9979054763368698));
#11216=DIRECTION('',(-0.47138486317609113,0.8819276108436892,0));
#11217=DIRECTION('',(0,0,-1));
#11218=FACE_SURFACE('',(#11223),#11219,.T.);
#11219=PLANE('',#11220);
#11220=AXIS2_PLACEMENT_3D('',#558,#11221,#11222);
#11221=DIRECTION('',(-0.9569407886580252,-0.290283184153951,0));
#11222=DIRECTION('',(0.29028318415395105,-0.9569407886580253,0));
#11223=FACE_BOUND('',#11224,.T.);
#11224=EDGE_LOOP('',(#11225,#11226,#11227));
#11225=ORIENTED_EDGE('',*,*,#11228,.T.);
#11226=ORIENTED_EDGE('',*,*,#11229,.T.);
#11227=ORIENTED_EDGE('',*,*,#11230,.T.);
#11228=EDGE_CURVE('',#559,#561,#11231,.F.);
#11229=EDGE_CURVE('',#561,#311,#11232,.T.);
#11230=EDGE_CURVE('',#311,#559,#11233,.T.);
#11231=LINE('',#558,#11234);
#11232=LINE('',#560,#11235);
#11233=LINE('',#310,#11236);
#11234=VECTOR('',#11237,1.0);
#11235=VECTOR('',#11238,1.0);
#11236=VECTOR('',#11239,1.0);
#11237=DIRECTION('',(0.29028318415395105,-0.9569407886580253,0));
#11238=DIRECTION('',(0,0,1));
#11239=DIRECTION('',(-0.01877815591594823,0.061903631738518955,-0.9979054670849229));
#11240=FACE_SURFACE('',(#11245),#11241,.T.);
#11241=PLANE('',#11242);
#11242=AXIS2_PLACEMENT_3D('',#558,#11243,#11244);
#11243=DIRECTION('',(-0.9569407886580252,-0.290283184153951,0));
#11244=DIRECTION('',(0.01877815591594823,-0.061903631738518955,0.9979054670849229));
#11245=FACE_BOUND('',#11246,.T.);
#11246=EDGE_LOOP('',(#11247,#11248,#11249));
#11247=ORIENTED_EDGE('',*,*,#11250,.T.);
#11248=ORIENTED_EDGE('',*,*,#11251,.T.);
#11249=ORIENTED_EDGE('',*,*,#11252,.T.);
#11250=EDGE_CURVE('',#559,#311,#11253,.F.);
#11251=EDGE_CURVE('',#311,#307,#11254,.T.);
#11252=EDGE_CURVE('',#307,#559,#11255,.T.);
#11253=LINE('',#558,#11256);
#11254=LINE('',#310,#11257);
#11255=LINE('',#306,#11258);
#11256=VECTOR('',#11259,1.0);
#11257=VECTOR('',#11260,1.0);
#11258=VECTOR('',#11261,1.0);
#11259=DIRECTION('',(0.01877815591594823,-0.061903631738518955,0.9979054670849229));
#11260=DIRECTION('',(-0.29028318415395105,0.9569407886580253,0));
#11261=DIRECTION('',(0,0,-1));
#11262=FACE_SURFACE('',(#11267),#11263,.T.);
#11263=PLANE('',#11264);
#11264=AXIS2_PLACEMENT_3D('',#560,#11265,#11266);
#11265=DIRECTION('',(-0.9951843933764082,-0.09802052427951331,0));
#11266=DIRECTION('',(0.0980205242795133,-0.9951843933764081,0));
#11267=FACE_BOUND('',#11268,.T.);
#11268=EDGE_LOOP('',(#11269,#11270,#11271));
#11269=ORIENTED_EDGE('',*,*,#11272,.T.);
#11270=ORIENTED_EDGE('',*,*,#11273,.T.);
#11271=ORIENTED_EDGE('',*,*,#11274,.T.);
#11272=EDGE_CURVE('',#561,#563,#11275,.F.);
#11273=EDGE_CURVE('',#563,#315,#11276,.T.);
#11274=EDGE_CURVE('',#315,#561,#11277,.T.);
#11275=LINE('',#560,#11278);
#11276=LINE('',#562,#11279);
#11277=LINE('',#314,#11280);
#11278=VECTOR('',#11281,1.0);
#11279=VECTOR('',#11282,1.0);
#11280=VECTOR('',#11283,1.0);
#11281=DIRECTION('',(0.0980205242795133,-0.9951843933764081,0));
#11282=DIRECTION('',(0,0,1));
#11283=DIRECTION('',(-0.0063408160894063755,0.06437714203050969,-0.9979054953427724));
#11284=FACE_SURFACE('',(#11289),#11285,.T.);
#11285=PLANE('',#11286);
#11286=AXIS2_PLACEMENT_3D('',#560,#11287,#11288);
#11287=DIRECTION('',(-0.9951843933764082,-0.09802052427951331,0));
#11288=DIRECTION('',(0.0063408160894063755,-0.06437714203050969,0.9979054953427724));
#11289=FACE_BOUND('',#11290,.T.);
#11290=EDGE_LOOP('',(#11291,#11292,#11293));
#11291=ORIENTED_EDGE('',*,*,#11294,.T.);
#11292=ORIENTED_EDGE('',*,*,#11295,.T.);
#11293=ORIENTED_EDGE('',*,*,#11296,.T.);
#11294=EDGE_CURVE('',#561,#315,#11297,.F.);
#11295=EDGE_CURVE('',#315,#311,#11298,.T.);
#11296=EDGE_CURVE('',#311,#561,#11299,.T.);
#11297=LINE('',#560,#11300);
#11298=LINE('',#314,#11301);
#11299=LINE('',#310,#11302);
#11300=VECTOR('',#11303,1.0);
#11301=VECTOR('',#11304,1.0);
#11302=VECTOR('',#11305,1.0);
#11303=DIRECTION('',(0.0063408160894063755,-0.06437714203050969,0.9979054953427724));
#11304=DIRECTION('',(-0.0980205242795133,0.9951843933764081,0));
#11305=DIRECTION('',(0,0,-1));
#11306=FACE_SURFACE('',(#11311),#11307,.T.);
#11307=PLANE('',#11308);
#11308=AXIS2_PLACEMENT_3D('',#562,#11309,#11310);
#11309=DIRECTION('',(-0.9951843933764082,0.09802052427951331,0));
#11310=DIRECTION('',(-0.0980205242795133,-0.9951843933764081,0));
#11311=FACE_BOUND('',#11312,.T.);
#11312=EDGE_LOOP('',(#11313,#11314,#11315));
#11313=ORIENTED_EDGE('',*,*,#11316,.T.);
#11314=ORIENTED_EDGE('',*,*,#11317,.T.);
#11315=ORIENTED_EDGE('',*,*,#11318,.T.);
#11316=EDGE_CURVE('',#563,#565,#11319,.F.);
#11317=EDGE_CURVE('',#565,#333,#11320,.T.);
#11318=EDGE_CURVE('',#333,#563,#11321,.T.);
#11319=LINE('',#562,#11322);
#11320=LINE('',#564,#11323);
#11321=LINE('',#332,#11324);
#11322=VECTOR('',#11325,1.0);
#11323=VECTOR('',#11326,1.0);
#11324=VECTOR('',#11327,1.0);
#11325=DIRECTION('',(-0.0980205242795133,-0.9951843933764081,0));
#11326=DIRECTION('',(0,0,1));
#11327=DIRECTION('',(0.0063408160894063755,0.06437714203050969,-0.9979054953427724));
#11328=FACE_SURFACE('',(#11333),#11329,.T.);
#11329=PLANE('',#11330);
#11330=AXIS2_PLACEMENT_3D('',#562,#11331,#11332);
#11331=DIRECTION('',(-0.9951843933764082,0.09802052427951331,0));
#11332=DIRECTION('',(-0.0063408160894063755,-0.06437714203050969,0.9979054953427724));
#11333=FACE_BOUND('',#11334,.T.);
#11334=EDGE_LOOP('',(#11335,#11336,#11337));
#11335=ORIENTED_EDGE('',*,*,#11338,.T.);
#11336=ORIENTED_EDGE('',*,*,#11339,.T.);
#11337=ORIENTED_EDGE('',*,*,#11340,.T.);
#11338=EDGE_CURVE('',#563,#333,#11341,.F.);
#11339=EDGE_CURVE('',#333,#315,#11342,.T.);
#11340=EDGE_CURVE('',#315,#563,#11343,.T.);
#11341=LINE('',#562,#11344);
#11342=LINE('',#332,#11345);
#11343=LINE('',#314,#11346);
#11344=VECTOR('',#11347,1.0);
#11345=VECTOR('',#11348,1.0);
#11346=VECTOR('',#11349,1.0);
#11347=DIRECTION('',(-0.0063408160894063755,-0.06437714203050969,0.9979054953427724));
#11348=DIRECTION('',(0.0980205242795133,0.9951843933764081,0));
#11349=DIRECTION('',(0,0,-1));
#11350=FACE_SURFACE('',(#11355),#11351,.T.);
#11351=PLANE('',#11352);
#11352=AXIS2_PLACEMENT_3D('',#564,#11353,#11354);
#11353=DIRECTION('',(-0.9569413498796503,0.2902813340373658,0));
#11354=DIRECTION('',(-0.2902813340373658,-0.9569413498796503,0));
#11355=FACE_BOUND('',#11356,.T.);
#11356=EDGE_LOOP('',(#11357,#11358,#11359));
#11357=ORIENTED_EDGE('',*,*,#11360,.T.);
#11358=ORIENTED_EDGE('',*,*,#11361,.T.);
#11359=ORIENTED_EDGE('',*,*,#11362,.T.);
#11360=EDGE_CURVE('',#565,#567,#11363,.F.);
#11361=EDGE_CURVE('',#567,#329,#11364,.T.);
#11362=EDGE_CURVE('',#329,#565,#11365,.T.);
#11363=LINE('',#564,#11366);
#11364=LINE('',#566,#11367);
#11365=LINE('',#328,#11368);
#11366=VECTOR('',#11369,1.0);
#11367=VECTOR('',#11370,1.0);
#11368=VECTOR('',#11371,1.0);
#11369=DIRECTION('',(-0.2902813340373658,-0.9569413498796503,0));
#11370=DIRECTION('',(0,0,1));
#11371=DIRECTION('',(0.018778155415111217,0.06190406093721927,-0.9979054404695301));
#11372=FACE_SURFACE('',(#11377),#11373,.T.);
#11373=PLANE('',#11374);
#11374=AXIS2_PLACEMENT_3D('',#564,#11375,#11376);
#11375=DIRECTION('',(-0.9569413498796503,0.2902813340373658,0));
#11376=DIRECTION('',(-0.018778155415111217,-0.06190406093721927,0.9979054404695301));
#11377=FACE_BOUND('',#11378,.T.);
#11378=EDGE_LOOP('',(#11379,#11380,#11381));
#11379=ORIENTED_EDGE('',*,*,#11382,.T.);
#11380=ORIENTED_EDGE('',*,*,#11383,.T.);
#11381=ORIENTED_EDGE('',*,*,#11384,.T.);
#11382=EDGE_CURVE('',#565,#329,#11385,.F.);
#11383=EDGE_CURVE('',#329,#333,#11386,.T.);
#11384=EDGE_CURVE('',#333,#565,#11387,.T.);
#11385=LINE('',#564,#11388);
#11386=LINE('',#328,#11389);
#11387=LINE('',#332,#11390);
#11388=VECTOR('',#11391,1.0);
#11389=VECTOR('',#11392,1.0);
#11390=VECTOR('',#11393,1.0);
#11391=DIRECTION('',(-0.018778155415111217,-0.06190406093721927,0.9979054404695301));
#11392=DIRECTION('',(0.2902813340373658,0.9569413498796503,0));
#11393=DIRECTION('',(0,0,-1));
#11394=FACE_SURFACE('',(#11399),#11395,.T.);
#11395=PLANE('',#11396);
#11396=AXIS2_PLACEMENT_3D('',#566,#11397,#11398);
#11397=DIRECTION('',(-0.8819261308807288,0.47138763207125817,0));
#11398=DIRECTION('',(-0.4713876320712581,-0.8819261308807287,0));
#11399=FACE_BOUND('',#11400,.T.);
#11400=EDGE_LOOP('',(#11401,#11402,#11403));
#11401=ORIENTED_EDGE('',*,*,#11404,.T.);
#11402=ORIENTED_EDGE('',*,*,#11405,.T.);
#11403=ORIENTED_EDGE('',*,*,#11406,.T.);
#11404=EDGE_CURVE('',#567,#569,#11407,.F.);
#11405=EDGE_CURVE('',#569,#327,#11408,.T.);
#11406=EDGE_CURVE('',#327,#567,#11409,.T.);
#11407=LINE('',#566,#11410);
#11408=LINE('',#568,#11411);
#11409=LINE('',#326,#11412);
#11410=VECTOR('',#11413,1.0);
#11411=VECTOR('',#11414,1.0);
#11412=VECTOR('',#11415,1.0);
#11413=DIRECTION('',(-0.4713876320712581,-0.8819261308807287,0));
#11414=DIRECTION('',(0,0,1));
#11415=DIRECTION('',(0.030493392757455037,0.0570505419793098,-0.9979055008656916));
#11416=FACE_SURFACE('',(#11421),#11417,.T.);
#11417=PLANE('',#11418);
#11418=AXIS2_PLACEMENT_3D('',#566,#11419,#11420);
#11419=DIRECTION('',(-0.8819261308807288,0.47138763207125817,0));
#11420=DIRECTION('',(-0.030493392757455037,-0.0570505419793098,0.9979055008656916));
#11421=FACE_BOUND('',#11422,.T.);
#11422=EDGE_LOOP('',(#11423,#11424,#11425));
#11423=ORIENTED_EDGE('',*,*,#11426,.T.);
#11424=ORIENTED_EDGE('',*,*,#11427,.T.);
#11425=ORIENTED_EDGE('',*,*,#11428,.T.);
#11426=EDGE_CURVE('',#567,#327,#11429,.F.);
#11427=EDGE_CURVE('',#327,#329,#11430,.T.);
#11428=EDGE_CURVE('',#329,#567,#11431,.T.);
#11429=LINE('',#566,#11432);
#11430=LINE('',#326,#11433);
#11431=LINE('',#328,#11434);
#11432=VECTOR('',#11435,1.0);
#11433=VECTOR('',#11436,1.0);
#11434=VECTOR('',#11437,1.0);
#11435=DIRECTION('',(-0.030493392757455037,-0.0570505419793098,0.9979055008656916));
#11436=DIRECTION('',(0.4713876320712581,0.8819261308807287,0));
#11437=DIRECTION('',(0,0,-1));
#11438=FACE_SURFACE('',(#11443),#11439,.T.);
#11439=PLANE('',#11440);
#11440=AXIS2_PLACEMENT_3D('',#568,#11441,#11442);
#11441=DIRECTION('',(-0.7730032714673521,0.6344020352274817,0));
#11442=DIRECTION('',(-0.6344020352274818,-0.7730032714673523,0));
#11443=FACE_BOUND('',#11444,.T.);
#11444=EDGE_LOOP('',(#11445,#11446,#11447));
#11445=ORIENTED_EDGE('',*,*,#11448,.T.);
#11446=ORIENTED_EDGE('',*,*,#11449,.T.);
#11447=ORIENTED_EDGE('',*,*,#11450,.T.);
#11448=EDGE_CURVE('',#569,#571,#11451,.F.);
#11449=EDGE_CURVE('',#571,#321,#11452,.T.);
#11450=EDGE_CURVE('',#321,#569,#11453,.T.);
#11451=LINE('',#568,#11454);
#11452=LINE('',#570,#11455);
#11453=LINE('',#320,#11456);
#11454=VECTOR('',#11457,1.0);
#11455=VECTOR('',#11458,1.0);
#11456=VECTOR('',#11459,1.0);
#11457=DIRECTION('',(-0.6344020352274818,-0.7730032714673523,0));
#11458=DIRECTION('',(0,0,1));
#11459=DIRECTION('',(0.04103887052903141,0.05000485404321124,-0.9979054693095025));
#11460=FACE_SURFACE('',(#11465),#11461,.T.);
#11461=PLANE('',#11462);
#11462=AXIS2_PLACEMENT_3D('',#568,#11463,#11464);
#11463=DIRECTION('',(-0.7730032714673521,0.6344020352274817,0));
#11464=DIRECTION('',(-0.04103887052903141,-0.05000485404321124,0.9979054693095025));
#11465=FACE_BOUND('',#11466,.T.);
#11466=EDGE_LOOP('',(#11467,#11468,#11469));
#11467=ORIENTED_EDGE('',*,*,#11470,.T.);
#11468=ORIENTED_EDGE('',*,*,#11471,.T.);
#11469=ORIENTED_EDGE('',*,*,#11472,.T.);
#11470=EDGE_CURVE('',#569,#321,#11473,.F.);
#11471=EDGE_CURVE('',#321,#327,#11474,.T.);
#11472=EDGE_CURVE('',#327,#569,#11475,.T.);
#11473=LINE('',#568,#11476);
#11474=LINE('',#320,#11477);
#11475=LINE('',#326,#11478);
#11476=VECTOR('',#11479,1.0);
#11477=VECTOR('',#11480,1.0);
#11478=VECTOR('',#11481,1.0);
#11479=DIRECTION('',(-0.04103887052903141,-0.05000485404321124,0.9979054693095025));
#11480=DIRECTION('',(0.6344020352274818,0.7730032714673523,0));
#11481=DIRECTION('',(0,0,-1));
#11482=FACE_SURFACE('',(#11487),#11483,.T.);
#11483=PLANE('',#11484);
#11484=AXIS2_PLACEMENT_3D('',#118,#11485,#11486);
#11485=DIRECTION('',(-0.6343622539188296,0.7730359181842863,0));
#11486=DIRECTION('',(0.7730359181842862,0.6343622539188296,0));
#11487=FACE_BOUND('',#11488,.T.);
#11488=EDGE_LOOP('',(#11489,#11490,#11491));
#11489=ORIENTED_EDGE('',*,*,#11492,.T.);
#11490=ORIENTED_EDGE('',*,*,#11493,.T.);
#11491=ORIENTED_EDGE('',*,*,#11494,.T.);
#11492=EDGE_CURVE('',#119,#321,#11495,.F.);
#11493=EDGE_CURVE('',#321,#571,#11496,.T.);
#11494=EDGE_CURVE('',#571,#119,#11497,.T.);
#11495=LINE('',#118,#11498);
#11496=LINE('',#320,#11499);
#11497=LINE('',#570,#11500);
#11498=VECTOR('',#11501,1.0);
#11499=VECTOR('',#11502,1.0);
#11500=VECTOR('',#11503,1.0);
#11501=DIRECTION('',(0.7730359181842862,0.6343622539188296,0));
#11502=DIRECTION('',(0,0,-1));
#11503=DIRECTION('',(-0.010644319439689565,-0.008734852174855572,0.9999051959166675));
#11504=FACE_SURFACE('',(#11509),#11505,.T.);
#11505=PLANE('',#11506);
#11506=AXIS2_PLACEMENT_3D('',#570,#11507,#11508);
#11507=DIRECTION('',(-0.634395502899938,0.7730086324875907,0));
#11508=DIRECTION('',(-0.7730086324875906,-0.6343955028999378,0));
#11509=FACE_BOUND('',#11510,.T.);
#11510=EDGE_LOOP('',(#11511,#11512,#11513));
#11511=ORIENTED_EDGE('',*,*,#11514,.T.);
#11512=ORIENTED_EDGE('',*,*,#11515,.T.);
#11513=ORIENTED_EDGE('',*,*,#11516,.T.);
#11514=EDGE_CURVE('',#571,#573,#11517,.F.);
#11515=EDGE_CURVE('',#573,#121,#11518,.T.);
#11516=EDGE_CURVE('',#121,#571,#11519,.T.);
#11517=LINE('',#570,#11520);
#11518=LINE('',#572,#11521);
#11519=LINE('',#120,#11522);
#11520=VECTOR('',#11523,1.0);
#11521=VECTOR('',#11524,1.0);
#11522=VECTOR('',#11525,1.0);
#11523=DIRECTION('',(-0.7730086324875906,-0.6343955028999378,0));
#11524=DIRECTION('',(0,0,1));
#11525=DIRECTION('',(0.05000571358800941,0.041038868760685875,-0.9979054263102276));
#11526=FACE_SURFACE('',(#11531),#11527,.T.);
#11527=PLANE('',#11528);
#11528=AXIS2_PLACEMENT_3D('',#570,#11529,#11530);
#11529=DIRECTION('',(-0.6344044708318318,0.7730012725655876,-7.5206596451617E-07));
#11530=DIRECTION('',(-0.05000571358800941,-0.041038868760685875,0.9979054263102276));
#11531=FACE_BOUND('',#11532,.T.);
#11532=EDGE_LOOP('',(#11533,#11534,#11535));
#11533=ORIENTED_EDGE('',*,*,#11536,.T.);
#11534=ORIENTED_EDGE('',*,*,#11537,.T.);
#11535=ORIENTED_EDGE('',*,*,#11538,.T.);
#11536=EDGE_CURVE('',#571,#121,#11539,.F.);
#11537=EDGE_CURVE('',#121,#119,#11540,.T.);
#11538=EDGE_CURVE('',#119,#571,#11541,.T.);
#11539=LINE('',#570,#11542);
#11540=LINE('',#120,#11543);
#11541=LINE('',#118,#11544);
#11542=VECTOR('',#11545,1.0);
#11543=VECTOR('',#11546,1.0);
#11544=VECTOR('',#11547,1.0);
#11545=DIRECTION('',(-0.05000571358800941,-0.041038868760685875,0.9979054263102276));
#11546=DIRECTION('',(0.7730012725658062,0.6344044708320112,0));
#11547=DIRECTION('',(0.010644319439689565,0.008734852174855572,-0.9999051959166675));
#11548=FACE_SURFACE('',(#11553),#11549,.T.);
#11549=PLANE('',#11550);
#11550=AXIS2_PLACEMENT_3D('',#572,#11551,#11552);
#11551=DIRECTION('',(-0.4713955813761801,0.8819218819481764,0));
#11552=DIRECTION('',(-0.8819218819481763,-0.47139558137618004,0));
#11553=FACE_BOUND('',#11554,.T.);
#11554=EDGE_LOOP('',(#11555,#11556,#11557));
#11555=ORIENTED_EDGE('',*,*,#11558,.T.);
#11556=ORIENTED_EDGE('',*,*,#11559,.T.);
#11557=ORIENTED_EDGE('',*,*,#11560,.T.);
#11558=EDGE_CURVE('',#573,#575,#11561,.F.);
#11559=EDGE_CURVE('',#575,#129,#11562,.T.);
#11560=EDGE_CURVE('',#129,#573,#11563,.T.);
#11561=LINE('',#572,#11564);
#11562=LINE('',#574,#11565);
#11563=LINE('',#128,#11566);
#11564=VECTOR('',#11567,1.0);
#11565=VECTOR('',#11568,1.0);
#11566=VECTOR('',#11569,1.0);
#11567=DIRECTION('',(-0.8819218819481763,-0.47139558137618004,0));
#11568=DIRECTION('',(0,0,1));
#11569=DIRECTION('',(0.057050111782300635,0.030493823956138068,-0.9979055122836825));
#11570=FACE_SURFACE('',(#11575),#11571,.T.);
#11571=PLANE('',#11572);
#11572=AXIS2_PLACEMENT_3D('',#572,#11573,#11574);
#11573=DIRECTION('',(-0.4713955813761801,0.8819218819481764,0));
#11574=DIRECTION('',(-0.057050111782300635,-0.030493823956138068,0.9979055122836825));
#11575=FACE_BOUND('',#11576,.T.);
#11576=EDGE_LOOP('',(#11577,#11578,#11579));
#11577=ORIENTED_EDGE('',*,*,#11580,.T.);
#11578=ORIENTED_EDGE('',*,*,#11581,.T.);
#11579=ORIENTED_EDGE('',*,*,#11582,.T.);
#11580=EDGE_CURVE('',#573,#129,#11583,.F.);
#11581=EDGE_CURVE('',#129,#121,#11584,.T.);
#11582=EDGE_CURVE('',#121,#573,#11585,.T.);
#11583=LINE('',#572,#11586);
#11584=LINE('',#128,#11587);
#11585=LINE('',#120,#11588);
#11586=VECTOR('',#11589,1.0);
#11587=VECTOR('',#11590,1.0);
#11588=VECTOR('',#11591,1.0);
#11589=DIRECTION('',(-0.057050111782300635,-0.030493823956138068,0.9979055122836825));
#11590=DIRECTION('',(0.8819218819481763,0.47139558137618004,0));
#11591=DIRECTION('',(0,0,-1));
#11592=FACE_SURFACE('',(#11597),#11593,.T.);
#11593=PLANE('',#11594);
#11594=AXIS2_PLACEMENT_3D('',#574,#11595,#11596);
#11595=DIRECTION('',(-0.29027893515526987,0.956942077560143,0));
#11596=DIRECTION('',(-0.9569420775601429,-0.29027893515526987,0));
#11597=FACE_BOUND('',#11598,.T.);
#11598=EDGE_LOOP('',(#11599,#11600,#11601));
#11599=ORIENTED_EDGE('',*,*,#11602,.T.);
#11600=ORIENTED_EDGE('',*,*,#11603,.T.);
#11601=ORIENTED_EDGE('',*,*,#11604,.T.);
#11602=EDGE_CURVE('',#575,#577,#11605,.F.);
#11603=EDGE_CURVE('',#577,#131,#11606,.T.);
#11604=EDGE_CURVE('',#131,#575,#11607,.T.);
#11605=LINE('',#574,#11608);
#11606=LINE('',#576,#11609);
#11607=LINE('',#130,#11610);
#11608=VECTOR('',#11611,1.0);
#11609=VECTOR('',#11612,1.0);
#11610=VECTOR('',#11613,1.0);
#11611=DIRECTION('',(-0.9569420775601429,-0.29027893515526987,0));
#11612=DIRECTION('',(0,0,1));
#11613=DIRECTION('',(0.0619032030406104,0.018777725718931514,-0.9979055017736587));
#11614=FACE_SURFACE('',(#11619),#11615,.T.);
#11615=PLANE('',#11616);
#11616=AXIS2_PLACEMENT_3D('',#574,#11617,#11618);
#11617=DIRECTION('',(-0.29027893515526987,0.956942077560143,0));
#11618=DIRECTION('',(-0.0619032030406104,-0.018777725718931514,0.9979055017736587));
#11619=FACE_BOUND('',#11620,.T.);
#11620=EDGE_LOOP('',(#11621,#11622,#11623));
#11621=ORIENTED_EDGE('',*,*,#11624,.T.);
#11622=ORIENTED_EDGE('',*,*,#11625,.T.);
#11623=ORIENTED_EDGE('',*,*,#11626,.T.);
#11624=EDGE_CURVE('',#575,#131,#11627,.F.);
#11625=EDGE_CURVE('',#131,#129,#11628,.T.);
#11626=EDGE_CURVE('',#129,#575,#11629,.T.);
#11627=LINE('',#574,#11630);
#11628=LINE('',#130,#11631);
#11629=LINE('',#128,#11632);
#11630=VECTOR('',#11633,1.0);
#11631=VECTOR('',#11634,1.0);
#11632=VECTOR('',#11635,1.0);
#11633=DIRECTION('',(-0.0619032030406104,-0.018777725718931514,0.9979055017736587));
#11634=DIRECTION('',(0.9569420775601429,0.29027893515526987,0));
#11635=DIRECTION('',(0,0,-1));
#11636=FACE_SURFACE('',(#11641),#11637,.T.);
#11637=PLANE('',#11638);
#11638=AXIS2_PLACEMENT_3D('',#576,#11639,#11640);
#11639=DIRECTION('',(-0.09802712064057471,0.9951837436468294,0));
#11640=DIRECTION('',(-0.9951837436468295,-0.09802712064057473,0));
#11641=FACE_BOUND('',#11642,.T.);
#11642=EDGE_LOOP('',(#11643,#11644,#11645));
#11643=ORIENTED_EDGE('',*,*,#11646,.T.);
#11644=ORIENTED_EDGE('',*,*,#11647,.T.);
#11645=ORIENTED_EDGE('',*,*,#11648,.T.);
#11646=EDGE_CURVE('',#577,#579,#11649,.F.);
#11647=EDGE_CURVE('',#579,#117,#11650,.T.);
#11648=EDGE_CURVE('',#117,#577,#11651,.T.);
#11649=LINE('',#576,#11652);
#11650=LINE('',#578,#11653);
#11651=LINE('',#116,#11654);
#11652=VECTOR('',#11655,1.0);
#11653=VECTOR('',#11656,1.0);
#11654=VECTOR('',#11657,1.0);
#11655=DIRECTION('',(-0.9951837436468295,-0.09802712064057473,0));
#11656=DIRECTION('',(0,0,1));
#11657=DIRECTION('',(0.06437714185462928,0.006341246921853538,-0.9979054926164626));
#11658=FACE_SURFACE('',(#11663),#11659,.T.);
#11659=PLANE('',#11660);
#11660=AXIS2_PLACEMENT_3D('',#576,#11661,#11662);
#11661=DIRECTION('',(-0.09802712064057471,0.9951837436468294,0));
#11662=DIRECTION('',(-0.06437714185462928,-0.006341246921853538,0.9979054926164626));
#11663=FACE_BOUND('',#11664,.T.);
#11664=EDGE_LOOP('',(#11665,#11666,#11667));
#11665=ORIENTED_EDGE('',*,*,#11668,.T.);
#11666=ORIENTED_EDGE('',*,*,#11669,.T.);
#11667=ORIENTED_EDGE('',*,*,#11670,.T.);
#11668=EDGE_CURVE('',#577,#117,#11671,.F.);
#11669=EDGE_CURVE('',#117,#131,#11672,.T.);
#11670=EDGE_CURVE('',#131,#577,#11673,.T.);
#11671=LINE('',#576,#11674);
#11672=LINE('',#116,#11675);
#11673=LINE('',#130,#11676);
#11674=VECTOR('',#11677,1.0);
#11675=VECTOR('',#11678,1.0);
#11676=VECTOR('',#11679,1.0);
#11677=DIRECTION('',(-0.06437714185462928,-0.006341246921853538,0.9979054926164626));
#11678=DIRECTION('',(0.9951837436468295,0.09802712064057473,0));
#11679=DIRECTION('',(0,0,-1));
#11680=FACE_SURFACE('',(#11685),#11681,.T.);
#11681=PLANE('',#11682);
#11682=AXIS2_PLACEMENT_3D('',#578,#11683,#11684);
#11683=DIRECTION('',(0.09802582115568632,0.9951838716472216,0));
#11684=DIRECTION('',(-0.9951838716472214,0.09802582115568632,0));
#11685=FACE_BOUND('',#11686,.T.);
#11686=EDGE_LOOP('',(#11687,#11688,#11689));
#11687=ORIENTED_EDGE('',*,*,#11690,.T.);
#11688=ORIENTED_EDGE('',*,*,#11691,.T.);
#11689=ORIENTED_EDGE('',*,*,#11692,.T.);
#11690=EDGE_CURVE('',#579,#581,#11693,.F.);
#11691=EDGE_CURVE('',#581,#113,#11694,.T.);
#11692=EDGE_CURVE('',#113,#579,#11695,.T.);
#11693=LINE('',#578,#11696);
#11694=LINE('',#580,#11697);
#11695=LINE('',#112,#11698);
#11696=VECTOR('',#11699,1.0);
#11697=VECTOR('',#11700,1.0);
#11698=VECTOR('',#11701,1.0);
#11699=DIRECTION('',(-0.9951838716472214,0.09802582115568632,0));
#11700=DIRECTION('',(0,0,1));
#11701=DIRECTION('',(0.06437799998285713,-0.0063412465700784446,-0.9979054372585334));
#11702=FACE_SURFACE('',(#11707),#11703,.T.);
#11703=PLANE('',#11704);
#11704=AXIS2_PLACEMENT_3D('',#578,#11705,#11706);
#11705=DIRECTION('',(0.09802582115568632,0.9951838716472216,-0));
#11706=DIRECTION('',(-0.06437799998285713,0.0063412465700784446,0.9979054372585334));
#11707=FACE_BOUND('',#11708,.T.);
#11708=EDGE_LOOP('',(#11709,#11710,#11711));
#11709=ORIENTED_EDGE('',*,*,#11712,.T.);
#11710=ORIENTED_EDGE('',*,*,#11713,.T.);
#11711=ORIENTED_EDGE('',*,*,#11714,.T.);
#11712=EDGE_CURVE('',#579,#113,#11715,.F.);
#11713=EDGE_CURVE('',#113,#117,#11716,.T.);
#11714=EDGE_CURVE('',#117,#579,#11717,.T.);
#11715=LINE('',#578,#11718);
#11716=LINE('',#112,#11719);
#11717=LINE('',#116,#11720);
#11718=VECTOR('',#11721,1.0);
#11719=VECTOR('',#11722,1.0);
#11720=VECTOR('',#11723,1.0);
#11721=DIRECTION('',(-0.06437799998285713,0.0063412465700784446,0.9979054372585334));
#11722=DIRECTION('',(0.9951838716472214,-0.09802582115568632,0));
#11723=DIRECTION('',(0,0,-1));
#11724=FACE_SURFACE('',(#11729),#11725,.T.);
#11725=PLANE('',#11726);
#11726=AXIS2_PLACEMENT_3D('',#580,#11727,#11728);
#11727=DIRECTION('',(0.29027708504790517,0.9569426387700003,0));
#11728=DIRECTION('',(-0.9569426387700003,0.29027708504790517,0));
#11729=FACE_BOUND('',#11730,.T.);
#11730=EDGE_LOOP('',(#11731,#11732,#11733));
#11731=ORIENTED_EDGE('',*,*,#11734,.T.);
#11732=ORIENTED_EDGE('',*,*,#11735,.T.);
#11733=ORIENTED_EDGE('',*,*,#11736,.T.);
#11734=EDGE_CURVE('',#581,#583,#11737,.F.);
#11735=EDGE_CURVE('',#583,#109,#11738,.T.);
#11736=EDGE_CURVE('',#109,#581,#11739,.T.);
#11737=LINE('',#580,#11740);
#11738=LINE('',#582,#11741);
#11739=LINE('',#108,#11742);
#11740=VECTOR('',#11743,1.0);
#11741=VECTOR('',#11744,1.0);
#11742=VECTOR('',#11745,1.0);
#11743=DIRECTION('',(-0.9569426387700003,0.29027708504790517,0));
#11744=DIRECTION('',(0,0,1));
#11745=DIRECTION('',(0.061903632239348506,-0.018777725218109425,-0.9979054751584483));
#11746=FACE_SURFACE('',(#11751),#11747,.T.);
#11747=PLANE('',#11748);
#11748=AXIS2_PLACEMENT_3D('',#580,#11749,#11750);
#11749=DIRECTION('',(0.29027708504790517,0.9569426387700003,-0));
#11750=DIRECTION('',(-0.061903632239348506,0.018777725218109425,0.9979054751584483));
#11751=FACE_BOUND('',#11752,.T.);
#11752=EDGE_LOOP('',(#11753,#11754,#11755));
#11753=ORIENTED_EDGE('',*,*,#11756,.T.);
#11754=ORIENTED_EDGE('',*,*,#11757,.T.);
#11755=ORIENTED_EDGE('',*,*,#11758,.T.);
#11756=EDGE_CURVE('',#581,#109,#11759,.F.);
#11757=EDGE_CURVE('',#109,#113,#11760,.T.);
#11758=EDGE_CURVE('',#113,#581,#11761,.T.);
#11759=LINE('',#580,#11762);
#11760=LINE('',#108,#11763);
#11761=LINE('',#112,#11764);
#11762=VECTOR('',#11765,1.0);
#11763=VECTOR('',#11766,1.0);
#11764=VECTOR('',#11767,1.0);
#11765=DIRECTION('',(-0.061903632239348506,0.018777725218109425,0.9979054751584483));
#11766=DIRECTION('',(0.9569426387700003,-0.29027708504790517,0));
#11767=DIRECTION('',(0,0,-1));
#11768=FACE_SURFACE('',(#11773),#11769,.T.);
#11769=PLANE('',#11770);
#11770=AXIS2_PLACEMENT_3D('',#582,#11771,#11772);
#11771=DIRECTION('',(0.4713928124400884,0.8819233619650992,0));
#11772=DIRECTION('',(-0.8819233619650994,0.47139281244008846,0));
#11773=FACE_BOUND('',#11774,.T.);
#11774=EDGE_LOOP('',(#11775,#11776,#11777));
#11775=ORIENTED_EDGE('',*,*,#11778,.T.);
#11776=ORIENTED_EDGE('',*,*,#11779,.T.);
#11777=ORIENTED_EDGE('',*,*,#11780,.T.);
#11778=EDGE_CURVE('',#583,#585,#11781,.F.);
#11779=EDGE_CURVE('',#585,#105,#11782,.T.);
#11780=EDGE_CURVE('',#105,#583,#11783,.T.);
#11781=LINE('',#582,#11784);
#11782=LINE('',#584,#11785);
#11783=LINE('',#104,#11786);
#11784=VECTOR('',#11787,1.0);
#11785=VECTOR('',#11788,1.0);
#11786=VECTOR('',#11789,1.0);
#11787=DIRECTION('',(-0.8819233619650994,0.47139281244008846,0));
#11788=DIRECTION('',(0,0,1));
#11789=DIRECTION('',(0.05705054122977042,-0.03049382320659622,-0.9979054877550454));
#11790=FACE_SURFACE('',(#11795),#11791,.T.);
#11791=PLANE('',#11792);
#11792=AXIS2_PLACEMENT_3D('',#582,#11793,#11794);
#11793=DIRECTION('',(0.4713928124400884,0.8819233619650992,-0));
#11794=DIRECTION('',(-0.05705054122977042,0.03049382320659622,0.9979054877550454));
#11795=FACE_BOUND('',#11796,.T.);
#11796=EDGE_LOOP('',(#11797,#11798,#11799));
#11797=ORIENTED_EDGE('',*,*,#11800,.T.);
#11798=ORIENTED_EDGE('',*,*,#11801,.T.);
#11799=ORIENTED_EDGE('',*,*,#11802,.T.);
#11800=EDGE_CURVE('',#583,#105,#11803,.F.);
#11801=EDGE_CURVE('',#105,#109,#11804,.T.);
#11802=EDGE_CURVE('',#109,#583,#11805,.T.);
#11803=LINE('',#582,#11806);
#11804=LINE('',#104,#11807);
#11805=LINE('',#108,#11808);
#11806=VECTOR('',#11809,1.0);
#11807=VECTOR('',#11810,1.0);
#11808=VECTOR('',#11811,1.0);
#11809=DIRECTION('',(-0.05705054122977042,0.03049382320659622,0.9979054877550454));
#11810=DIRECTION('',(0.8819233619650994,-0.47139281244008846,0));
#11811=DIRECTION('',(0,0,-1));
#11812=FACE_SURFACE('',(#11817),#11813,.T.);
#11813=PLANE('',#11814);
#11814=AXIS2_PLACEMENT_3D('',#584,#11815,#11816);
#11815=DIRECTION('',(0.6343987690525571,0.773005951998172,0));
#11816=DIRECTION('',(-0.773005951998172,0.6343987690525571,0));
#11817=FACE_BOUND('',#11818,.T.);
#11818=EDGE_LOOP('',(#11819,#11820,#11821));
#11819=ORIENTED_EDGE('',*,*,#11822,.T.);
#11820=ORIENTED_EDGE('',*,*,#11823,.T.);
#11821=ORIENTED_EDGE('',*,*,#11824,.T.);
#11822=EDGE_CURVE('',#585,#587,#11825,.F.);
#11823=EDGE_CURVE('',#587,#101,#11826,.T.);
#11824=EDGE_CURVE('',#101,#585,#11827,.T.);
#11825=LINE('',#584,#11828);
#11826=LINE('',#586,#11829);
#11827=LINE('',#100,#11830);
#11828=VECTOR('',#11831,1.0);
#11829=VECTOR('',#11832,1.0);
#11830=VECTOR('',#11833,1.0);
#11831=DIRECTION('',(-0.773005951998172,0.6343987690525571,0));
#11832=DIRECTION('',(0,0,1));
#11833=DIRECTION('',(0.05000528381562421,-0.04103886964486242,-0.997905447809957));
#11834=FACE_SURFACE('',(#11839),#11835,.T.);
#11835=PLANE('',#11836);
#11836=AXIS2_PLACEMENT_3D('',#584,#11837,#11838);
#11837=DIRECTION('',(0.6343987690525571,0.773005951998172,-0));
#11838=DIRECTION('',(-0.05000528381562421,0.04103886964486242,0.997905447809957));
#11839=FACE_BOUND('',#11840,.T.);
#11840=EDGE_LOOP('',(#11841,#11842,#11843));
#11841=ORIENTED_EDGE('',*,*,#11844,.T.);
#11842=ORIENTED_EDGE('',*,*,#11845,.T.);
#11843=ORIENTED_EDGE('',*,*,#11846,.T.);
#11844=EDGE_CURVE('',#585,#101,#11847,.F.);
#11845=EDGE_CURVE('',#101,#105,#11848,.T.);
#11846=EDGE_CURVE('',#105,#585,#11849,.T.);
#11847=LINE('',#584,#11850);
#11848=LINE('',#100,#11851);
#11849=LINE('',#104,#11852);
#11850=VECTOR('',#11853,1.0);
#11851=VECTOR('',#11854,1.0);
#11852=VECTOR('',#11855,1.0);
#11853=DIRECTION('',(-0.05000528381562421,0.04103886964486242,0.997905447809957));
#11854=DIRECTION('',(0.773005951998172,-0.6343987690525571,0));
#11855=DIRECTION('',(0,0,-1));
#11856=FACE_SURFACE('',(#11861),#11857,.T.);
#11857=PLANE('',#11858);
#11858=AXIS2_PLACEMENT_3D('',#586,#11859,#11860);
#11859=DIRECTION('',(0.7730098038537299,0.6343940755918346,0));
#11860=DIRECTION('',(-0.6343940755918345,0.7730098038537297,0));
#11861=FACE_BOUND('',#11862,.T.);
#11862=EDGE_LOOP('',(#11863,#11864,#11865));
#11863=ORIENTED_EDGE('',*,*,#11866,.T.);
#11864=ORIENTED_EDGE('',*,*,#11867,.T.);
#11865=ORIENTED_EDGE('',*,*,#11868,.T.);
#11866=EDGE_CURVE('',#587,#589,#11869,.F.);
#11867=EDGE_CURVE('',#589,#97,#11870,.T.);
#11868=EDGE_CURVE('',#97,#587,#11871,.T.);
#11869=LINE('',#586,#11872);
#11870=LINE('',#588,#11873);
#11871=LINE('',#96,#11874);
#11872=VECTOR('',#11875,1.0);
#11873=VECTOR('',#11876,1.0);
#11874=VECTOR('',#11877,1.0);
#11875=DIRECTION('',(-0.6343940755918345,0.7730098038537297,0));
#11876=DIRECTION('',(0,0,1));
#11877=DIRECTION('',(0.04103801028072971,-0.050004855811523176,-0.9979055045982397));
#11878=FACE_SURFACE('',(#11883),#11879,.T.);
#11879=PLANE('',#11880);
#11880=AXIS2_PLACEMENT_3D('',#586,#11881,#11882);
#11881=DIRECTION('',(0.7730098038537299,0.6343940755918346,-0));
#11882=DIRECTION('',(-0.04103801028072971,0.050004855811523176,0.9979055045982397));
#11883=FACE_BOUND('',#11884,.T.);
#11884=EDGE_LOOP('',(#11885,#11886,#11887));
#11885=ORIENTED_EDGE('',*,*,#11888,.T.);
#11886=ORIENTED_EDGE('',*,*,#11889,.T.);
#11887=ORIENTED_EDGE('',*,*,#11890,.T.);
#11888=EDGE_CURVE('',#587,#97,#11891,.F.);
#11889=EDGE_CURVE('',#97,#101,#11892,.T.);
#11890=EDGE_CURVE('',#101,#587,#11893,.T.);
#11891=LINE('',#586,#11894);
#11892=LINE('',#96,#11895);
#11893=LINE('',#100,#11896);
#11894=VECTOR('',#11897,1.0);
#11895=VECTOR('',#11898,1.0);
#11896=VECTOR('',#11899,1.0);
#11897=DIRECTION('',(-0.04103801028072971,0.050004855811523176,0.9979055045982397));
#11898=DIRECTION('',(0.6343940755918345,-0.7730098038537297,0));
#11899=DIRECTION('',(0,0,-1));
#11900=FACE_SURFACE('',(#11905),#11901,.T.);
#11901=PLANE('',#11902);
#11902=AXIS2_PLACEMENT_3D('',#96,#11903,#11904);
#11903=DIRECTION('',(0.8819178240947151,0.4714031730313694,0));
#11904=DIRECTION('',(0,0,-1));
#11905=FACE_BOUND('',#11906,.T.);
#11906=EDGE_LOOP('',(#11907,#11908,#11909));
#11907=ORIENTED_EDGE('',*,*,#11910,.T.);
#11908=ORIENTED_EDGE('',*,*,#11911,.T.);
#11909=ORIENTED_EDGE('',*,*,#11912,.T.);
#11910=EDGE_CURVE('',#97,#589,#11913,.F.);
#11911=EDGE_CURVE('',#589,#591,#11914,.T.);
#11912=EDGE_CURVE('',#591,#97,#11915,.T.);
#11913=LINE('',#96,#11916);
#11914=LINE('',#588,#11917);
#11915=LINE('',#590,#11918);
#11916=VECTOR('',#11919,1.0);
#11917=VECTOR('',#11920,1.0);
#11918=VECTOR('',#11921,1.0);
#11919=DIRECTION('',(0,0,-1));
#11920=DIRECTION('',(-0.4714031730313694,0.8819178240947152,0));
#11921=DIRECTION('',(0.030494684104827686,-0.057050539730659995,0.9979054615331991));
#11922=FACE_SURFACE('',(#11927),#11923,.T.);
#11923=PLANE('',#11924);
#11924=AXIS2_PLACEMENT_3D('',#96,#11925,#11926);
#11925=DIRECTION('',(0.8819178240947151,0.4714031730313694,0));
#11926=DIRECTION('',(-0.030494684104827686,0.057050539730659995,-0.9979054615331991));
#11927=FACE_BOUND('',#11928,.T.);
#11928=EDGE_LOOP('',(#11929,#11930,#11931));
#11929=ORIENTED_EDGE('',*,*,#11932,.T.);
#11930=ORIENTED_EDGE('',*,*,#11933,.T.);
#11931=ORIENTED_EDGE('',*,*,#11934,.T.);
#11932=EDGE_CURVE('',#97,#591,#11935,.F.);
#11933=EDGE_CURVE('',#591,#93,#11936,.T.);
#11934=EDGE_CURVE('',#93,#97,#11937,.T.);
#11935=LINE('',#96,#11938);
#11936=LINE('',#590,#11939);
#11937=LINE('',#92,#11940);
#11938=VECTOR('',#11941,1.0);
#11939=VECTOR('',#11942,1.0);
#11940=VECTOR('',#11943,1.0);
#11941=DIRECTION('',(-0.030494684104827686,0.057050539730659995,-0.9979054615331991));
#11942=DIRECTION('',(0,0,1));
#11943=DIRECTION('',(0.4714031730313694,-0.8819178240947152,0));
#11944=FACE_SURFACE('',(#11949),#11945,.T.);
#11945=PLANE('',#11946);
#11946=AXIS2_PLACEMENT_3D('',#92,#11947,#11948);
#11947=DIRECTION('',(0.956943199969127,0.29027523496303886,0));
#11948=DIRECTION('',(0,0,-1));
#11949=FACE_BOUND('',#11950,.T.);
#11950=EDGE_LOOP('',(#11951,#11952,#11953));
#11951=ORIENTED_EDGE('',*,*,#11954,.T.);
#11952=ORIENTED_EDGE('',*,*,#11955,.T.);
#11953=ORIENTED_EDGE('',*,*,#11956,.T.);
#11954=EDGE_CURVE('',#93,#591,#11957,.F.);
#11955=EDGE_CURVE('',#591,#593,#11958,.T.);
#11956=EDGE_CURVE('',#593,#93,#11959,.T.);
#11957=LINE('',#92,#11960);
#11958=LINE('',#590,#11961);
#11959=LINE('',#592,#11962);
#11960=VECTOR('',#11963,1.0);
#11961=VECTOR('',#11964,1.0);
#11962=VECTOR('',#11965,1.0);
#11963=DIRECTION('',(0,0,-1));
#11964=DIRECTION('',(-0.29027523496303886,0.9569431999691269,0));
#11965=DIRECTION('',(0.018777724717283888,-0.061904061438052264,0.9979054485430549));
#11966=FACE_SURFACE('',(#11971),#11967,.T.);
#11967=PLANE('',#11968);
#11968=AXIS2_PLACEMENT_3D('',#92,#11969,#11970);
#11969=DIRECTION('',(0.956943199969127,0.29027523496303886,0));
#11970=DIRECTION('',(-0.018777724717283888,0.061904061438052264,-0.9979054485430549));
#11971=FACE_BOUND('',#11972,.T.);
#11972=EDGE_LOOP('',(#11973,#11974,#11975));
#11973=ORIENTED_EDGE('',*,*,#11976,.T.);
#11974=ORIENTED_EDGE('',*,*,#11977,.T.);
#11975=ORIENTED_EDGE('',*,*,#11978,.T.);
#11976=EDGE_CURVE('',#93,#593,#11979,.F.);
#11977=EDGE_CURVE('',#593,#89,#11980,.T.);
#11978=EDGE_CURVE('',#89,#93,#11981,.T.);
#11979=LINE('',#92,#11982);
#11980=LINE('',#592,#11983);
#11981=LINE('',#88,#11984);
#11982=VECTOR('',#11985,1.0);
#11983=VECTOR('',#11986,1.0);
#11984=VECTOR('',#11987,1.0);
#11985=DIRECTION('',(-0.018777724717283888,0.061904061438052264,-0.9979054485430549));
#11986=DIRECTION('',(0,0,1));
#11987=DIRECTION('',(0.29027523496303886,-0.9569431999691269,0));
#11988=FACE_SURFACE('',(#11993),#11989,.T.);
#11989=PLANE('',#11990);
#11990=AXIS2_PLACEMENT_3D('',#88,#11991,#11992);
#11991=DIRECTION('',(0.9951843933764082,0.09802052427951331,0));
#11992=DIRECTION('',(0,0,-1));
#11993=FACE_BOUND('',#11994,.T.);
#11994=EDGE_LOOP('',(#11995,#11996,#11997));
#11995=ORIENTED_EDGE('',*,*,#11998,.T.);
#11996=ORIENTED_EDGE('',*,*,#11999,.T.);
#11997=ORIENTED_EDGE('',*,*,#12000,.T.);
#11998=EDGE_CURVE('',#89,#593,#12001,.F.);
#11999=EDGE_CURVE('',#593,#595,#12002,.T.);
#12000=EDGE_CURVE('',#595,#89,#12003,.T.);
#12001=LINE('',#88,#12004);
#12002=LINE('',#592,#12005);
#12003=LINE('',#594,#12006);
#12004=VECTOR('',#12007,1.0);
#12005=VECTOR('',#12008,1.0);
#12006=VECTOR('',#12009,1.0);
#12007=DIRECTION('',(0,0,-1));
#12008=DIRECTION('',(-0.0980205242795133,0.9951843933764081,0));
#12009=DIRECTION('',(0.0063408160894063755,-0.06437714203050969,0.9979054953427724));
#12010=FACE_SURFACE('',(#12015),#12011,.T.);
#12011=PLANE('',#12012);
#12012=AXIS2_PLACEMENT_3D('',#88,#12013,#12014);
#12013=DIRECTION('',(0.9951843933764082,0.09802052427951331,0));
#12014=DIRECTION('',(-0.0063408160894063755,0.06437714203050969,-0.9979054953427724));
#12015=FACE_BOUND('',#12016,.T.);
#12016=EDGE_LOOP('',(#12017,#12018,#12019));
#12017=ORIENTED_EDGE('',*,*,#12020,.T.);
#12018=ORIENTED_EDGE('',*,*,#12021,.T.);
#12019=ORIENTED_EDGE('',*,*,#12022,.T.);
#12020=EDGE_CURVE('',#89,#595,#12023,.F.);
#12021=EDGE_CURVE('',#595,#81,#12024,.T.);
#12022=EDGE_CURVE('',#81,#89,#12025,.T.);
#12023=LINE('',#88,#12026);
#12024=LINE('',#594,#12027);
#12025=LINE('',#80,#12028);
#12026=VECTOR('',#12029,1.0);
#12027=VECTOR('',#12030,1.0);
#12028=VECTOR('',#12031,1.0);
#12029=DIRECTION('',(-0.0063408160894063755,0.06437714203050969,-0.9979054953427724));
#12030=DIRECTION('',(0,0,1));
#12031=DIRECTION('',(0.0980205242795133,-0.9951843933764081,0));
#12032=FACE_SURFACE('',(#12037),#12033,.T.);
#12033=PLANE('',#12034);
#12034=AXIS2_PLACEMENT_3D('',#80,#12035,#12036);
#12035=DIRECTION('',(0.9951843933764082,-0.09802052427951331,0));
#12036=DIRECTION('',(0,0,-1));
#12037=FACE_BOUND('',#12038,.T.);
#12038=EDGE_LOOP('',(#12039,#12040,#12041));
#12039=ORIENTED_EDGE('',*,*,#12042,.T.);
#12040=ORIENTED_EDGE('',*,*,#12043,.T.);
#12041=ORIENTED_EDGE('',*,*,#12044,.T.);
#12042=EDGE_CURVE('',#81,#595,#12045,.F.);
#12043=EDGE_CURVE('',#595,#597,#12046,.T.);
#12044=EDGE_CURVE('',#597,#81,#12047,.T.);
#12045=LINE('',#80,#12048);
#12046=LINE('',#594,#12049);
#12047=LINE('',#596,#12050);
#12048=VECTOR('',#12051,1.0);
#12049=VECTOR('',#12052,1.0);
#12050=VECTOR('',#12053,1.0);
#12051=DIRECTION('',(0,0,-1));
#12052=DIRECTION('',(0.0980205242795133,0.9951843933764081,0));
#12053=DIRECTION('',(-0.0063408160894063755,-0.06437714203050969,0.9979054953427724));
#12054=FACE_SURFACE('',(#12059),#12055,.T.);
#12055=PLANE('',#12056);
#12056=AXIS2_PLACEMENT_3D('',#80,#12057,#12058);
#12057=DIRECTION('',(0.9951843933764082,-0.09802052427951331,0));
#12058=DIRECTION('',(0.0063408160894063755,0.06437714203050969,-0.9979054953427724));
#12059=FACE_BOUND('',#12060,.T.);
#12060=EDGE_LOOP('',(#12061,#12062,#12063));
#12061=ORIENTED_EDGE('',*,*,#12064,.T.);
#12062=ORIENTED_EDGE('',*,*,#12065,.T.);
#12063=ORIENTED_EDGE('',*,*,#12066,.T.);
#12064=EDGE_CURVE('',#81,#597,#12067,.F.);
#12065=EDGE_CURVE('',#597,#79,#12068,.T.);
#12066=EDGE_CURVE('',#79,#81,#12069,.T.);
#12067=LINE('',#80,#12070);
#12068=LINE('',#596,#12071);
#12069=LINE('',#78,#12072);
#12070=VECTOR('',#12073,1.0);
#12071=VECTOR('',#12074,1.0);
#12072=VECTOR('',#12075,1.0);
#12073=DIRECTION('',(0.0063408160894063755,0.06437714203050969,-0.9979054953427724));
#12074=DIRECTION('',(0,0,1));
#12075=DIRECTION('',(-0.0980205242795133,-0.9951843933764081,0));
#12076=FACE_SURFACE('',(#12081),#12077,.T.);
#12077=PLANE('',#12078);
#12078=AXIS2_PLACEMENT_3D('',#78,#12079,#12080);
#12079=DIRECTION('',(0.9569426387700003,-0.29027708504790517,0));
#12080=DIRECTION('',(0,0,-1));
#12081=FACE_BOUND('',#12082,.T.);
#12082=EDGE_LOOP('',(#12083,#12084,#12085));
#12083=ORIENTED_EDGE('',*,*,#12086,.T.);
#12084=ORIENTED_EDGE('',*,*,#12087,.T.);
#12085=ORIENTED_EDGE('',*,*,#12088,.T.);
#12086=EDGE_CURVE('',#79,#597,#12089,.F.);
#12087=EDGE_CURVE('',#597,#599,#12090,.T.);
#12088=EDGE_CURVE('',#599,#79,#12091,.T.);
#12089=LINE('',#78,#12092);
#12090=LINE('',#596,#12093);
#12091=LINE('',#598,#12094);
#12092=VECTOR('',#12095,1.0);
#12093=VECTOR('',#12096,1.0);
#12094=VECTOR('',#12097,1.0);
#12095=DIRECTION('',(0,0,-1));
#12096=DIRECTION('',(0.29027708504790517,0.9569426387700003,0));
#12097=DIRECTION('',(-0.018777725218109425,-0.061903632239348506,0.9979054751584483));
#12098=FACE_SURFACE('',(#12103),#12099,.T.);
#12099=PLANE('',#12100);
#12100=AXIS2_PLACEMENT_3D('',#78,#12101,#12102);
#12101=DIRECTION('',(0.9569426387700003,-0.29027708504790517,0));
#12102=DIRECTION('',(0.018777725218109425,0.061903632239348506,-0.9979054751584483));
#12103=FACE_BOUND('',#12104,.T.);
#12104=EDGE_LOOP('',(#12105,#12106,#12107));
#12105=ORIENTED_EDGE('',*,*,#12108,.T.);
#12106=ORIENTED_EDGE('',*,*,#12109,.T.);
#12107=ORIENTED_EDGE('',*,*,#12110,.T.);
#12108=EDGE_CURVE('',#79,#599,#12111,.F.);
#12109=EDGE_CURVE('',#599,#73,#12112,.T.);
#12110=EDGE_CURVE('',#73,#79,#12113,.T.);
#12111=LINE('',#78,#12114);
#12112=LINE('',#598,#12115);
#12113=LINE('',#72,#12116);
#12114=VECTOR('',#12117,1.0);
#12115=VECTOR('',#12118,1.0);
#12116=VECTOR('',#12119,1.0);
#12117=DIRECTION('',(0.018777725218109425,0.061903632239348506,-0.9979054751584483));
#12118=DIRECTION('',(0,0,1));
#12119=DIRECTION('',(-0.29027708504790517,-0.9569426387700003,0));
#12120=FACE_SURFACE('',(#12125),#12121,.T.);
#12121=PLANE('',#12122);
#12122=AXIS2_PLACEMENT_3D('',#72,#12123,#12124);
#12123=DIRECTION('',(0.8819193041413215,-0.471400404097077,0));
#12124=DIRECTION('',(0,0,-1));
#12125=FACE_BOUND('',#12126,.T.);
#12126=EDGE_LOOP('',(#12127,#12128,#12129));
#12127=ORIENTED_EDGE('',*,*,#12130,.T.);
#12128=ORIENTED_EDGE('',*,*,#12131,.T.);
#12129=ORIENTED_EDGE('',*,*,#12132,.T.);
#12130=EDGE_CURVE('',#73,#599,#12133,.F.);
#12131=EDGE_CURVE('',#599,#601,#12134,.T.);
#12132=EDGE_CURVE('',#601,#73,#12135,.T.);
#12133=LINE('',#72,#12136);
#12134=LINE('',#598,#12137);
#12135=LINE('',#600,#12138);
#12136=VECTOR('',#12139,1.0);
#12137=VECTOR('',#12140,1.0);
#12138=VECTOR('',#12141,1.0);
#12139=DIRECTION('',(0,0,-1));
#12140=DIRECTION('',(0.471400404097077,0.8819193041413215,0));
#12141=DIRECTION('',(-0.030494683355259112,-0.057050969178086906,0.9979054370043805));
#12142=FACE_SURFACE('',(#12147),#12143,.T.);
#12143=PLANE('',#12144);
#12144=AXIS2_PLACEMENT_3D('',#72,#12145,#12146);
#12145=DIRECTION('',(0.8819193041413215,-0.471400404097077,0));
#12146=DIRECTION('',(0.030494683355259112,0.057050969178086906,-0.9979054370043805));
#12147=FACE_BOUND('',#12148,.T.);
#12148=EDGE_LOOP('',(#12149,#12150,#12151));
#12149=ORIENTED_EDGE('',*,*,#12152,.T.);
#12150=ORIENTED_EDGE('',*,*,#12153,.T.);
#12151=ORIENTED_EDGE('',*,*,#12154,.T.);
#12152=EDGE_CURVE('',#73,#601,#12155,.F.);
#12153=EDGE_CURVE('',#601,#71,#12156,.T.);
#12154=EDGE_CURVE('',#71,#73,#12157,.T.);
#12155=LINE('',#72,#12158);
#12156=LINE('',#600,#12159);
#12157=LINE('',#70,#12160);
#12158=VECTOR('',#12161,1.0);
#12159=VECTOR('',#12162,1.0);
#12160=VECTOR('',#12163,1.0);
#12161=DIRECTION('',(0.030494683355259112,0.057050969178086906,-0.9979054370043805));
#12162=DIRECTION('',(0,0,1));
#12163=DIRECTION('',(-0.471400404097077,-0.8819193041413215,0));
#12164=FACE_SURFACE('',(#12169),#12165,.T.);
#12165=PLANE('',#12166);
#12166=AXIS2_PLACEMENT_3D('',#70,#12167,#12168);
#12167=DIRECTION('',(0.773012484339938,-0.6343908094026878,0));
#12168=DIRECTION('',(0,0,-1));
#12169=FACE_BOUND('',#12170,.T.);
#12170=EDGE_LOOP('',(#12171,#12172,#12173));
#12171=ORIENTED_EDGE('',*,*,#12174,.T.);
#12172=ORIENTED_EDGE('',*,*,#12175,.T.);
#12173=ORIENTED_EDGE('',*,*,#12176,.T.);
#12174=EDGE_CURVE('',#71,#601,#12177,.F.);
#12175=EDGE_CURVE('',#601,#603,#12178,.T.);
#12176=EDGE_CURVE('',#603,#71,#12179,.T.);
#12177=LINE('',#70,#12180);
#12178=LINE('',#600,#12181);
#12179=LINE('',#602,#12182);
#12180=VECTOR('',#12183,1.0);
#12181=VECTOR('',#12184,1.0);
#12182=VECTOR('',#12185,1.0);
#12183=DIRECTION('',(0,0,-1));
#12184=DIRECTION('',(0.6343908094026878,0.7730124843399379,0));
#12185=DIRECTION('',(-0.0410380093965792,-0.05000528558395128,0.997905483098692));
#12186=FACE_SURFACE('',(#12191),#12187,.T.);
#12187=PLANE('',#12188);
#12188=AXIS2_PLACEMENT_3D('',#70,#12189,#12190);
#12189=DIRECTION('',(0.773012484339938,-0.6343908094026878,0));
#12190=DIRECTION('',(0.0410380093965792,0.05000528558395128,-0.997905483098692));
#12191=FACE_BOUND('',#12192,.T.);
#12192=EDGE_LOOP('',(#12193,#12194,#12195));
#12193=ORIENTED_EDGE('',*,*,#12196,.T.);
#12194=ORIENTED_EDGE('',*,*,#12197,.T.);
#12195=ORIENTED_EDGE('',*,*,#12198,.T.);
#12196=EDGE_CURVE('',#71,#603,#12199,.F.);
#12197=EDGE_CURVE('',#603,#59,#12200,.T.);
#12198=EDGE_CURVE('',#59,#71,#12201,.T.);
#12199=LINE('',#70,#12202);
#12200=LINE('',#602,#12203);
#12201=LINE('',#58,#12204);
#12202=VECTOR('',#12205,1.0);
#12203=VECTOR('',#12206,1.0);
#12204=VECTOR('',#12207,1.0);
#12205=DIRECTION('',(0.0410380093965792,0.05000528558395128,-0.997905483098692));
#12206=DIRECTION('',(0,0,1));
#12207=DIRECTION('',(-0.6343908094026878,-0.7730124843399379,0));
#12208=FACE_SURFACE('',(#12213),#12209,.T.);
#12209=PLANE('',#12210);
#12210=AXIS2_PLACEMENT_3D('',#60,#12211,#12212);
#12211=DIRECTION('',(0.6344041065340582,-0.7730015715460891,0));
#12212=DIRECTION('',(-0.7730015715460891,-0.6344041065340582,0));
#12213=FACE_BOUND('',#12214,.T.);
#12214=EDGE_LOOP('',(#12215,#12216,#12217));
#12215=ORIENTED_EDGE('',*,*,#12218,.T.);
#12216=ORIENTED_EDGE('',*,*,#12219,.T.);
#12217=ORIENTED_EDGE('',*,*,#12220,.T.);
#12218=EDGE_CURVE('',#61,#59,#12221,.F.);
#12219=EDGE_CURVE('',#59,#603,#12222,.T.);
#12220=EDGE_CURVE('',#603,#61,#12223,.T.);
#12221=LINE('',#60,#12224);
#12222=LINE('',#58,#12225);
#12223=LINE('',#602,#12226);
#12224=VECTOR('',#12227,1.0);
#12225=VECTOR('',#12228,1.0);
#12226=VECTOR('',#12229,1.0);
#12227=DIRECTION('',(-0.7730015715460891,-0.6344041065340582,0));
#12228=DIRECTION('',(0,0,-1));
#12229=DIRECTION('',(0.008767066239657636,0.007195150733743741,0.9999356821093386));
#12230=FACE_SURFACE('',(#12235),#12231,.T.);
#12231=PLANE('',#12232);
#12232=AXIS2_PLACEMENT_3D('',#602,#12233,#12234);
#12233=DIRECTION('',(0.6343908094026878,-0.773012484339938,0));
#12234=DIRECTION('',(0.7730124843399379,0.6343908094026878,0));
#12235=FACE_BOUND('',#12236,.T.);
#12236=EDGE_LOOP('',(#12237,#12238,#12239));
#12237=ORIENTED_EDGE('',*,*,#12240,.T.);
#12238=ORIENTED_EDGE('',*,*,#12241,.T.);
#12239=ORIENTED_EDGE('',*,*,#12242,.T.);
#12240=EDGE_CURVE('',#603,#605,#12243,.F.);
#12241=EDGE_CURVE('',#605,#273,#12244,.T.);
#12242=EDGE_CURVE('',#273,#603,#12245,.T.);
#12243=LINE('',#602,#12246);
#12244=LINE('',#604,#12247);
#12245=LINE('',#272,#12248);
#12246=VECTOR('',#12249,1.0);
#12247=VECTOR('',#12250,1.0);
#12248=VECTOR('',#12251,1.0);
#12249=DIRECTION('',(0.7730124843399379,0.6343908094026878,0));
#12250=DIRECTION('',(0,0,1));
#12251=DIRECTION('',(-0.05000528558395128,-0.0410380093965792,-0.997905483098692));
#12252=FACE_SURFACE('',(#12257),#12253,.T.);
#12253=PLANE('',#12254);
#12254=AXIS2_PLACEMENT_3D('',#60,#12255,#12256);
#12255=DIRECTION('',(0.6343879893747083,-0.7730147986533371,2.3648644434653927E-07));
#12256=DIRECTION('',(-0.008767066239657636,-0.007195150733743741,-0.9999356821093386));
#12257=FACE_BOUND('',#12258,.T.);
#12258=EDGE_LOOP('',(#12259,#12260,#12261));
#12259=ORIENTED_EDGE('',*,*,#12262,.T.);
#12260=ORIENTED_EDGE('',*,*,#12263,.T.);
#12261=ORIENTED_EDGE('',*,*,#12264,.T.);
#12262=EDGE_CURVE('',#61,#603,#12265,.F.);
#12263=EDGE_CURVE('',#603,#273,#12266,.T.);
#12264=EDGE_CURVE('',#273,#61,#12267,.T.);
#12265=LINE('',#60,#12268);
#12266=LINE('',#602,#12269);
#12267=LINE('',#272,#12270);
#12268=VECTOR('',#12271,1.0);
#12269=VECTOR('',#12272,1.0);
#12270=VECTOR('',#12273,1.0);
#12271=DIRECTION('',(-0.008767066239657636,-0.007195150733743741,-0.9999356821093386));
#12272=DIRECTION('',(0.05000528558395128,0.0410380093965792,0.997905483098692));
#12273=DIRECTION('',(-0.7730147986533586,-0.634387989374726,0));
#12274=FACE_SURFACE('',(#12279),#12275,.T.);
#12275=PLANE('',#12276);
#12276=AXIS2_PLACEMENT_3D('',#272,#12277,#12278);
#12277=DIRECTION('',(0.4714031730313694,-0.8819178240947151,0));
#12278=DIRECTION('',(0,0,-1));
#12279=FACE_BOUND('',#12280,.T.);
#12280=EDGE_LOOP('',(#12281,#12282,#12283));
#12281=ORIENTED_EDGE('',*,*,#12284,.T.);
#12282=ORIENTED_EDGE('',*,*,#12285,.T.);
#12283=ORIENTED_EDGE('',*,*,#12286,.T.);
#12284=EDGE_CURVE('',#273,#605,#12287,.F.);
#12285=EDGE_CURVE('',#605,#607,#12288,.T.);
#12286=EDGE_CURVE('',#607,#273,#12289,.T.);
#12287=LINE('',#272,#12290);
#12288=LINE('',#604,#12291);
#12289=LINE('',#606,#12292);
#12290=VECTOR('',#12293,1.0);
#12291=VECTOR('',#12294,1.0);
#12292=VECTOR('',#12295,1.0);
#12293=DIRECTION('',(0,0,-1));
#12294=DIRECTION('',(0.8819178240947152,0.4714031730313694,0));
#12295=DIRECTION('',(-0.057050539730659995,-0.030494684104827686,0.9979054615331991));
#12296=FACE_SURFACE('',(#12301),#12297,.T.);
#12297=PLANE('',#12298);
#12298=AXIS2_PLACEMENT_3D('',#272,#12299,#12300);
#12299=DIRECTION('',(0.4714031730313694,-0.8819178240947151,0));
#12300=DIRECTION('',(0.057050539730659995,0.030494684104827686,-0.9979054615331991));
#12301=FACE_BOUND('',#12302,.T.);
#12302=EDGE_LOOP('',(#12303,#12304,#12305));
#12303=ORIENTED_EDGE('',*,*,#12306,.T.);
#12304=ORIENTED_EDGE('',*,*,#12307,.T.);
#12305=ORIENTED_EDGE('',*,*,#12308,.T.);
#12306=EDGE_CURVE('',#273,#607,#12309,.F.);
#12307=EDGE_CURVE('',#607,#279,#12310,.T.);
#12308=EDGE_CURVE('',#279,#273,#12311,.T.);
#12309=LINE('',#272,#12312);
#12310=LINE('',#606,#12313);
#12311=LINE('',#278,#12314);
#12312=VECTOR('',#12315,1.0);
#12313=VECTOR('',#12316,1.0);
#12314=VECTOR('',#12317,1.0);
#12315=DIRECTION('',(0.057050539730659995,0.030494684104827686,-0.9979054615331991));
#12316=DIRECTION('',(0,0,1));
#12317=DIRECTION('',(-0.8819178240947152,-0.4714031730313694,0));
#12318=FACE_SURFACE('',(#12323),#12319,.T.);
#12319=PLANE('',#12320);
#12320=AXIS2_PLACEMENT_3D('',#278,#12321,#12322);
#12321=DIRECTION('',(0.29027708504790517,-0.9569426387700003,0));
#12322=DIRECTION('',(0,0,-1));
#12323=FACE_BOUND('',#12324,.T.);
#12324=EDGE_LOOP('',(#12325,#12326,#12327));
#12325=ORIENTED_EDGE('',*,*,#12328,.T.);
#12326=ORIENTED_EDGE('',*,*,#12329,.T.);
#12327=ORIENTED_EDGE('',*,*,#12330,.T.);
#12328=EDGE_CURVE('',#279,#607,#12331,.F.);
#12329=EDGE_CURVE('',#607,#609,#12332,.T.);
#12330=EDGE_CURVE('',#609,#279,#12333,.T.);
#12331=LINE('',#278,#12334);
#12332=LINE('',#606,#12335);
#12333=LINE('',#608,#12336);
#12334=VECTOR('',#12337,1.0);
#12335=VECTOR('',#12338,1.0);
#12336=VECTOR('',#12339,1.0);
#12337=DIRECTION('',(0,0,-1));
#12338=DIRECTION('',(0.9569426387700003,0.29027708504790517,0));
#12339=DIRECTION('',(-0.061903632239348506,-0.018777725218109425,0.9979054751584483));
#12340=FACE_SURFACE('',(#12345),#12341,.T.);
#12341=PLANE('',#12342);
#12342=AXIS2_PLACEMENT_3D('',#278,#12343,#12344);
#12343=DIRECTION('',(0.29027708504790517,-0.9569426387700003,0));
#12344=DIRECTION('',(0.061903632239348506,0.018777725218109425,-0.9979054751584483));
#12345=FACE_BOUND('',#12346,.T.);
#12346=EDGE_LOOP('',(#12347,#12348,#12349));
#12347=ORIENTED_EDGE('',*,*,#12350,.T.);
#12348=ORIENTED_EDGE('',*,*,#12351,.T.);
#12349=ORIENTED_EDGE('',*,*,#12352,.T.);
#12350=EDGE_CURVE('',#279,#609,#12353,.F.);
#12351=EDGE_CURVE('',#609,#281,#12354,.T.);
#12352=EDGE_CURVE('',#281,#279,#12355,.T.);
#12353=LINE('',#278,#12356);
#12354=LINE('',#608,#12357);
#12355=LINE('',#280,#12358);
#12356=VECTOR('',#12359,1.0);
#12357=VECTOR('',#12360,1.0);
#12358=VECTOR('',#12361,1.0);
#12359=DIRECTION('',(0.061903632239348506,0.018777725218109425,-0.9979054751584483));
#12360=DIRECTION('',(0,0,1));
#12361=DIRECTION('',(-0.9569426387700003,-0.29027708504790517,0));
#12362=FACE_SURFACE('',(#12367),#12363,.T.);
#12363=PLANE('',#12364);
#12364=AXIS2_PLACEMENT_3D('',#280,#12365,#12366);
#12365=DIRECTION('',(0.09801262859213908,-0.9951851710292208,0));
#12366=DIRECTION('',(0,0,-1));
#12367=FACE_BOUND('',#12368,.T.);
#12368=EDGE_LOOP('',(#12369,#12370,#12371));
#12369=ORIENTED_EDGE('',*,*,#12372,.T.);
#12370=ORIENTED_EDGE('',*,*,#12373,.T.);
#12371=ORIENTED_EDGE('',*,*,#12374,.T.);
#12372=EDGE_CURVE('',#281,#609,#12375,.F.);
#12373=EDGE_CURVE('',#609,#547,#12376,.T.);
#12374=EDGE_CURVE('',#547,#281,#12377,.T.);
#12375=LINE('',#280,#12378);
#12376=LINE('',#608,#12379);
#12377=LINE('',#546,#12380);
#12378=VECTOR('',#12381,1.0);
#12379=VECTOR('',#12382,1.0);
#12380=VECTOR('',#12383,1.0);
#12381=DIRECTION('',(0,0,-1));
#12382=DIRECTION('',(0.9951851710292209,0.09801262859213908,0));
#12383=DIRECTION('',(-0.06437800033461065,-0.006340384905228384,0.9979054427109667));
#12384=FACE_SURFACE('',(#12389),#12385,.T.);
#12385=PLANE('',#12386);
#12386=AXIS2_PLACEMENT_3D('',#280,#12387,#12388);
#12387=DIRECTION('',(0.09801262859213908,-0.9951851710292208,0));
#12388=DIRECTION('',(0.06437800033461065,0.006340384905228384,-0.9979054427109667));
#12389=FACE_BOUND('',#12390,.T.);
#12390=EDGE_LOOP('',(#12391,#12392,#12393));
#12391=ORIENTED_EDGE('',*,*,#12394,.T.);
#12392=ORIENTED_EDGE('',*,*,#12395,.T.);
#12393=ORIENTED_EDGE('',*,*,#12396,.T.);
#12394=EDGE_CURVE('',#281,#547,#12397,.F.);
#12395=EDGE_CURVE('',#547,#287,#12398,.T.);
#12396=EDGE_CURVE('',#287,#281,#12399,.T.);
#12397=LINE('',#280,#12400);
#12398=LINE('',#546,#12401);
#12399=LINE('',#286,#12402);
#12400=VECTOR('',#12403,1.0);
#12401=VECTOR('',#12404,1.0);
#12402=VECTOR('',#12405,1.0);
#12403=DIRECTION('',(0.06437800033461065,0.006340384905228384,-0.9979054427109667));
#12404=DIRECTION('',(0,0,1));
#12405=DIRECTION('',(-0.9951851710292209,-0.09801262859213908,0));
#12406=FACE_SURFACE('',(#12411),#12407,.T.);
#12407=PLANE('',#12408);
#12408=AXIS2_PLACEMENT_3D('',#600,#12409,#12410);
#12409=DIRECTION('',(0,0,1));
#12410=DIRECTION('',(-0.471400404097077,-0.8819193041413215,0));
#12411=FACE_BOUND('',#12412,.T.);
#12412=EDGE_LOOP('',(#12413,#12414,#12415));
#12413=ORIENTED_EDGE('',*,*,#12416,.T.);
#12414=ORIENTED_EDGE('',*,*,#12417,.T.);
#12415=ORIENTED_EDGE('',*,*,#12418,.T.);
#12416=EDGE_CURVE('',#601,#599,#12419,.F.);
#12417=EDGE_CURVE('',#599,#597,#12420,.T.);
#12418=EDGE_CURVE('',#597,#601,#12421,.T.);
#12419=LINE('',#600,#12422);
#12420=LINE('',#598,#12423);
#12421=LINE('',#596,#12424);
#12422=VECTOR('',#12425,1.0);
#12423=VECTOR('',#12426,1.0);
#12424=VECTOR('',#12427,1.0);
#12425=DIRECTION('',(-0.471400404097077,-0.8819193041413215,0));
#12426=DIRECTION('',(-0.29027708504790517,-0.9569426387700003,0));
#12427=DIRECTION('',(0.38268210400684627,0.9238800827341682,0));
#12428=FACE_SURFACE('',(#12433),#12429,.T.);
#12429=PLANE('',#12430);
#12430=AXIS2_PLACEMENT_3D('',#596,#12431,#12432);
#12431=DIRECTION('',(0,0,1));
#12432=DIRECTION('',(-0.0980205242795133,-0.9951843933764081,0));
#12433=FACE_BOUND('',#12434,.T.);
#12434=EDGE_LOOP('',(#12435,#12436,#12437));
#12435=ORIENTED_EDGE('',*,*,#12438,.T.);
#12436=ORIENTED_EDGE('',*,*,#12439,.T.);
#12437=ORIENTED_EDGE('',*,*,#12440,.T.);
#12438=EDGE_CURVE('',#597,#595,#12441,.F.);
#12439=EDGE_CURVE('',#595,#593,#12442,.T.);
#12440=EDGE_CURVE('',#593,#597,#12443,.T.);
#12441=LINE('',#596,#12444);
#12442=LINE('',#594,#12445);
#12443=LINE('',#592,#12446);
#12444=VECTOR('',#12447,1.0);
#12445=VECTOR('',#12448,1.0);
#12446=VECTOR('',#12449,1.0);
#12447=DIRECTION('',(-0.0980205242795133,-0.9951843933764081,0));
#12448=DIRECTION('',(0.0980205242795133,-0.9951843933764081,0));
#12449=DIRECTION('',(0,1,0));
#12450=FACE_SURFACE('',(#12455),#12451,.T.);
#12451=PLANE('',#12452);
#12452=AXIS2_PLACEMENT_3D('',#592,#12453,#12454);
#12453=DIRECTION('',(0,0,1));
#12454=DIRECTION('',(0.29027523496303886,-0.9569431999691269,0));
#12455=FACE_BOUND('',#12456,.T.);
#12456=EDGE_LOOP('',(#12457,#12458,#12459));
#12457=ORIENTED_EDGE('',*,*,#12460,.T.);
#12458=ORIENTED_EDGE('',*,*,#12461,.T.);
#12459=ORIENTED_EDGE('',*,*,#12462,.T.);
#12460=EDGE_CURVE('',#593,#591,#12463,.F.);
#12461=EDGE_CURVE('',#591,#589,#12464,.T.);
#12462=EDGE_CURVE('',#589,#593,#12465,.T.);
#12463=LINE('',#592,#12466);
#12464=LINE('',#590,#12467);
#12465=LINE('',#588,#12468);
#12466=VECTOR('',#12469,1.0);
#12467=VECTOR('',#12470,1.0);
#12468=VECTOR('',#12471,1.0);
#12469=DIRECTION('',(0.29027523496303886,-0.9569431999691269,0));
#12470=DIRECTION('',(0.4714031730313694,-0.8819178240947152,0));
#12471=DIRECTION('',(-0.38268210400684627,0.9238800827341682,0));
#12472=FACE_SURFACE('',(#12477),#12473,.T.);
#12473=PLANE('',#12474);
#12474=AXIS2_PLACEMENT_3D('',#588,#12475,#12476);
#12475=DIRECTION('',(0,0,1));
#12476=DIRECTION('',(0.6343940755918345,-0.7730098038537297,0));
#12477=FACE_BOUND('',#12478,.T.);
#12478=EDGE_LOOP('',(#12479,#12480,#12481));
#12479=ORIENTED_EDGE('',*,*,#12482,.T.);
#12480=ORIENTED_EDGE('',*,*,#12483,.T.);
#12481=ORIENTED_EDGE('',*,*,#12484,.T.);
#12482=EDGE_CURVE('',#589,#587,#12485,.F.);
#12483=EDGE_CURVE('',#587,#585,#12486,.T.);
#12484=EDGE_CURVE('',#585,#589,#12487,.T.);
#12485=LINE('',#588,#12488);
#12486=LINE('',#586,#12489);
#12487=LINE('',#584,#12490);
#12488=VECTOR('',#12491,1.0);
#12489=VECTOR('',#12492,1.0);
#12490=VECTOR('',#12493,1.0);
#12491=DIRECTION('',(0.6343940755918345,-0.7730098038537297,0));
#12492=DIRECTION('',(0.773005951998172,-0.6343987690525571,0));
#12493=DIRECTION('',(-0.7071051080461417,0.7071084543229945,0));
#12494=FACE_SURFACE('',(#12499),#12495,.T.);
#12495=PLANE('',#12496);
#12496=AXIS2_PLACEMENT_3D('',#584,#12497,#12498);
#12497=DIRECTION('',(0,0,1));
#12498=DIRECTION('',(0.8819233619650994,-0.47139281244008846,0));
#12499=FACE_BOUND('',#12500,.T.);
#12500=EDGE_LOOP('',(#12501,#12502,#12503));
#12501=ORIENTED_EDGE('',*,*,#12504,.T.);
#12502=ORIENTED_EDGE('',*,*,#12505,.T.);
#12503=ORIENTED_EDGE('',*,*,#12506,.T.);
#12504=EDGE_CURVE('',#585,#583,#12507,.F.);
#12505=EDGE_CURVE('',#583,#581,#12508,.T.);
#12506=EDGE_CURVE('',#581,#585,#12509,.T.);
#12507=LINE('',#584,#12510);
#12508=LINE('',#582,#12511);
#12509=LINE('',#580,#12512);
#12510=VECTOR('',#12513,1.0);
#12511=VECTOR('',#12514,1.0);
#12512=VECTOR('',#12515,1.0);
#12513=DIRECTION('',(0.8819233619650994,-0.47139281244008846,0));
#12514=DIRECTION('',(0.9569426387700003,-0.29027708504790517,0));
#12515=DIRECTION('',(-0.9238819588472502,0.38267757461937574,0));
#12516=FACE_SURFACE('',(#12521),#12517,.T.);
#12517=PLANE('',#12518);
#12518=AXIS2_PLACEMENT_3D('',#580,#12519,#12520);
#12519=DIRECTION('',(-0,0,1));
#12520=DIRECTION('',(0.9951838716472214,-0.09802582115568632,0));
#12521=FACE_BOUND('',#12522,.T.);
#12522=EDGE_LOOP('',(#12523,#12524,#12525));
#12523=ORIENTED_EDGE('',*,*,#12526,.T.);
#12524=ORIENTED_EDGE('',*,*,#12527,.T.);
#12525=ORIENTED_EDGE('',*,*,#12528,.T.);
#12526=EDGE_CURVE('',#581,#579,#12529,.F.);
#12527=EDGE_CURVE('',#579,#577,#12530,.T.);
#12528=EDGE_CURVE('',#577,#581,#12531,.T.);
#12529=LINE('',#580,#12532);
#12530=LINE('',#578,#12533);
#12531=LINE('',#576,#12534);
#12532=VECTOR('',#12535,1.0);
#12533=VECTOR('',#12536,1.0);
#12534=VECTOR('',#12537,1.0);
#12535=DIRECTION('',(0.9951838716472214,-0.09802582115568632,0));
#12536=DIRECTION('',(0.9951837436468295,0.09802712064057473,0));
#12537=DIRECTION('',(-1,0,0));
#12538=FACE_SURFACE('',(#12543),#12539,.T.);
#12539=PLANE('',#12540);
#12540=AXIS2_PLACEMENT_3D('',#576,#12541,#12542);
#12541=DIRECTION('',(0,0,1));
#12542=DIRECTION('',(0.9569420775601429,0.29027893515526987,0));
#12543=FACE_BOUND('',#12544,.T.);
#12544=EDGE_LOOP('',(#12545,#12546,#12547));
#12545=ORIENTED_EDGE('',*,*,#12548,.T.);
#12546=ORIENTED_EDGE('',*,*,#12549,.T.);
#12547=ORIENTED_EDGE('',*,*,#12550,.T.);
#12548=EDGE_CURVE('',#577,#575,#12551,.F.);
#12549=EDGE_CURVE('',#575,#573,#12552,.T.);
#12550=EDGE_CURVE('',#573,#577,#12553,.T.);
#12551=LINE('',#576,#12554);
#12552=LINE('',#574,#12555);
#12553=LINE('',#572,#12556);
#12554=VECTOR('',#12557,1.0);
#12555=VECTOR('',#12558,1.0);
#12556=VECTOR('',#12559,1.0);
#12557=DIRECTION('',(0.9569420775601429,0.29027893515526987,0));
#12558=DIRECTION('',(0.8819218819481763,0.47139558137618004,0));
#12559=DIRECTION('',(-0.9238809787645736,-0.3826799407821285,0));
#12560=FACE_SURFACE('',(#12565),#12561,.T.);
#12561=PLANE('',#12562);
#12562=AXIS2_PLACEMENT_3D('',#572,#12563,#12564);
#12563=DIRECTION('',(0,0,1));
#12564=DIRECTION('',(0.7730086324875906,0.6343955028999378,0));
#12565=FACE_BOUND('',#12566,.T.);
#12566=EDGE_LOOP('',(#12567,#12568,#12569));
#12567=ORIENTED_EDGE('',*,*,#12570,.T.);
#12568=ORIENTED_EDGE('',*,*,#12571,.T.);
#12569=ORIENTED_EDGE('',*,*,#12572,.T.);
#12570=EDGE_CURVE('',#573,#571,#12573,.F.);
#12571=EDGE_CURVE('',#571,#569,#12574,.T.);
#12572=EDGE_CURVE('',#569,#573,#12575,.T.);
#12573=LINE('',#572,#12576);
#12574=LINE('',#570,#12577);
#12575=LINE('',#568,#12578);
#12576=VECTOR('',#12579,1.0);
#12577=VECTOR('',#12580,1.0);
#12578=VECTOR('',#12581,1.0);
#12579=DIRECTION('',(0.7730086324875906,0.6343955028999378,0));
#12580=DIRECTION('',(0.6344020352274818,0.7730032714673523,0));
#12581=DIRECTION('',(-0.7071101274317291,-0.7071034349255304,0));
#12582=FACE_SURFACE('',(#12587),#12583,.T.);
#12583=PLANE('',#12584);
#12584=AXIS2_PLACEMENT_3D('',#568,#12585,#12586);
#12585=DIRECTION('',(0,0,1));
#12586=DIRECTION('',(0.4713876320712581,0.8819261308807287,0));
#12587=FACE_BOUND('',#12588,.T.);
#12588=EDGE_LOOP('',(#12589,#12590,#12591));
#12589=ORIENTED_EDGE('',*,*,#12592,.T.);
#12590=ORIENTED_EDGE('',*,*,#12593,.T.);
#12591=ORIENTED_EDGE('',*,*,#12594,.T.);
#12592=EDGE_CURVE('',#569,#567,#12595,.F.);
#12593=EDGE_CURVE('',#567,#565,#12596,.T.);
#12594=EDGE_CURVE('',#565,#569,#12597,.T.);
#12595=LINE('',#568,#12598);
#12596=LINE('',#566,#12599);
#12597=LINE('',#564,#12600);
#12598=VECTOR('',#12601,1.0);
#12599=VECTOR('',#12602,1.0);
#12600=VECTOR('',#12603,1.0);
#12601=DIRECTION('',(0.4713876320712581,0.8819261308807287,0));
#12602=DIRECTION('',(0.2902813340373658,0.9569413498796503,0));
#12603=DIRECTION('',(-0.38267639154803074,-0.923882448881771,0));
#12604=FACE_SURFACE('',(#12609),#12605,.T.);
#12605=PLANE('',#12606);
#12606=AXIS2_PLACEMENT_3D('',#564,#12607,#12608);
#12607=DIRECTION('',(0,0,1));
#12608=DIRECTION('',(0.0980205242795133,0.9951843933764081,0));
#12609=FACE_BOUND('',#12610,.T.);
#12610=EDGE_LOOP('',(#12611,#12612,#12613));
#12611=ORIENTED_EDGE('',*,*,#12614,.T.);
#12612=ORIENTED_EDGE('',*,*,#12615,.T.);
#12613=ORIENTED_EDGE('',*,*,#12616,.T.);
#12614=EDGE_CURVE('',#565,#563,#12617,.F.);
#12615=EDGE_CURVE('',#563,#561,#12618,.T.);
#12616=EDGE_CURVE('',#561,#565,#12619,.T.);
#12617=LINE('',#564,#12620);
#12618=LINE('',#562,#12621);
#12619=LINE('',#560,#12622);
#12620=VECTOR('',#12623,1.0);
#12621=VECTOR('',#12624,1.0);
#12622=VECTOR('',#12625,1.0);
#12623=DIRECTION('',(0.0980205242795133,0.9951843933764081,0));
#12624=DIRECTION('',(-0.0980205242795133,0.9951843933764081,0));
#12625=DIRECTION('',(0,-1,0));
#12626=FACE_SURFACE('',(#12631),#12627,.T.);
#12627=PLANE('',#12628);
#12628=AXIS2_PLACEMENT_3D('',#560,#12629,#12630);
#12629=DIRECTION('',(0,0,1));
#12630=DIRECTION('',(-0.29028318415395105,0.9569407886580253,0));
#12631=FACE_BOUND('',#12632,.T.);
#12632=EDGE_LOOP('',(#12633,#12634,#12635));
#12633=ORIENTED_EDGE('',*,*,#12636,.T.);
#12634=ORIENTED_EDGE('',*,*,#12637,.T.);
#12635=ORIENTED_EDGE('',*,*,#12638,.T.);
#12636=EDGE_CURVE('',#561,#559,#12639,.F.);
#12637=EDGE_CURVE('',#559,#557,#12640,.T.);
#12638=EDGE_CURVE('',#557,#561,#12641,.T.);
#12639=LINE('',#560,#12642);
#12640=LINE('',#558,#12643);
#12641=LINE('',#556,#12644);
#12642=VECTOR('',#12645,1.0);
#12643=VECTOR('',#12646,1.0);
#12644=VECTOR('',#12647,1.0);
#12645=DIRECTION('',(-0.29028318415395105,0.9569407886580253,0));
#12646=DIRECTION('',(-0.47138486317609113,0.8819276108436892,0));
#12647=DIRECTION('',(0.38267639154803074,-0.923882448881771,0));
#12648=FACE_SURFACE('',(#12653),#12649,.T.);
#12649=PLANE('',#12650);
#12650=AXIS2_PLACEMENT_3D('',#556,#12651,#12652);
#12651=DIRECTION('',(0,0,1));
#12652=DIRECTION('',(-0.6343987690525571,0.773005951998172,0));
#12653=FACE_BOUND('',#12654,.T.);
#12654=EDGE_LOOP('',(#12655,#12656,#12657));
#12655=ORIENTED_EDGE('',*,*,#12658,.T.);
#12656=ORIENTED_EDGE('',*,*,#12659,.T.);
#12657=ORIENTED_EDGE('',*,*,#12660,.T.);
#12658=EDGE_CURVE('',#557,#555,#12661,.F.);
#12659=EDGE_CURVE('',#555,#553,#12662,.T.);
#12660=EDGE_CURVE('',#553,#557,#12663,.T.);
#12661=LINE('',#556,#12664);
#12662=LINE('',#554,#12665);
#12663=LINE('',#552,#12666);
#12664=VECTOR('',#12667,1.0);
#12665=VECTOR('',#12668,1.0);
#12666=VECTOR('',#12669,1.0);
#12667=DIRECTION('',(-0.6343987690525571,0.773005951998172,0));
#12668=DIRECTION('',(-0.7730151647847446,0.6343875432358472,0));
#12669=DIRECTION('',(0.707111800560258,-0.7071017617772068,0));
#12670=FACE_SURFACE('',(#12675),#12671,.T.);
#12671=PLANE('',#12672);
#12672=AXIS2_PLACEMENT_3D('',#552,#12673,#12674);
#12673=DIRECTION('',(0,0,1));
#12674=DIRECTION('',(-0.8819163440220278,0.4714059419935436,0));
#12675=FACE_BOUND('',#12676,.T.);
#12676=EDGE_LOOP('',(#12677,#12678,#12679));
#12677=ORIENTED_EDGE('',*,*,#12680,.T.);
#12678=ORIENTED_EDGE('',*,*,#12681,.T.);
#12679=ORIENTED_EDGE('',*,*,#12682,.T.);
#12680=EDGE_CURVE('',#553,#551,#12683,.F.);
#12681=EDGE_CURVE('',#551,#549,#12684,.T.);
#12682=EDGE_CURVE('',#549,#553,#12685,.T.);
#12683=LINE('',#552,#12686);
#12684=LINE('',#550,#12687);
#12685=LINE('',#548,#12688);
#12686=VECTOR('',#12689,1.0);
#12687=VECTOR('',#12690,1.0);
#12688=VECTOR('',#12691,1.0);
#12689=DIRECTION('',(-0.8819163440220278,0.4714059419935436,0));
#12690=DIRECTION('',(-0.9569420775601429,0.29027893515526987,0));
#12691=DIRECTION('',(0.9238786125768449,-0.38268565327574544,0));
#12692=FACE_SURFACE('',(#12697),#12693,.T.);
#12693=PLANE('',#12694);
#12694=AXIS2_PLACEMENT_3D('',#548,#12695,#12696);
#12695=DIRECTION('',(0,0,1));
#12696=DIRECTION('',(-0.9951850430631124,0.09801392790553251,0));
#12697=FACE_BOUND('',#12698,.T.);
#12698=EDGE_LOOP('',(#12699,#12700,#12701));
#12699=ORIENTED_EDGE('',*,*,#12702,.T.);
#12700=ORIENTED_EDGE('',*,*,#12703,.T.);
#12701=ORIENTED_EDGE('',*,*,#12704,.T.);
#12702=EDGE_CURVE('',#549,#547,#12705,.F.);
#12703=EDGE_CURVE('',#547,#609,#12706,.T.);
#12704=EDGE_CURVE('',#609,#549,#12707,.T.);
#12705=LINE('',#548,#12708);
#12706=LINE('',#546,#12709);
#12707=LINE('',#608,#12710);
#12708=VECTOR('',#12711,1.0);
#12709=VECTOR('',#12712,1.0);
#12710=VECTOR('',#12713,1.0);
#12711=DIRECTION('',(-0.9951850430631124,0.09801392790553251,0));
#12712=DIRECTION('',(-0.9951851710292209,-0.09801262859213908,0));
#12713=DIRECTION('',(1,0,0));
#12714=FACE_SURFACE('',(#12719),#12715,.T.);
#12715=PLANE('',#12716);
#12716=AXIS2_PLACEMENT_3D('',#608,#12717,#12718);
#12717=DIRECTION('',(0,0,1));
#12718=DIRECTION('',(-0.9569426387700003,-0.29027708504790517,0));
#12719=FACE_BOUND('',#12720,.T.);
#12720=EDGE_LOOP('',(#12721,#12722,#12723));
#12721=ORIENTED_EDGE('',*,*,#12724,.T.);
#12722=ORIENTED_EDGE('',*,*,#12725,.T.);
#12723=ORIENTED_EDGE('',*,*,#12726,.T.);
#12724=EDGE_CURVE('',#609,#607,#12727,.F.);
#12725=EDGE_CURVE('',#607,#605,#12728,.T.);
#12726=EDGE_CURVE('',#605,#609,#12729,.T.);
#12727=LINE('',#608,#12730);
#12728=LINE('',#606,#12731);
#12729=LINE('',#604,#12732);
#12730=VECTOR('',#12733,1.0);
#12731=VECTOR('',#12734,1.0);
#12732=VECTOR('',#12735,1.0);
#12733=DIRECTION('',(-0.9569426387700003,-0.29027708504790517,0));
#12734=DIRECTION('',(-0.8819178240947152,-0.4714031730313694,0));
#12735=DIRECTION('',(0.9238795926862721,0.38268328708979166,0));
#12736=FACE_SURFACE('',(#12741),#12737,.T.);
#12737=PLANE('',#12738);
#12738=AXIS2_PLACEMENT_3D('',#604,#12739,#12740);
#12739=DIRECTION('',(0,0,1));
#12740=DIRECTION('',(-0.7730124843399379,-0.6343908094026878,0));
#12741=FACE_BOUND('',#12742,.T.);
#12742=EDGE_LOOP('',(#12743,#12744,#12745));
#12743=ORIENTED_EDGE('',*,*,#12746,.T.);
#12744=ORIENTED_EDGE('',*,*,#12747,.T.);
#12745=ORIENTED_EDGE('',*,*,#12748,.T.);
#12746=EDGE_CURVE('',#605,#603,#12749,.F.);
#12747=EDGE_CURVE('',#603,#601,#12750,.T.);
#12748=EDGE_CURVE('',#601,#605,#12751,.T.);
#12749=LINE('',#604,#12752);
#12750=LINE('',#602,#12753);
#12751=LINE('',#600,#12754);
#12752=VECTOR('',#12755,1.0);
#12753=VECTOR('',#12756,1.0);
#12754=VECTOR('',#12757,1.0);
#12755=DIRECTION('',(-0.7730124843399379,-0.6343908094026878,0));
#12756=DIRECTION('',(-0.6343908094026878,-0.7730124843399379,0));
#12757=DIRECTION('',(0.7071067811865476,0.7071067811865476,0));
#12758=FACE_SURFACE('',(#12763),#12759,.T.);
#12759=PLANE('',#12760);
#12760=AXIS2_PLACEMENT_3D('',#600,#12761,#12762);
#12761=DIRECTION('',(0,0,1));
#12762=DIRECTION('',(-0.38268210400684627,-0.9238800827341682,0));
#12763=FACE_BOUND('',#12764,.T.);
#12764=EDGE_LOOP('',(#12765,#12766,#12767));
#12765=ORIENTED_EDGE('',*,*,#12768,.T.);
#12766=ORIENTED_EDGE('',*,*,#12769,.T.);
#12767=ORIENTED_EDGE('',*,*,#12770,.T.);
#12768=EDGE_CURVE('',#601,#597,#12771,.F.);
#12769=EDGE_CURVE('',#597,#593,#12772,.T.);
#12770=EDGE_CURVE('',#593,#601,#12773,.T.);
#12771=LINE('',#600,#12774);
#12772=LINE('',#596,#12775);
#12773=LINE('',#592,#12776);
#12774=VECTOR('',#12777,1.0);
#12775=VECTOR('',#12778,1.0);
#12776=VECTOR('',#12779,1.0);
#12777=DIRECTION('',(-0.38268210400684627,-0.9238800827341682,0));
#12778=DIRECTION('',(0,-1,0));
#12779=DIRECTION('',(0.19509050861323338,0.9807852432867401,0));
#12780=FACE_SURFACE('',(#12785),#12781,.T.);
#12781=PLANE('',#12782);
#12782=AXIS2_PLACEMENT_3D('',#592,#12783,#12784);
#12783=DIRECTION('',(0,0,1));
#12784=DIRECTION('',(0.38268210400684627,-0.9238800827341682,0));
#12785=FACE_BOUND('',#12786,.T.);
#12786=EDGE_LOOP('',(#12787,#12788,#12789));
#12787=ORIENTED_EDGE('',*,*,#12790,.T.);
#12788=ORIENTED_EDGE('',*,*,#12791,.T.);
#12789=ORIENTED_EDGE('',*,*,#12792,.T.);
#12790=EDGE_CURVE('',#593,#589,#12793,.F.);
#12791=EDGE_CURVE('',#589,#585,#12794,.T.);
#12792=EDGE_CURVE('',#585,#593,#12795,.T.);
#12793=LINE('',#592,#12796);
#12794=LINE('',#588,#12797);
#12795=LINE('',#584,#12798);
#12796=VECTOR('',#12799,1.0);
#12797=VECTOR('',#12800,1.0);
#12798=VECTOR('',#12801,1.0);
#12799=DIRECTION('',(0.38268210400684627,-0.9238800827341682,0));
#12800=DIRECTION('',(0.7071051080461417,-0.7071084543229945,0));
#12801=DIRECTION('',(-0.5555683353951567,0.8314708802515303,0));
#12802=FACE_SURFACE('',(#12807),#12803,.T.);
#12803=PLANE('',#12804);
#12804=AXIS2_PLACEMENT_3D('',#584,#12805,#12806);
#12805=DIRECTION('',(0,0,1));
#12806=DIRECTION('',(0.9238819588472502,-0.38267757461937574,0));
#12807=FACE_BOUND('',#12808,.T.);
#12808=EDGE_LOOP('',(#12809,#12810,#12811));
#12809=ORIENTED_EDGE('',*,*,#12812,.T.);
#12810=ORIENTED_EDGE('',*,*,#12813,.T.);
#12811=ORIENTED_EDGE('',*,*,#12814,.T.);
#12812=EDGE_CURVE('',#585,#581,#12815,.F.);
#12813=EDGE_CURVE('',#581,#577,#12816,.T.);
#12814=EDGE_CURVE('',#577,#585,#12817,.T.);
#12815=LINE('',#584,#12818);
#12816=LINE('',#580,#12819);
#12817=LINE('',#576,#12820);
#12818=VECTOR('',#12821,1.0);
#12819=VECTOR('',#12822,1.0);
#12820=VECTOR('',#12823,1.0);
#12821=DIRECTION('',(0.9238819588472502,-0.38267757461937574,0));
#12822=DIRECTION('',(1,0,0));
#12823=DIRECTION('',(-0.9807859610343709,0.19508690022112113,0));
#12824=FACE_SURFACE('',(#12829),#12825,.T.);
#12825=PLANE('',#12826);
#12826=AXIS2_PLACEMENT_3D('',#576,#12827,#12828);
#12827=DIRECTION('',(0,0,1));
#12828=DIRECTION('',(0.9238809787645736,0.3826799407821285,0));
#12829=FACE_BOUND('',#12830,.T.);
#12830=EDGE_LOOP('',(#12831,#12832,#12833));
#12831=ORIENTED_EDGE('',*,*,#12834,.T.);
#12832=ORIENTED_EDGE('',*,*,#12835,.T.);
#12833=ORIENTED_EDGE('',*,*,#12836,.T.);
#12834=EDGE_CURVE('',#577,#573,#12837,.F.);
#12835=EDGE_CURVE('',#573,#569,#12838,.T.);
#12836=EDGE_CURVE('',#569,#577,#12839,.T.);
#12837=LINE('',#576,#12840);
#12838=LINE('',#572,#12841);
#12839=LINE('',#568,#12842);
#12840=VECTOR('',#12843,1.0);
#12841=VECTOR('',#12844,1.0);
#12842=VECTOR('',#12845,1.0);
#12843=DIRECTION('',(0.9238809787645736,0.3826799407821285,0));
#12844=DIRECTION('',(0.7071101274317291,0.7071034349255304,0));
#12845=DIRECTION('',(-0.831471141739149,-0.5555679440491469,0));
#12846=FACE_SURFACE('',(#12851),#12847,.T.);
#12847=PLANE('',#12848);
#12848=AXIS2_PLACEMENT_3D('',#568,#12849,#12850);
#12849=DIRECTION('',(0,0,1));
#12850=DIRECTION('',(0.38267639154803074,0.923882448881771,0));
#12851=FACE_BOUND('',#12852,.T.);
#12852=EDGE_LOOP('',(#12853,#12854,#12855));
#12853=ORIENTED_EDGE('',*,*,#12856,.T.);
#12854=ORIENTED_EDGE('',*,*,#12857,.T.);
#12855=ORIENTED_EDGE('',*,*,#12858,.T.);
#12856=EDGE_CURVE('',#569,#565,#12859,.F.);
#12857=EDGE_CURVE('',#565,#561,#12860,.T.);
#12858=EDGE_CURVE('',#561,#569,#12861,.T.);
#12859=LINE('',#568,#12862);
#12860=LINE('',#564,#12863);
#12861=LINE('',#560,#12864);
#12862=VECTOR('',#12865,1.0);
#12863=VECTOR('',#12866,1.0);
#12864=VECTOR('',#12867,1.0);
#12865=DIRECTION('',(0.38267639154803074,0.923882448881771,0));
#12866=DIRECTION('',(0,1,0));
#12867=DIRECTION('',(-0.19508722662914058,-0.9807858961089063,0));
#12868=FACE_SURFACE('',(#12873),#12869,.T.);
#12869=PLANE('',#12870);
#12870=AXIS2_PLACEMENT_3D('',#560,#12871,#12872);
#12871=DIRECTION('',(0,0,1));
#12872=DIRECTION('',(-0.38267639154803074,0.923882448881771,0));
#12873=FACE_BOUND('',#12874,.T.);
#12874=EDGE_LOOP('',(#12875,#12876,#12877));
#12875=ORIENTED_EDGE('',*,*,#12878,.T.);
#12876=ORIENTED_EDGE('',*,*,#12879,.T.);
#12877=ORIENTED_EDGE('',*,*,#12880,.T.);
#12878=EDGE_CURVE('',#561,#557,#12881,.F.);
#12879=EDGE_CURVE('',#557,#553,#12882,.T.);
#12880=EDGE_CURVE('',#553,#561,#12883,.T.);
#12881=LINE('',#560,#12884);
#12882=LINE('',#556,#12885);
#12883=LINE('',#552,#12886);
#12884=VECTOR('',#12887,1.0);
#12885=VECTOR('',#12888,1.0);
#12886=VECTOR('',#12889,1.0);
#12887=DIRECTION('',(-0.38267639154803074,0.923882448881771,0));
#12888=DIRECTION('',(-0.707111800560258,0.7071017617772068,0));
#12889=DIRECTION('',(0.5555703027953469,-0.8314695656798791,0));
#12890=FACE_SURFACE('',(#12895),#12891,.T.);
#12891=PLANE('',#12892);
#12892=AXIS2_PLACEMENT_3D('',#552,#12893,#12894);
#12893=DIRECTION('',(0,0,1));
#12894=DIRECTION('',(-0.9238786125768449,0.38268565327574544,0));
#12895=FACE_BOUND('',#12896,.T.);
#12896=EDGE_LOOP('',(#12897,#12898,#12899));
#12897=ORIENTED_EDGE('',*,*,#12900,.T.);
#12898=ORIENTED_EDGE('',*,*,#12901,.T.);
#12899=ORIENTED_EDGE('',*,*,#12902,.T.);
#12900=EDGE_CURVE('',#553,#549,#12903,.F.);
#12901=EDGE_CURVE('',#549,#609,#12904,.T.);
#12902=EDGE_CURVE('',#609,#553,#12905,.T.);
#12903=LINE('',#552,#12906);
#12904=LINE('',#548,#12907);
#12905=LINE('',#608,#12908);
#12906=VECTOR('',#12909,1.0);
#12907=VECTOR('',#12910,1.0);
#12908=VECTOR('',#12911,1.0);
#12909=DIRECTION('',(-0.9238786125768449,0.38268565327574544,0));
#12910=DIRECTION('',(-1,0,0));
#12911=DIRECTION('',(0.9807851783588084,-0.19509083502738017,0));
#12912=FACE_SURFACE('',(#12917),#12913,.T.);
#12913=PLANE('',#12914);
#12914=AXIS2_PLACEMENT_3D('',#608,#12915,#12916);
#12915=DIRECTION('',(0,0,1));
#12916=DIRECTION('',(-0.9238795926862721,-0.38268328708979166,0));
#12917=FACE_BOUND('',#12918,.T.);
#12918=EDGE_LOOP('',(#12919,#12920,#12921));
#12919=ORIENTED_EDGE('',*,*,#12922,.T.);
#12920=ORIENTED_EDGE('',*,*,#12923,.T.);
#12921=ORIENTED_EDGE('',*,*,#12924,.T.);
#12922=EDGE_CURVE('',#609,#605,#12925,.F.);
#12923=EDGE_CURVE('',#605,#601,#12926,.T.);
#12924=EDGE_CURVE('',#601,#609,#12927,.T.);
#12925=LINE('',#608,#12928);
#12926=LINE('',#604,#12929);
#12927=LINE('',#600,#12930);
#12928=VECTOR('',#12931,1.0);
#12929=VECTOR('',#12932,1.0);
#12930=VECTOR('',#12933,1.0);
#12931=DIRECTION('',(-0.9238795926862721,-0.38268328708979166,0));
#12932=DIRECTION('',(-0.7071067811865476,-0.7071067811865476,0));
#12933=DIRECTION('',(0.8314698271654363,0.5555699114544268,0));
#12934=FACE_SURFACE('',(#12939),#12935,.T.);
#12935=PLANE('',#12936);
#12936=AXIS2_PLACEMENT_3D('',#600,#12937,#12938);
#12937=DIRECTION('',(0,0,1));
#12938=DIRECTION('',(-0.19509050861323338,-0.9807852432867401,0));
#12939=FACE_BOUND('',#12940,.T.);
#12940=EDGE_LOOP('',(#12941,#12942,#12943));
#12941=ORIENTED_EDGE('',*,*,#12944,.T.);
#12942=ORIENTED_EDGE('',*,*,#12945,.T.);
#12943=ORIENTED_EDGE('',*,*,#12946,.T.);
#12944=EDGE_CURVE('',#601,#593,#12947,.F.);
#12945=EDGE_CURVE('',#593,#585,#12948,.T.);
#12946=EDGE_CURVE('',#585,#601,#12949,.T.);
#12947=LINE('',#600,#12950);
#12948=LINE('',#592,#12951);
#12949=LINE('',#584,#12952);
#12950=VECTOR('',#12953,1.0);
#12951=VECTOR('',#12954,1.0);
#12952=VECTOR('',#12955,1.0);
#12953=DIRECTION('',(-0.19509050861323338,-0.9807852432867401,0));
#12954=DIRECTION('',(0.5555683353951567,-0.8314708802515303,0));
#12955=DIRECTION('',(-0.19508963932536091,0.98078541619862,0));
#12956=FACE_SURFACE('',(#12961),#12957,.T.);
#12957=PLANE('',#12958);
#12958=AXIS2_PLACEMENT_3D('',#584,#12959,#12960);
#12959=DIRECTION('',(-0,0,1));
#12960=DIRECTION('',(0.9807859610343709,-0.19508690022112113,0));
#12961=FACE_BOUND('',#12962,.T.);
#12962=EDGE_LOOP('',(#12963,#12964,#12965));
#12963=ORIENTED_EDGE('',*,*,#12966,.T.);
#12964=ORIENTED_EDGE('',*,*,#12967,.T.);
#12965=ORIENTED_EDGE('',*,*,#12968,.T.);
#12966=EDGE_CURVE('',#585,#577,#12969,.F.);
#12967=EDGE_CURVE('',#577,#569,#12970,.T.);
#12968=EDGE_CURVE('',#569,#585,#12971,.T.);
#12969=LINE('',#584,#12972);
#12970=LINE('',#576,#12973);
#12971=LINE('',#568,#12974);
#12972=VECTOR('',#12975,1.0);
#12973=VECTOR('',#12976,1.0);
#12974=VECTOR('',#12977,1.0);
#12975=DIRECTION('',(0.9807859610343709,-0.19508690022112113,0));
#12976=DIRECTION('',(0.831471141739149,0.5555679440491469,0));
#12977=DIRECTION('',(-0.9807852395455393,-0.19509052742150038,0));
#12978=FACE_SURFACE('',(#12983),#12979,.T.);
#12979=PLANE('',#12980);
#12980=AXIS2_PLACEMENT_3D('',#568,#12981,#12982);
#12981=DIRECTION('',(0,-0,1));
#12982=DIRECTION('',(0.19508722662914058,0.9807858961089063,0));
#12983=FACE_BOUND('',#12984,.T.);
#12984=EDGE_LOOP('',(#12985,#12986,#12987));
#12985=ORIENTED_EDGE('',*,*,#12988,.T.);
#12986=ORIENTED_EDGE('',*,*,#12989,.T.);
#12987=ORIENTED_EDGE('',*,*,#12990,.T.);
#12988=EDGE_CURVE('',#569,#561,#12991,.F.);
#12989=EDGE_CURVE('',#561,#553,#12992,.T.);
#12990=EDGE_CURVE('',#553,#569,#12993,.T.);
#12991=LINE('',#568,#12994);
#12992=LINE('',#560,#12995);
#12993=LINE('',#552,#12996);
#12994=VECTOR('',#12997,1.0);
#12995=VECTOR('',#12998,1.0);
#12996=VECTOR('',#12999,1.0);
#12997=DIRECTION('',(0.19508722662914058,0.9807858961089063,0));
#12998=DIRECTION('',(-0.5555703027953469,0.8314695656798791,0));
#12999=DIRECTION('',(0.19509248026742856,-0.9807848510978863,0));
#13000=FACE_SURFACE('',(#13005),#13001,.T.);
#13001=PLANE('',#13002);
#13002=AXIS2_PLACEMENT_3D('',#552,#13003,#13004);
#13003=DIRECTION('',(0,0,1));
#13004=DIRECTION('',(-0.9807851783588084,0.19509083502738017,0));
#13005=FACE_BOUND('',#13006,.T.);
#13006=EDGE_LOOP('',(#13007,#13008,#13009));
#13007=ORIENTED_EDGE('',*,*,#13010,.T.);
#13008=ORIENTED_EDGE('',*,*,#13011,.T.);
#13009=ORIENTED_EDGE('',*,*,#13012,.T.);
#13010=EDGE_CURVE('',#553,#609,#13013,.F.);
#13011=EDGE_CURVE('',#609,#601,#13014,.T.);
#13012=EDGE_CURVE('',#601,#553,#13015,.T.);
#13013=LINE('',#552,#13016);
#13014=LINE('',#608,#13017);
#13015=LINE('',#600,#13018);
#13016=VECTOR('',#13019,1.0);
#13017=VECTOR('',#13020,1.0);
#13018=VECTOR('',#13021,1.0);
#13019=DIRECTION('',(-0.9807851783588084,0.19509083502738017,0));
#13020=DIRECTION('',(-0.8314698271654363,-0.5555699114544268,0));
#13021=DIRECTION('',(0.9807853107833474,0.195090169284904,0));
#13022=FACE_SURFACE('',(#13027),#13023,.T.);
#13023=PLANE('',#13024);
#13024=AXIS2_PLACEMENT_3D('',#600,#13025,#13026);
#13025=DIRECTION('',(0,0,1));
#13026=DIRECTION('',(0.19508963932536091,-0.98078541619862,0));
#13027=FACE_BOUND('',#13028,.T.);
#13028=EDGE_LOOP('',(#13029,#13030,#13031));
#13029=ORIENTED_EDGE('',*,*,#13032,.T.);
#13030=ORIENTED_EDGE('',*,*,#13033,.T.);
#13031=ORIENTED_EDGE('',*,*,#13034,.T.);
#13032=EDGE_CURVE('',#601,#585,#13035,.F.);
#13033=EDGE_CURVE('',#585,#569,#13036,.T.);
#13034=EDGE_CURVE('',#569,#601,#13037,.T.);
#13035=LINE('',#600,#13038);
#13036=LINE('',#584,#13039);
#13037=LINE('',#568,#13040);
#13038=VECTOR('',#13041,1.0);
#13039=VECTOR('',#13042,1.0);
#13040=VECTOR('',#13043,1.0);
#13041=DIRECTION('',(0.19508963932536091,-0.98078541619862,0));
#13042=DIRECTION('',(0.9807852395455393,0.19509052742150038,0));
#13043=DIRECTION('',(-0.8314695271553296,0.5555703604513945,0));
#13044=FACE_SURFACE('',(#13049),#13045,.T.);
#13045=PLANE('',#13046);
#13046=AXIS2_PLACEMENT_3D('',#568,#13047,#13048);
#13047=DIRECTION('',(0,0,1));
#13048=DIRECTION('',(-0.19509248026742856,0.9807848510978863,0));
#13049=FACE_BOUND('',#13050,.T.);
#13050=EDGE_LOOP('',(#13051,#13052,#13053));
#13051=ORIENTED_EDGE('',*,*,#13054,.T.);
#13052=ORIENTED_EDGE('',*,*,#13055,.T.);
#13053=ORIENTED_EDGE('',*,*,#13056,.T.);
#13054=EDGE_CURVE('',#569,#553,#13057,.F.);
#13055=EDGE_CURVE('',#553,#601,#13058,.T.);
#13056=EDGE_CURVE('',#601,#569,#13059,.T.);
#13057=LINE('',#568,#13060);
#13058=LINE('',#552,#13061);
#13059=LINE('',#600,#13062);
#13060=VECTOR('',#13063,1.0);
#13061=VECTOR('',#13064,1.0);
#13062=VECTOR('',#13065,1.0);
#13063=DIRECTION('',(-0.19509248026742856,0.9807848510978863,0));
#13064=DIRECTION('',(-0.9807853107833474,-0.195090169284904,0));
#13065=DIRECTION('',(0.8314695271553296,-0.5555703604513945,0));
#13066=FACE_SURFACE('',(#13071),#13067,.T.);
#13067=PLANE('',#13068);
#13068=AXIS2_PLACEMENT_3D('',#342,#13069,#13070);
#13069=DIRECTION('',(1,0,0));
#13070=DIRECTION('',(0,-1,0));
#13071=FACE_BOUND('',#13072,.T.);
#13072=EDGE_LOOP('',(#13073,#13074,#13075));
#13073=ORIENTED_EDGE('',*,*,#13076,.T.);
#13074=ORIENTED_EDGE('',*,*,#13077,.T.);
#13075=ORIENTED_EDGE('',*,*,#13078,.T.);
#13076=EDGE_CURVE('',#343,#351,#13079,.F.);
#13077=EDGE_CURVE('',#351,#611,#13080,.T.);
#13078=EDGE_CURVE('',#611,#343,#13081,.T.);
#13079=LINE('',#342,#13082);
#13080=LINE('',#350,#13083);
#13081=LINE('',#610,#13084);
#13082=VECTOR('',#13085,1.0);
#13083=VECTOR('',#13086,1.0);
#13084=VECTOR('',#13087,1.0);
#13085=DIRECTION('',(0,-1,0));
#13086=DIRECTION('',(0,0,-1));
#13087=DIRECTION('',(0,0.9952610800162693,0.09723879166695246));
#13088=FACE_SURFACE('',(#13093),#13089,.T.);
#13089=PLANE('',#13090);
#13090=AXIS2_PLACEMENT_3D('',#50,#13091,#13092);
#13091=DIRECTION('',(1,0,-0));
#13092=DIRECTION('',(0,0,1));
#13093=FACE_BOUND('',#13094,.T.);
#13094=EDGE_LOOP('',(#13095,#13096,#13097));
#13095=ORIENTED_EDGE('',*,*,#13098,.T.);
#13096=ORIENTED_EDGE('',*,*,#13099,.T.);
#13097=ORIENTED_EDGE('',*,*,#13100,.T.);
#13098=EDGE_CURVE('',#51,#45,#13101,.F.);
#13099=EDGE_CURVE('',#45,#345,#13102,.T.);
#13100=EDGE_CURVE('',#345,#51,#13103,.T.);
#13101=LINE('',#50,#13104);
#13102=LINE('',#44,#13105);
#13103=LINE('',#344,#13106);
#13104=VECTOR('',#13107,1.0);
#13105=VECTOR('',#13108,1.0);
#13106=VECTOR('',#13109,1.0);
#13107=DIRECTION('',(0,0,1));
#13108=DIRECTION('',(0,-1,0));
#13109=DIRECTION('',(0,0.8550216487550913,-0.5185923063063367));
#13110=FACE_SURFACE('',(#13115),#13111,.T.);
#13111=PLANE('',#13112);
#13112=AXIS2_PLACEMENT_3D('',#342,#13113,#13114);
#13113=DIRECTION('',(1,0,0));
#13114=DIRECTION('',(0,-0.9952610800162693,-0.09723879166695246));
#13115=FACE_BOUND('',#13116,.T.);
#13116=EDGE_LOOP('',(#13117,#13118,#13119));
#13117=ORIENTED_EDGE('',*,*,#13120,.T.);
#13118=ORIENTED_EDGE('',*,*,#13121,.T.);
#13119=ORIENTED_EDGE('',*,*,#13122,.T.);
#13120=EDGE_CURVE('',#343,#611,#13123,.F.);
#13121=EDGE_CURVE('',#611,#51,#13124,.T.);
#13122=EDGE_CURVE('',#51,#343,#13125,.T.);
#13123=LINE('',#342,#13126);
#13124=LINE('',#610,#13127);
#13125=LINE('',#50,#13128);
#13126=VECTOR('',#13129,1.0);
#13127=VECTOR('',#13130,1.0);
#13128=VECTOR('',#13131,1.0);
#13129=DIRECTION('',(0,-0.9952610800162693,-0.09723879166695246));
#13130=DIRECTION('',(0,1,0));
#13131=DIRECTION('',(0,-0.9922222142986132,0.12447922498295327));
#13132=FACE_SURFACE('',(#13137),#13133,.T.);
#13133=PLANE('',#13134);
#13134=AXIS2_PLACEMENT_3D('',#50,#13135,#13136);
#13135=DIRECTION('',(1,0,0));
#13136=DIRECTION('',(0,-0.8550216487550913,0.5185923063063367));
#13137=FACE_BOUND('',#13138,.T.);
#13138=EDGE_LOOP('',(#13139,#13140,#13141));
#13139=ORIENTED_EDGE('',*,*,#13142,.T.);
#13140=ORIENTED_EDGE('',*,*,#13143,.T.);
#13141=ORIENTED_EDGE('',*,*,#13144,.T.);
#13142=EDGE_CURVE('',#51,#345,#13145,.F.);
#13143=EDGE_CURVE('',#345,#343,#13146,.T.);
#13144=EDGE_CURVE('',#343,#51,#13147,.T.);
#13145=LINE('',#50,#13148);
#13146=LINE('',#344,#13149);
#13147=LINE('',#342,#13150);
#13148=VECTOR('',#13151,1.0);
#13149=VECTOR('',#13152,1.0);
#13150=VECTOR('',#13153,1.0);
#13151=DIRECTION('',(0,-0.8550216487550913,0.5185923063063367));
#13152=DIRECTION('',(0,0,-1));
#13153=DIRECTION('',(0,0.9922222142986132,-0.12447922498295327));
#13154=FACE_SURFACE('',(#13159),#13155,.T.);
#13155=PLANE('',#13156);
#13156=AXIS2_PLACEMENT_3D('',#52,#13157,#13158);
#13157=DIRECTION('',(-1,0,0));
#13158=DIRECTION('',(0,-1,0));
#13159=FACE_BOUND('',#13160,.T.);
#13160=EDGE_LOOP('',(#13161,#13162,#13163));
#13161=ORIENTED_EDGE('',*,*,#13164,.T.);
#13162=ORIENTED_EDGE('',*,*,#13165,.T.);
#13163=ORIENTED_EDGE('',*,*,#13166,.T.);
#13164=EDGE_CURVE('',#53,#613,#13167,.F.);
#13165=EDGE_CURVE('',#613,#353,#13168,.T.);
#13166=EDGE_CURVE('',#353,#53,#13169,.T.);
#13167=LINE('',#52,#13170);
#13168=LINE('',#612,#13171);
#13169=LINE('',#352,#13172);
#13170=VECTOR('',#13173,1.0);
#13171=VECTOR('',#13174,1.0);
#13172=VECTOR('',#13175,1.0);
#13173=DIRECTION('',(0,-1,0));
#13174=DIRECTION('',(0,0,1));
#13175=DIRECTION('',(0,0.9984949551339556,-0.054843637480020635));
#13176=FACE_SURFACE('',(#13181),#13177,.T.);
#13177=PLANE('',#13178);
#13178=AXIS2_PLACEMENT_3D('',#338,#13179,#13180);
#13179=DIRECTION('',(-1,0,0));
#13180=DIRECTION('',(0,0,1));
#13181=FACE_BOUND('',#13182,.T.);
#13182=EDGE_LOOP('',(#13183,#13184,#13185));
#13183=ORIENTED_EDGE('',*,*,#13186,.T.);
#13184=ORIENTED_EDGE('',*,*,#13187,.T.);
#13185=ORIENTED_EDGE('',*,*,#13188,.T.);
#13186=EDGE_CURVE('',#339,#347,#13189,.F.);
#13187=EDGE_CURVE('',#347,#43,#13190,.T.);
#13188=EDGE_CURVE('',#43,#339,#13191,.T.);
#13189=LINE('',#338,#13192);
#13190=LINE('',#346,#13193);
#13191=LINE('',#42,#13194);
#13192=VECTOR('',#13195,1.0);
#13193=VECTOR('',#13196,1.0);
#13194=VECTOR('',#13197,1.0);
#13195=DIRECTION('',(0,0,1));
#13196=DIRECTION('',(0,1,0));
#13197=DIRECTION('',(0,-0.9011464271220088,-0.43351484044405947));
#13198=FACE_SURFACE('',(#13203),#13199,.T.);
#13199=PLANE('',#13200);
#13200=AXIS2_PLACEMENT_3D('',#52,#13201,#13202);
#13201=DIRECTION('',(-1,0,0));
#13202=DIRECTION('',(0,-0.9984949551339556,0.054843637480020635));
#13203=FACE_BOUND('',#13204,.T.);
#13204=EDGE_LOOP('',(#13205,#13206,#13207));
#13205=ORIENTED_EDGE('',*,*,#13208,.T.);
#13206=ORIENTED_EDGE('',*,*,#13209,.T.);
#13207=ORIENTED_EDGE('',*,*,#13210,.T.);
#13208=EDGE_CURVE('',#53,#353,#13211,.F.);
#13209=EDGE_CURVE('',#353,#339,#13212,.T.);
#13210=EDGE_CURVE('',#339,#53,#13213,.T.);
#13211=LINE('',#52,#13214);
#13212=LINE('',#352,#13215);
#13213=LINE('',#338,#13216);
#13214=VECTOR('',#13217,1.0);
#13215=VECTOR('',#13218,1.0);
#13216=VECTOR('',#13219,1.0);
#13217=DIRECTION('',(0,-0.9984949551339556,0.054843637480020635));
#13218=DIRECTION('',(0,1,0));
#13219=DIRECTION('',(0,0.9922222142986132,-0.12447922498295327));
#13220=FACE_SURFACE('',(#13225),#13221,.T.);
#13221=PLANE('',#13222);
#13222=AXIS2_PLACEMENT_3D('',#52,#13223,#13224);
#13223=DIRECTION('',(-1,0,0));
#13224=DIRECTION('',(0,-0.9922222142986132,0.12447922498295327));
#13225=FACE_BOUND('',#13226,.T.);
#13226=EDGE_LOOP('',(#13227,#13228,#13229));
#13227=ORIENTED_EDGE('',*,*,#13230,.T.);
#13228=ORIENTED_EDGE('',*,*,#13231,.T.);
#13229=ORIENTED_EDGE('',*,*,#13232,.T.);
#13230=EDGE_CURVE('',#53,#339,#13233,.F.);
#13231=EDGE_CURVE('',#339,#43,#13234,.T.);
#13232=EDGE_CURVE('',#43,#53,#13235,.T.);
#13233=LINE('',#52,#13236);
#13234=LINE('',#338,#13237);
#13235=LINE('',#42,#13238);
#13236=VECTOR('',#13239,1.0);
#13237=VECTOR('',#13240,1.0);
#13238=VECTOR('',#13241,1.0);
#13239=DIRECTION('',(0,-0.9922222142986132,0.12447922498295327));
#13240=DIRECTION('',(0,0.9011464271220088,0.43351484044405947));
#13241=DIRECTION('',(0,0,-1));
#13242=FACE_SURFACE('',(#13247),#13243,.T.);
#13243=PLANE('',#13244);
#13244=AXIS2_PLACEMENT_3D('',#612,#13245,#13246);
#13245=DIRECTION('',(0,1,0));
#13246=DIRECTION('',(-1,0,0));
#13247=FACE_BOUND('',#13248,.T.);
#13248=EDGE_LOOP('',(#13249,#13250,#13251));
#13249=ORIENTED_EDGE('',*,*,#13252,.T.);
#13250=ORIENTED_EDGE('',*,*,#13253,.T.);
#13251=ORIENTED_EDGE('',*,*,#13254,.T.);
#13252=EDGE_CURVE('',#613,#611,#13255,.F.);
#13253=EDGE_CURVE('',#611,#351,#13256,.T.);
#13254=EDGE_CURVE('',#351,#613,#13257,.T.);
#13255=LINE('',#612,#13258);
#13256=LINE('',#610,#13259);
#13257=LINE('',#350,#13260);
#13258=VECTOR('',#13261,1.0);
#13259=VECTOR('',#13262,1.0);
#13260=VECTOR('',#13263,1.0);
#13261=DIRECTION('',(-1,0,0));
#13262=DIRECTION('',(0,0,1));
#13263=DIRECTION('',(0.9963802092462712,0,-0.08500869733360589));
#13264=FACE_SURFACE('',(#13269),#13265,.T.);
#13265=PLANE('',#13266);
#13266=AXIS2_PLACEMENT_3D('',#612,#13267,#13268);
#13267=DIRECTION('',(0,1,-0));
#13268=DIRECTION('',(-0.9963802092462712,0,0.08500869733360589));
#13269=FACE_BOUND('',#13270,.T.);
#13270=EDGE_LOOP('',(#13271,#13272,#13273));
#13271=ORIENTED_EDGE('',*,*,#13274,.T.);
#13272=ORIENTED_EDGE('',*,*,#13275,.T.);
#13273=ORIENTED_EDGE('',*,*,#13276,.T.);
#13274=EDGE_CURVE('',#613,#351,#13277,.F.);
#13275=EDGE_CURVE('',#351,#353,#13278,.T.);
#13276=EDGE_CURVE('',#353,#613,#13279,.T.);
#13277=LINE('',#612,#13280);
#13278=LINE('',#350,#13281);
#13279=LINE('',#352,#13282);
#13280=VECTOR('',#13283,1.0);
#13281=VECTOR('',#13284,1.0);
#13282=VECTOR('',#13285,1.0);
#13283=DIRECTION('',(-0.9963802092462712,0,0.08500869733360589));
#13284=DIRECTION('',(1,0,0));
#13285=DIRECTION('',(0,0,-1));
#13286=FACE_SURFACE('',(#13291),#13287,.T.);
#13287=PLANE('',#13288);
#13288=AXIS2_PLACEMENT_3D('',#50,#13289,#13290);
#13289=DIRECTION('',(0,0,1));
#13290=DIRECTION('',(0,-1,0));
#13291=FACE_BOUND('',#13292,.T.);
#13292=EDGE_LOOP('',(#13293,#13294,#13295));
#13293=ORIENTED_EDGE('',*,*,#13296,.T.);
#13294=ORIENTED_EDGE('',*,*,#13297,.T.);
#13295=ORIENTED_EDGE('',*,*,#13298,.T.);
#13296=EDGE_CURVE('',#51,#611,#13299,.F.);
#13297=EDGE_CURVE('',#611,#613,#13300,.T.);
#13298=EDGE_CURVE('',#613,#51,#13301,.T.);
#13299=LINE('',#50,#13302);
#13300=LINE('',#610,#13303);
#13301=LINE('',#612,#13304);
#13302=VECTOR('',#13305,1.0);
#13303=VECTOR('',#13306,1.0);
#13304=VECTOR('',#13307,1.0);
#13305=DIRECTION('',(0,-1,0));
#13306=DIRECTION('',(1,0,0));
#13307=DIRECTION('',(-0.5413106097803061,0.8408227064841157,0));
#13308=FACE_SURFACE('',(#13313),#13309,.T.);
#13309=PLANE('',#13310);
#13310=AXIS2_PLACEMENT_3D('',#50,#13311,#13312);
#13311=DIRECTION('',(-0,0,1));
#13312=DIRECTION('',(0.5413106097803061,-0.8408227064841157,0));
#13313=FACE_BOUND('',#13314,.T.);
#13314=EDGE_LOOP('',(#13315,#13316,#13317));
#13315=ORIENTED_EDGE('',*,*,#13318,.T.);
#13316=ORIENTED_EDGE('',*,*,#13319,.T.);
#13317=ORIENTED_EDGE('',*,*,#13320,.T.);
#13318=EDGE_CURVE('',#51,#613,#13321,.F.);
#13319=EDGE_CURVE('',#613,#53,#13322,.T.);
#13320=EDGE_CURVE('',#53,#51,#13323,.T.);
#13321=LINE('',#50,#13324);
#13322=LINE('',#612,#13325);
#13323=LINE('',#52,#13326);
#13324=VECTOR('',#13327,1.0);
#13325=VECTOR('',#13328,1.0);
#13326=VECTOR('',#13329,1.0);
#13327=DIRECTION('',(0.5413106097803061,-0.8408227064841157,0));
#13328=DIRECTION('',(0,1,0));
#13329=DIRECTION('',(-1,0,0));
#13330=FACE_SURFACE('',(#13335),#13331,.T.);
#13331=PLANE('',#13332);
#13332=AXIS2_PLACEMENT_3D('',#44,#13333,#13334);
#13333=DIRECTION('',(0,0,-1));
#13334=DIRECTION('',(1,0,0));
#13335=FACE_BOUND('',#13336,.T.);
#13336=EDGE_LOOP('',(#13337,#13338,#13339));
#13337=ORIENTED_EDGE('',*,*,#13340,.T.);
#13338=ORIENTED_EDGE('',*,*,#13341,.T.);
#13339=ORIENTED_EDGE('',*,*,#13342,.T.);
#13340=EDGE_CURVE('',#45,#43,#13343,.F.);
#13341=EDGE_CURVE('',#43,#347,#13344,.T.);
#13342=EDGE_CURVE('',#347,#45,#13345,.T.);
#13343=LINE('',#44,#13346);
#13344=LINE('',#42,#13347);
#13345=LINE('',#346,#13348);
#13346=VECTOR('',#13349,1.0);
#13347=VECTOR('',#13350,1.0);
#13348=VECTOR('',#13351,1.0);
#13349=DIRECTION('',(1,0,0));
#13350=DIRECTION('',(0,-1,0));
#13351=DIRECTION('',(-0.8269015602010384,0.5623466988763146,0));
#13352=FACE_SURFACE('',(#13357),#13353,.T.);
#13353=PLANE('',#13354);
#13354=AXIS2_PLACEMENT_3D('',#44,#13355,#13356);
#13355=DIRECTION('',(0,0,-1));
#13356=DIRECTION('',(0.8269015602010384,-0.5623466988763146,0));
#13357=FACE_BOUND('',#13358,.T.);
#13358=EDGE_LOOP('',(#13359,#13360,#13361));
#13359=ORIENTED_EDGE('',*,*,#13362,.T.);
#13360=ORIENTED_EDGE('',*,*,#13363,.T.);
#13361=ORIENTED_EDGE('',*,*,#13364,.T.);
#13362=EDGE_CURVE('',#45,#347,#13365,.F.);
#13363=EDGE_CURVE('',#347,#345,#13366,.T.);
#13364=EDGE_CURVE('',#345,#45,#13367,.T.);
#13365=LINE('',#44,#13368);
#13366=LINE('',#346,#13369);
#13367=LINE('',#344,#13370);
#13368=VECTOR('',#13371,1.0);
#13369=VECTOR('',#13372,1.0);
#13370=VECTOR('',#13373,1.0);
#13371=DIRECTION('',(0.8269015602010384,-0.5623466988763146,0));
#13372=DIRECTION('',(-1,0,0));
#13373=DIRECTION('',(0,1,0));
ENDSEC;
END-ISO-10303-21;
